Name,Description,final_model_importance,mean_outer_fold_importance,outer_folds_used
ENSG00000185972.5,CCIN,0.004705294,0.0070866616,4
ENSG00000225131.2,PSME2P2,0.004334332,0.011249451,4
ENSG00000238000.1,RP11-274E7.2,0.0041693463,0.006050563,4
ENSG00000164684.13,ZNF704,0.004082891,0.0,0
ENSG00000162643.12,WDR63,0.0040466455,0.0017457132,3
ENSG00000128346.10,C22orf23,0.003964584,0.00064758834,2
ENSG00000249751.3,ECSCR,0.003963561,0.0,0
ENSG00000214193.10,SH3D21,0.003782051,0.0,0
ENSG00000213996.12,TM6SF2,0.0037340526,0.003906221,3
ENSG00000153814.11,JAZF1,0.0037027716,0.0,0
ENSG00000103313.12,MEFV,0.0036804494,0.0045034406,1
ENSG00000239998.5,LILRA2,0.00367002,0.0065804287,5
ENSG00000100911.15,PSME2,0.0036340947,0.0008748906,1
ENSG00000132746.14,ALDH3B2,0.003605586,0.004604695,1
ENSG00000237938.5,RP11-288I21.1,0.0035890923,0.0,0
ENSG00000185614.4,FAM212A,0.0035545556,0.0058441223,3
ENSG00000106823.12,ECM2,0.003553298,0.0,0
ENSG00000148481.13,MINDY3,0.003536377,0.0,0
ENSG00000090554.12,FLT3LG,0.003457719,0.0,0
ENSG00000225159.1,NPM1P39,0.0034543097,0.0010371921,2
ENSG00000152217.16,SETBP1,0.0034282713,0.005769004,1
ENSG00000182890.4,GLUD2,0.0033830402,0.0009792226,2
ENSG00000232608.1,TIMM9P2,0.0033528567,0.0,0
ENSG00000275143.1,SCARNA16,0.003344071,0.00027712213,1
ENSG00000139636.15,LMBR1L,0.003282866,0.00085464894,1
ENSG00000254535.3,PABPC4L,0.0032440799,0.0057654157,2
ENSG00000110921.13,MVK,0.0032410976,0.0,0
ENSG00000198380.12,GFPT1,0.0032341257,0.0010297608,1
ENSG00000140105.17,WARS,0.0032116747,0.00042444989,1
ENSG00000196507.10,TCEAL3,0.0032100326,0.0018451245,1
ENSG00000232888.4,RPS11P5,0.0031888695,0.00016981931,1
ENSG00000213755.3,RP11-342F17.1,0.003170321,0.0,0
ENSG00000161281.10,COX7A1,0.0031565411,7.990537e-05,1
ENSG00000058056.8,USP13,0.0031377382,8.094734e-05,1
ENSG00000187942.11,LDLRAD2,0.003127282,0.0,0
ENSG00000225178.5,RPSAP58,0.0031132419,0.0,0
ENSG00000153147.5,SMARCA5,0.0031046146,0.0,0
ENSG00000241852.9,C8orf58,0.0031002543,0.006168795,2
ENSG00000172469.15,MANEA,0.0030907074,0.00022593998,1
ENSG00000101463.5,SYNDIG1,0.0030611495,0.004844908,3
ENSG00000214182.5,PTMAP5,0.0030310317,0.0,0
ENSG00000115204.14,MPV17,0.0030307458,0.0,0
ENSG00000138755.5,CXCL9,0.0030247231,0.003039422,4
ENSG00000160868.14,CYP3A4,0.0030206328,0.0003749673,1
ENSG00000121897.14,LIAS,0.003017579,0.0025430208,3
ENSG00000249741.2,RP11-673E1.3,0.0030084234,0.0033899334,1
ENSG00000243811.8,APOBEC3D,0.0029836264,0.0,0
ENSG00000171357.5,LURAP1,0.002977716,0.0,0
ENSG00000115415.18,STAT1,0.0029757426,0.0,0
ENSG00000054148.17,PHPT1,0.0029536434,0.0014847326,2
ENSG00000249532.5,RP11-148B6.1,0.0029356761,0.0005778818,1
ENSG00000157005.3,SST,0.0029275003,0.0,0
ENSG00000187257.15,RSBN1L,0.0029261706,0.0,0
ENSG00000274420.1,uc_338,0.0029200546,0.0,0
ENSG00000189369.8,GSPT2,0.0029189656,0.0,0
ENSG00000164823.9,OSGIN2,0.0029150164,0.001751845,2
ENSG00000140459.17,CYP11A1,0.0029037185,0.00040958534,1
ENSG00000138738.10,PRDM5,0.0028934702,0.0,0
ENSG00000163629.12,PTPN13,0.0028907254,0.0017357485,1
ENSG00000167210.16,LOXHD1,0.0028840653,0.00089545234,1
ENSG00000249936.3,RAC1P2,0.0028697816,0.0011379366,1
ENSG00000183111.11,ARHGEF37,0.0028555756,0.0,0
ENSG00000189184.11,PCDH18,0.0028222324,0.0,0
ENSG00000231043.3,AC007238.1,0.0027934965,0.00044510327,1
ENSG00000234222.6,LIX1L-AS1,0.002775792,0.0,0
ENSG00000232059.3,RP11-173A6.2,0.002760357,0.0019523663,2
ENSG00000223509.8,RP11-632K20.7,0.002759159,0.0,0
ENSG00000064995.16,TAF11,0.0027471967,0.0,0
ENSG00000150045.11,KLRF1,0.0027466519,0.0001241228,1
ENSG00000167554.14,ZNF610,0.0027192703,0.001025391,1
ENSG00000089127.12,OAS1,0.0027086881,0.0031910022,3
ENSG00000280137.1,RP11-297C4.6,0.0026954485,0.0,0
ENSG00000166037.10,CEP57,0.0026944743,0.00047098388,1
ENSG00000137970.7,RPL7P9,0.0026828966,0.00054326403,1
ENSG00000252906.1,SCARNA3,0.002673546,0.0005909346,2
ENSG00000168894.9,RNF181,0.0026709796,0.0,0
ENSG00000124733.3,MEA1,0.00265178,0.0,0
ENSG00000104320.13,NBN,0.0026480264,0.0,0
ENSG00000229944.3,EIF4EP2,0.0026430862,0.0009879194,2
ENSG00000131067.16,GGT7,0.0026422984,0.0,0
ENSG00000204850.4,CTB-158D10.3,0.002635508,0.0009851672,2
ENSG00000228274.3,RP3-508I15.9,0.0026299495,0.0,0
ENSG00000284567.1,MIR223,0.002627983,0.0,0
ENSG00000243970.1,PPIEL,0.0026264426,0.0,0
ENSG00000113805.8,CNTN3,0.0026069828,0.0026879853,2
ENSG00000140488.15,CELF6,0.0025818022,0.00023592488,1
ENSG00000156304.14,SCAF4,0.0025649706,0.0,0
ENSG00000117519.15,CNN3,0.0025634991,0.0,0
ENSG00000174032.16,SLC25A30,0.002557538,0.0,0
ENSG00000108666.9,C17orf75,0.0025562823,0.0,0
ENSG00000122643.18,NT5C3A,0.0025368663,0.0,0
ENSG00000175832.12,ETV4,0.002528945,0.0005321092,2
ENSG00000138182.14,KIF20B,0.0025287995,0.0,0
ENSG00000177839.6,PCDHB9,0.0024644474,0.0,0
ENSG00000161681.15,SHANK1,0.0024588227,0.0,0
ENSG00000258034.1,RP11-493P1.2,0.0024477246,0.0,0
ENSG00000249835.2,VCAN-AS1,0.0024296935,0.0013098356,2
ENSG00000168438.14,CDC40,0.0024230853,0.00012947942,1
ENSG00000137648.17,TMPRSS4,0.002415765,0.0,0
ENSG00000232385.2,RPS3AP25,0.0024095224,5.4323602e-05,1
ENSG00000259151.2,CAP2P1,0.0023991151,0.0,0
ENSG00000204428.12,LY6G5C,0.0023961565,0.0,0
ENSG00000132196.13,HSD17B7,0.0023941742,0.0,0
ENSG00000137601.16,NEK1,0.0023924615,0.0,0
ENSG00000147168.12,IL2RG,0.0023885379,0.0040032943,3
ENSG00000143842.14,SOX13,0.0023858852,0.0,0
ENSG00000008517.16,IL32,0.002378207,0.00043532322,2
ENSG00000267169.1,CTB-55O6.12,0.0023474647,0.0,0
ENSG00000114626.17,ABTB1,0.0023421876,0.0014727477,4
ENSG00000276727.1,RP11-123K3.9,0.0023117498,0.0002865103,1
ENSG00000169347.16,GP2,0.002309839,0.0,0
ENSG00000166928.10,MS4A14,0.002302809,0.0025563925,2
ENSG00000001629.9,ANKIB1,0.0022982392,0.0,0
ENSG00000148832.15,PAOX,0.0022973518,0.0,0
ENSG00000170092.14,SPDYE5,0.002281992,0.0,0
ENSG00000211804.3,TRDV1,0.0022732867,0.0,0
ENSG00000187164.19,SHTN1,0.0022670494,0.0,0
ENSG00000134716.9,CYP2J2,0.0022627874,0.0,0
ENSG00000184730.10,APOBR,0.0022552228,0.0,0
ENSG00000163424.8,C3orf30,0.00225431,0.0006138225,1
ENSG00000128165.8,ADM2,0.002242421,0.0013471155,1
ENSG00000155111.14,CDK19,0.0022422578,0.00040159622,1
ENSG00000145388.14,METTL14,0.0022377248,0.0,0
ENSG00000163618.17,CADPS,0.002237531,0.0,0
ENSG00000147586.9,MRPS28,0.0022327483,0.0047597527,2
ENSG00000144182.16,LIPT1,0.0022199533,0.0,0
ENSG00000185305.10,ARL15,0.0022192923,0.0,0
ENSG00000279434.1,RP11-85K15.3,0.0022072399,0.0,0
ENSG00000115685.14,PPP1R7,0.0022002712,0.0,0
ENSG00000135424.15,ITGA7,0.0021967343,0.0,0
ENSG00000041515.15,MYO16,0.0021909,0.0,0
ENSG00000006327.13,TNFRSF12A,0.0021869773,0.0,0
ENSG00000174669.11,SLC29A2,0.002182184,0.0019113902,2
ENSG00000125743.10,SNRPD2,0.002167318,0.0,0
ENSG00000136732.14,GYPC,0.0021557047,0.0002082397,1
ENSG00000117707.15,PROX1,0.0021526094,0.0,0
ENSG00000179913.10,B3GNT3,0.002137063,0.00029733664,1
ENSG00000016490.15,CLCA1,0.0021353331,0.000728425,1
ENSG00000108091.10,CCDC6,0.0021309562,0.0,0
ENSG00000030419.16,IKZF2,0.0021190282,0.0017982752,2
ENSG00000260528.4,FAM157C,0.0020970064,0.00036916364,1
ENSG00000157999.5,ANKRD61,0.0020967869,0.0,0
ENSG00000101608.12,MYL12A,0.0020872133,0.00015491313,2
ENSG00000123349.13,PFDN5,0.0020783413,0.00056653144,1
ENSG00000111218.11,PRMT8,0.0020774277,0.0,0
ENSG00000136770.10,DNAJC1,0.00206866,0.0,0
ENSG00000124635.8,HIST1H2BJ,0.0020677305,0.0,0
ENSG00000174944.8,P2RY14,0.0020670344,0.0,0
ENSG00000076924.11,XAB2,0.0020592695,0.00012294757,1
ENSG00000114923.16,SLC4A3,0.0020478377,0.00010055427,1
ENSG00000207493.1,SNORA46,0.0020351883,0.00022172963,1
ENSG00000268034.1,AC005795.1,0.0020324015,0.0029405518,2
ENSG00000166091.19,CMTM5,0.0020322334,0.0,0
ENSG00000232320.6,AC009299.5,0.0020305947,0.0,0
ENSG00000161265.14,U2AF1L4,0.002008823,0.0,0
ENSG00000134243.11,SORT1,0.002008817,7.471229e-06,1
ENSG00000179010.14,MRFAP1,0.0020085352,0.0,0
ENSG00000278771.1,RN7SL3,0.0020076886,0.0,0
ENSG00000129538.13,RNASE1,0.0019999326,0.0012380953,1
ENSG00000238150.1,AC008753.3,0.001992374,0.0,0
ENSG00000211945.2,IGHV1-18,0.0019877926,0.0,0
ENSG00000212588.1,SNORA26,0.001979134,0.0,0
ENSG00000197566.9,ZNF624,0.0019747578,0.0,0
ENSG00000159216.18,RUNX1,0.0019711535,0.0,0
ENSG00000185482.7,STAC3,0.0019641581,0.0,0
ENSG00000204196.5,RPL12P16,0.0019512873,0.0006568049,2
ENSG00000142910.15,TINAGL1,0.0019488519,0.0,0
ENSG00000117228.9,GBP1,0.001947754,0.0,0
ENSG00000229969.1,RP11-96C23.10,0.0019402172,0.0,0
ENSG00000214485.6,RPL7P1,0.0019398395,0.0,0
ENSG00000100373.9,UPK3A,0.0019341273,0.0,0
ENSG00000241061.3,RPL5P1,0.0019260941,0.00039952062,1
ENSG00000198736.11,MSRB1,0.0019198485,0.0,0
ENSG00000071626.16,DAZAP1,0.0019132505,0.0,0
ENSG00000145850.8,TIMD4,0.0019096938,0.0,0
ENSG00000099624.7,ATP5D,0.0019050771,0.0,0
ENSG00000224041.3,IGKV3D-15,0.0019046726,0.0,0
ENSG00000204516.9,MICB,0.0019032836,0.0,0
ENSG00000271178.1,IGHV3OR16-13,0.0019014843,0.0,0
ENSG00000097096.8,SYDE2,0.0018932971,0.0,0
ENSG00000214253.8,FIS1,0.0018909574,0.0,0
ENSG00000124201.14,ZNFX1,0.0018889981,0.0,0
ENSG00000175311.6,ANKS4B,0.0018759435,0.0,0
ENSG00000253274.1,IGHV1-67,0.0018720499,0.0,0
ENSG00000154079.5,SDHAF4,0.0018658863,0.00036663114,1
ENSG00000076554.15,TPD52,0.0018637885,0.0,0
ENSG00000149527.17,PLCH2,0.0018623737,0.0,0
ENSG00000128683.13,GAD1,0.0018621644,0.0,0
ENSG00000126262.4,FFAR2,0.0018565028,0.0,0
ENSG00000085552.16,IGSF9,0.0018216437,0.0,0
ENSG00000177106.14,EPS8L2,0.0018180745,0.0,0
ENSG00000166123.13,GPT2,0.0018178709,0.0,0
ENSG00000165055.15,METTL2B,0.0018158508,0.00021094925,1
ENSG00000171847.10,FAM90A1,0.0018155025,0.0,0
ENSG00000233954.6,UQCRHL,0.001812159,0.0,0
ENSG00000271941.1,RP11-188P20.3,0.0018087175,0.0,0
ENSG00000164379.6,FOXQ1,0.0018054883,0.00041973483,1
ENSG00000101247.17,NDUFAF5,0.0018038042,0.0005146025,1
ENSG00000063587.13,ZNF275,0.0018030879,0.0,0
ENSG00000269374.1,CTB-50E14.5,0.0017983892,0.0,0
ENSG00000165233.17,CARD19,0.0017983797,0.0,0
ENSG00000185641.6,CTD-2287O16.1,0.0017866946,0.0011899187,1
ENSG00000115009.11,CCL20,0.0017865986,0.00075511105,1
ENSG00000090238.11,YPEL3,0.0017837628,0.00033539004,1
ENSG00000115935.17,WIPF1,0.0017833655,0.0,0
ENSG00000231887.6,PRH1,0.0017689862,0.0,0
ENSG00000035928.15,RFC1,0.0017580992,0.0,0
ENSG00000147614.3,ATP6V0D2,0.0017576528,0.0,0
ENSG00000167747.13,C19orf48,0.0017538269,0.0,0
ENSG00000162391.11,FAM151A,0.0017520152,0.0032244907,3
ENSG00000170471.14,RALGAPB,0.0017477879,0.0,0
ENSG00000199405.1,SNORA1,0.0017467716,0.0,0
ENSG00000205018.2,RP11-830F9.6,0.0017464829,0.0,0
ENSG00000213402.2,PTPRCAP,0.0017422927,0.0,0
ENSG00000277224.2,HIST1H2BF,0.0017383997,0.0,0
ENSG00000275454.1,CTD-2026K11.4,0.0017312353,0.0003533255,1
ENSG00000100281.13,HMGXB4,0.0017304415,0.0,0
ENSG00000255108.1,AP006621.8,0.0017264428,0.00036595896,1
ENSG00000136943.10,CTSV,0.0017228639,0.0,0
ENSG00000111843.13,TMEM14C,0.0017165075,0.0,0
ENSG00000060140.8,STYK1,0.0017164343,0.0,0
ENSG00000103168.16,TAF1C,0.0017076631,0.0,0
ENSG00000198858.9,R3HDM4,0.0016945349,0.0,0
ENSG00000220848.4,RPS18P9,0.001684256,0.00011530086,1
ENSG00000100320.22,RBFOX2,0.0016840381,0.0,0
ENSG00000170180.19,GYPA,0.001677477,0.0,0
ENSG00000113303.11,BTNL8,0.0016736572,0.0011719773,1
ENSG00000229809.8,ZNF688,0.00166314,0.0,0
ENSG00000179934.6,CCR8,0.0016473345,0.0,0
ENSG00000152818.18,UTRN,0.0016415305,0.0,0
ENSG00000160051.11,IQCC,0.0016303677,0.0,0
ENSG00000128917.6,DLL4,0.0016260941,0.0,0
ENSG00000136371.10,MTHFS,0.0016241525,0.00011543183,1
ENSG00000116750.13,UCHL5,0.0016145097,0.00052293204,1
ENSG00000107960.10,STN1,0.0016129868,0.0,0
ENSG00000174171.5,RP11-23P13.6,0.0016026973,0.0,0
ENSG00000182952.4,HMGN4,0.001601444,0.0,0
ENSG00000170956.16,CEACAM3,0.001596982,0.00041125825,2
ENSG00000118514.13,ALDH8A1,0.0015966623,0.0,0
ENSG00000169946.13,ZFPM2,0.0015937377,0.0,0
ENSG00000109062.11,SLC9A3R1,0.0015889119,0.0,0
ENSG00000181444.12,ZNF467,0.0015873205,0.0,0
ENSG00000187118.12,CMC1,0.0015795843,0.00022983477,1
ENSG00000211896.7,IGHG1,0.001579201,0.0,0
ENSG00000230267.7,HERC2P4,0.0015777657,0.0,0
ENSG00000123411.14,IKZF4,0.0015593504,0.0,0
ENSG00000127831.10,VIL1,0.001549459,0.0,0
ENSG00000224837.1,GCSHP5,0.0015460321,0.0,0
ENSG00000125844.15,RRBP1,0.001544977,0.0,0
ENSG00000154914.16,USP43,0.001543162,0.0,0
ENSG00000166548.15,TK2,0.0015391425,0.0,0
ENSG00000125870.10,SNRPB2,0.0015360118,0.0,0
ENSG00000211951.2,IGHV2-26,0.0015315122,0.0,0
ENSG00000143520.6,FLG2,0.0015220573,0.0026010089,4
ENSG00000279080.1,CTA-228A9.4,0.0015193747,0.0,0
ENSG00000016864.18,GLT8D1,0.0015050571,0.0,0
ENSG00000149260.15,CAPN5,0.0014942983,0.0,0
ENSG00000135063.17,FAM189A2,0.0014900028,0.0,0
ENSG00000171812.12,COL8A2,0.0014860947,0.0,0
ENSG00000103042.8,SLC38A7,0.0014788011,0.0,0
ENSG00000100982.11,PCIF1,0.001474196,0.0,0
ENSG00000211653.2,IGLV1-40,0.0014734508,0.00046572118,1
ENSG00000189269.12,DRICH1,0.0014685289,0.0,0
ENSG00000129455.15,KLK8,0.0014677154,0.0,0
ENSG00000100852.12,ARHGAP5,0.00146751,0.0005055475,1
ENSG00000160789.19,LMNA,0.0014660128,0.0,0
ENSG00000165821.11,SALL2,0.0014647987,0.0,0
ENSG00000168439.16,STIP1,0.0014615306,0.0,0
ENSG00000196352.14,CD55,0.0014593224,0.0,0
ENSG00000146678.9,IGFBP1,0.001448456,0.00053984986,1
ENSG00000176092.14,AIM1L,0.00144488,0.0010818122,1
ENSG00000136689.18,IL1RN,0.0014352952,0.0,0
ENSG00000211662.2,IGLV3-21,0.0014323746,0.00037427762,1
ENSG00000274744.1,ELOA3D,0.001424431,0.0,0
ENSG00000151948.11,GLT1D1,0.0014244199,0.0,0
ENSG00000119865.8,CNRIP1,0.001423333,0.0,0
ENSG00000226784.2,PGAM4,0.0014230288,0.0,0
ENSG00000261971.6,MMP25-AS1,0.0014179702,0.0,0
ENSG00000179399.14,GPC5,0.0014165569,0.0,0
ENSG00000101842.13,VSIG1,0.0014162707,0.0,0
ENSG00000170476.15,MZB1,0.0014144472,0.0,0
ENSG00000148655.14,C10orf11,0.0014125494,0.0,0
ENSG00000224126.2,UBE2SP2,0.0014027123,0.0,0
ENSG00000133393.12,FOPNL,0.0014000913,0.00015953102,1
ENSG00000143375.14,CGN,0.0013997827,0.0,0
ENSG00000258512.1,LINC00239,0.0013966374,0.0,0
ENSG00000234118.1,RPL13AP6,0.0013950625,0.0011583057,2
ENSG00000234274.1,COX7BP2,0.0013861884,0.0,0
ENSG00000255390.1,RP11-732A19.5,0.0013843243,0.0,0
ENSG00000211809.2,TRAV27,0.0013814667,0.0002814278,1
ENSG00000131480.8,AOC2,0.0013778959,0.00052610144,1
ENSG00000124562.9,SNRPC,0.0013776595,0.00073157676,1
ENSG00000123405.13,NFE2,0.0013667158,0.00051797554,1
ENSG00000109906.13,ZBTB16,0.0013477112,0.0,0
ENSG00000180190.11,TDRP,0.0013421292,0.0,0
ENSG00000230897.1,RPS18P12,0.0013382009,0.0,0
ENSG00000231500.6,RPS18,0.001336555,0.0,0
ENSG00000116455.13,WDR77,0.0013344248,0.00054066436,2
ENSG00000274998.1,SNORA17A,0.0013344005,0.0009958665,2
ENSG00000083123.14,BCKDHB,0.0013334653,0.0,0
ENSG00000156587.15,UBE2L6,0.0013313115,0.0,0
ENSG00000239686.1,RP11-665C16.1,0.0013311447,0.0,0
ENSG00000230823.3,CBX1P1,0.0013295264,0.0,0
ENSG00000130255.12,RPL36,0.0013238668,0.0017637039,3
ENSG00000115828.15,QPCT,0.0013236804,0.0,0
ENSG00000159714.10,ZDHHC1,0.0013233743,0.0006043293,1
ENSG00000168172.8,HOOK3,0.0013156158,0.0,0
ENSG00000136830.11,FAM129B,0.0013113227,0.0014949522,2
ENSG00000206147.5,RPL23AP57,0.0013109633,0.0,0
ENSG00000260246.1,AC000032.2,0.0013081812,0.0,0
ENSG00000177885.13,GRB2,0.00130769,0.0,0
ENSG00000248015.6,AC005329.7,0.0013066407,0.00056373107,2
ENSG00000179750.15,APOBEC3B,0.0013011361,0.0,0
ENSG00000156886.11,ITGAD,0.0013006923,0.0012030087,1
ENSG00000162959.13,MEMO1,0.001297911,0.0,0
ENSG00000105612.8,DNASE2,0.0012978236,0.0,0
ENSG00000183628.12,DGCR6,0.001296432,0.0,0
ENSG00000226970.2,RP11-82H13.2,0.0012962349,0.0,0
ENSG00000186868.15,MAPT,0.0012954473,0.0,0
ENSG00000109445.10,ZNF330,0.001294257,3.9072693e-05,1
ENSG00000085978.21,ATG16L1,0.001292096,0.0,0
ENSG00000127311.9,HELB,0.0012894674,0.0,0
ENSG00000163155.11,LYSMD1,0.0012835173,0.0,0
ENSG00000181467.4,RAP2B,0.0012834811,0.0,0
ENSG00000198886.2,MT-ND4,0.0012825546,0.0,0
ENSG00000189367.14,KIAA0408,0.0012808585,0.0,0
ENSG00000196739.14,COL27A1,0.0012799661,0.0,0
ENSG00000283537.1,RP11-298A10.2,0.0012737155,0.0,0
ENSG00000005889.15,ZFX,0.0012719267,0.0,0
ENSG00000211955.2,IGHV3-33,0.0012605567,5.8050675e-05,1
ENSG00000136021.18,SCYL2,0.001259087,0.0,0
ENSG00000099139.13,PCSK5,0.0012590522,0.0,0
ENSG00000200237.1,SNORA70,0.0012587258,0.00023906268,1
ENSG00000124588.19,NQO2,0.0012530398,0.0,0
ENSG00000059804.15,SLC2A3,0.0012498825,0.0,0
ENSG00000230291.5,RP11-244J10.1,0.0012475275,0.0,0
ENSG00000185624.14,P4HB,0.001245558,0.0006261275,1
ENSG00000070269.13,TMEM260,0.0012438905,0.0,0
ENSG00000196735.11,HLA-DQA1,0.0012388531,0.0,0
ENSG00000178226.10,PRSS36,0.0012381438,0.0025476287,3
ENSG00000175356.12,SCUBE2,0.0012375995,0.00078387454,1
ENSG00000214456.8,PLIN5,0.001237011,0.0,0
ENSG00000130055.13,GDPD2,0.0012331307,0.0,0
ENSG00000243494.1,CTC-550B14.1,0.0012330634,0.0,0
ENSG00000120253.13,NUP43,0.0012321956,0.00048502238,1
ENSG00000104915.14,STX10,0.0012259977,0.0,0
ENSG00000164742.14,ADCY1,0.0012257098,0.0,0
ENSG00000169169.14,CPT1C,0.0012255239,0.0,0
ENSG00000102935.11,ZNF423,0.0012196023,0.0,0
ENSG00000187720.14,THSD4,0.0012190661,0.0,0
ENSG00000121858.10,TNFSF10,0.0012141942,0.0,0
ENSG00000146205.13,ANO7,0.001212964,0.0,0
ENSG00000143847.15,PPFIA4,0.0012109325,2.2556129e-05,1
ENSG00000254129.1,CTD-2647L4.1,0.0012108176,0.0,0
ENSG00000265218.1,RP11-927P21.1,0.001210495,0.0,0
ENSG00000271797.1,CTC-428G20.6,0.0012071922,0.0,0
ENSG00000139292.12,LGR5,0.0012045418,0.0,0
ENSG00000225200.2,AB019441.29,0.0012033387,0.0,0
ENSG00000211584.13,SLC48A1,0.0011979042,0.0,0
ENSG00000124731.12,TREM1,0.0011967273,0.0,0
ENSG00000240445.3,FOXO3B,0.0011962842,0.0029279222,2
ENSG00000166840.13,GLYATL1,0.0011955614,0.0,0
ENSG00000152229.18,PSTPIP2,0.0011926946,0.0006282776,2
ENSG00000165699.13,TSC1,0.0011893929,0.0009289314,1
ENSG00000089486.16,CDIP1,0.0011864175,0.0,0
ENSG00000185127.6,C6orf120,0.0011853016,0.0,0
ENSG00000175106.16,TVP23C,0.0011846016,0.0,0
ENSG00000161509.13,GRIN2C,0.001180991,0.00010591091,1
ENSG00000204389.9,HSPA1A,0.0011806244,0.0,0
ENSG00000144746.6,ARL6IP5,0.0011777227,0.0,0
ENSG00000206127.10,GOLGA8O,0.0011725435,0.0,0
ENSG00000129757.12,CDKN1C,0.0011723946,0.0,0
ENSG00000138303.17,ASCC1,0.0011683807,0.0015138821,2
ENSG00000228417.1,RP11-549L6.3,0.0011676694,0.00046599843,2
ENSG00000223878.1,AC005517.3,0.0011605412,0.0,0
ENSG00000237786.1,GFOD1-AS1,0.0011590342,0.0,0
ENSG00000221740.1,SNORD93,0.001154235,0.0,0
ENSG00000122986.13,HVCN1,0.0011540651,0.00013514134,1
ENSG00000172818.9,OVOL1,0.0011517348,0.0,0
ENSG00000277492.1,ACEA_U3,0.0011460516,0.0,0
ENSG00000267796.7,LIN37,0.0011443874,0.0,0
ENSG00000070718.11,AP3M2,0.001143575,7.3557662e-06,1
ENSG00000215712.10,TMEM242,0.0011378225,0.0,0
ENSG00000129691.15,ASH2L,0.0011348736,0.0012448352,1
ENSG00000104973.16,MED25,0.0011334334,0.0,0
ENSG00000239855.1,IGKV1-6,0.0011320971,0.00019472442,1
ENSG00000173692.12,PSMD1,0.0011261362,0.0,0
ENSG00000279381.1,bP-2171C21.5,0.0011205861,0.00023922903,1
ENSG00000211664.2,IGLV2-18,0.0011200046,0.00010435347,1
ENSG00000139679.15,LPAR6,0.0011169299,0.0,0
ENSG00000116095.10,PLEKHA3,0.0011138129,0.0,0
ENSG00000102038.15,SMARCA1,0.0011122274,0.000115164556,1
ENSG00000112167.9,SAYSD1,0.0011119964,0.0,0
ENSG00000119711.12,ALDH6A1,0.0011093209,0.0,0
ENSG00000101981.10,F9,0.0011067857,0.0,0
ENSG00000244607.5,CCDC13,0.0011051687,0.0,0
ENSG00000251513.2,LIX1-AS1,0.0011018224,0.0019108579,1
ENSG00000172432.18,GTPBP2,0.0011006317,0.0,0
ENSG00000115762.16,PLEKHB2,0.001097058,0.0,0
ENSG00000198246.7,SLC29A3,0.0010916231,0.0,0
ENSG00000166828.2,SCNN1G,0.0010893834,0.0,0
ENSG00000120889.12,TNFRSF10B,0.0010888017,0.0,0
ENSG00000176386.8,CDC26,0.0010875148,0.0,0
ENSG00000112303.13,VNN2,0.00108375,0.0,0
ENSG00000173638.18,SLC19A1,0.0010819287,0.0,0
ENSG00000202293.1,SNORD114-22,0.001078917,0.0,0
ENSG00000176834.13,VSIG10,0.0010747991,0.00068112137,1
ENSG00000163915.7,IGF2BP2-AS1,0.0010714814,0.0,0
ENSG00000148297.15,MED22,0.0010701073,0.0,0
ENSG00000169035.11,KLK7,0.001069623,0.0005536106,1
ENSG00000234127.8,TRIM26,0.001065054,0.0,0
ENSG00000143368.9,SF3B4,0.0010609272,0.0,0
ENSG00000140280.13,LYSMD2,0.001056951,0.0,0
ENSG00000004777.18,ARHGAP33,0.0010493775,0.0,0
ENSG00000205771.6,CATSPER2P1,0.0010471132,0.0,0
ENSG00000115594.11,IL1R1,0.0010470422,0.0,0
ENSG00000131378.13,RFTN1,0.0010454531,0.0,0
ENSG00000149489.8,ROM1,0.0010446914,0.0,0
ENSG00000196878.14,LAMB3,0.0010444478,0.0,0
ENSG00000069974.15,RAB27A,0.0010336853,0.0,0
ENSG00000211645.2,IGLV1-50,0.0010332635,0.0,0
ENSG00000283293.1,RN7SK,0.0010298034,0.0,0
ENSG00000199568.1,RNU5A-1,0.0010294071,0.0,0
ENSG00000139438.5,FAM222A,0.0010290524,0.0,0
ENSG00000169242.11,EFNA1,0.0010276557,0.0,0
ENSG00000197813.5,CTC-301O7.4,0.0010269455,0.0,0
ENSG00000080823.22,MOK,0.0010207758,0.0,0
ENSG00000167716.18,WDR81,0.0010174086,0.0,0
ENSG00000111799.20,COL12A1,0.001011166,0.0,0
ENSG00000175315.2,CST6,0.0010065658,0.0,0
ENSG00000114638.7,UPK1B,0.001006094,0.0,0
ENSG00000242262.1,RP11-100N21.1,0.0010057645,0.000528485,2
ENSG00000125363.14,AMELX,0.0010039062,0.0,0
ENSG00000115523.16,GNLY,0.0010036969,0.0,0
ENSG00000155846.16,PPARGC1B,0.0010025911,0.0,0
ENSG00000221988.12,PPT2,0.0010013214,0.0,0
ENSG00000139146.13,FAM60A,0.0009997333,0.0,0
ENSG00000167476.10,JSRP1,0.0009991368,0.0,0
ENSG00000181904.8,C5orf24,0.000996849,0.0,0
ENSG00000119682.16,AREL1,0.0009947673,0.00012723202,1
ENSG00000169727.12,GPS1,0.0009881445,0.0,0
ENSG00000201185.1,RNA5SP202,0.0009866261,0.0,0
ENSG00000259933.6,RP11-304L19.1,0.0009854785,0.0,0
ENSG00000129173.12,E2F8,0.0009820531,0.0,0
ENSG00000244414.6,CFHR1,0.0009766326,0.0,0
ENSG00000273703.1,HIST1H2BM,0.0009726952,0.0,0
ENSG00000171564.11,FGB,0.00097182376,0.00091022963,1
ENSG00000143443.9,C1orf56,0.0009668946,0.0,0
ENSG00000132821.11,VSTM2L,0.00096289866,0.0009650217,1
ENSG00000099834.18,CDHR5,0.00096221775,0.0,0
ENSG00000123143.12,PKN1,0.00095318473,0.0,0
ENSG00000241350.1,PMS2P11,0.00095149747,0.0,0
ENSG00000234241.1,RP4-775C13.1,0.0009513638,0.0,0
ENSG00000141258.12,SGSM2,0.0009478735,0.0,0
ENSG00000156650.12,KAT6B,0.0009437493,0.0,0
ENSG00000113558.18,SKP1,0.0009425536,0.0,0
ENSG00000211638.2,IGLV8-61,0.00094125804,0.0,0
ENSG00000240787.1,RP11-615J4.4,0.00094063877,0.0,0
ENSG00000115339.13,GALNT3,0.00093308557,0.0,0
ENSG00000220157.4,HNRNPA1P12,0.00093141256,0.00038872566,1
ENSG00000246575.2,AC093162.5,0.0009296412,0.0,0
ENSG00000228407.2,RP4-800M22.1,0.00092643284,0.0,0
ENSG00000260621.1,RP11-413H22.2,0.00092627754,0.0,0
ENSG00000197894.10,ADH5,0.0009161251,0.0,0
ENSG00000196371.3,FUT4,0.0009156543,0.0,0
ENSG00000204652.6,RPS26P8,0.0009152444,0.0,0
ENSG00000100027.14,YPEL1,0.0009125174,0.0,0
ENSG00000130822.15,PNCK,0.0009104628,0.0,0
ENSG00000110696.9,C11orf58,0.00090513536,0.002123796,3
ENSG00000226963.1,AC078883.4,0.0009044468,0.0,0
ENSG00000188993.3,LRRC66,0.0009005514,0.0,0
ENSG00000091732.15,ZC3HC1,0.0008997417,0.0,0
ENSG00000154978.12,VOPP1,0.00089830515,0.0,0
ENSG00000196787.3,HIST1H2AG,0.0008934933,0.0,0
ENSG00000121594.11,CD80,0.00089238764,0.0,0
ENSG00000187527.10,ATP13A5,0.0008877131,0.00107295,2
ENSG00000161395.13,PGAP3,0.000885912,0.0,0
ENSG00000171051.8,FPR1,0.0008739923,0.0,0
ENSG00000233913.7,RPL10P9,0.0008731879,0.0,0
ENSG00000169297.7,NR0B1,0.0008727981,0.0,0
ENSG00000076826.9,CAMSAP3,0.0008699354,0.0,0
ENSG00000173914.11,RBM4B,0.00086918985,0.0,0
ENSG00000189350.12,TOGARAM2,0.0008690472,0.0,0
ENSG00000139644.12,TMBIM6,0.0008675952,0.0,0
ENSG00000162493.16,PDPN,0.00086699077,0.0,0
ENSG00000120306.9,CYSTM1,0.00086375396,0.0,0
ENSG00000225976.5,CKS1BP2,0.00086018146,0.0,0
ENSG00000073737.16,DHRS9,0.00085991237,0.0,0
ENSG00000267681.1,CTD-3199J23.6,0.0008585437,0.0,0
ENSG00000173193.13,PARP14,0.0008582658,0.0,0
ENSG00000255987.1,TOMM20P2,0.0008572338,0.0,0
ENSG00000137171.14,KLC4,0.00085560186,0.0,0
ENSG00000196566.2,RP11-57C13.3,0.00085419,0.0,0
ENSG00000132530.16,XAF1,0.00085379864,0.0,0
ENSG00000164944.11,KIAA1429,0.0008525366,0.00039859914,1
ENSG00000211632.4,IGKV3D-11,0.00085210183,0.0,0
ENSG00000132639.12,SNAP25,0.0008483604,0.0,0
ENSG00000229893.2,AC004549.6,0.00084635284,0.0,0
ENSG00000261691.1,LA16c-366D1.3,0.0008420786,0.0,0
ENSG00000117090.14,SLAMF1,0.00084145274,0.0,0
ENSG00000271806.1,RP5-892K4.1,0.00084098673,0.0,0
ENSG00000086506.2,HBQ1,0.0008405283,0.0,0
ENSG00000197746.13,PSAP,0.00083975,0.0,0
ENSG00000105290.11,APLP1,0.0008345429,0.0001709643,1
ENSG00000167131.16,CCDC103,0.00082654215,0.0,0
ENSG00000246477.3,AF131216.6,0.0008253039,0.00047382334,1
ENSG00000081189.15,MEF2C,0.0008215893,0.0,0
ENSG00000103241.6,FOXF1,0.0008200165,0.0,0
ENSG00000280704.1,U3,0.0008199084,0.0,0
ENSG00000176269.3,OR4F21,0.0008154814,0.0,0
ENSG00000265936.1,RP11-563H6.1,0.0008133947,0.0,0
ENSG00000211670.2,IGLV3-9,0.0008129863,0.0,0
ENSG00000091656.15,ZFHX4,0.0008115618,0.0,0
ENSG00000274554.1,RP11-240G22.5,0.0008062613,0.0,0
ENSG00000230409.3,TCEA1P2,0.000805723,0.0005344228,1
ENSG00000176054.6,RPL23P2,0.0008029064,0.0,0
ENSG00000166526.16,ZNF3,0.00080022134,0.0,0
ENSG00000196323.12,ZBTB44,0.0007966157,0.0,0
ENSG00000005073.5,HOXA11,0.00079639646,0.0,0
ENSG00000212994.5,RPS26P6,0.0007960736,0.0,0
ENSG00000100154.14,TTC28,0.00079441053,0.0,0
ENSG00000104969.9,SGTA,0.00079390465,0.0,0
ENSG00000259950.1,RP11-170L3.4,0.00079251477,0.0,0
ENSG00000178585.14,CTNNBIP1,0.00078617514,0.0,0
ENSG00000198715.11,GLMP,0.0007860085,0.0011936666,1
ENSG00000162736.15,NCSTN,0.00078554347,0.0,0
ENSG00000163209.14,SPRR3,0.000781416,0.00035037036,2
ENSG00000240463.1,RPS19P3,0.0007769097,0.0,0
ENSG00000134248.13,LAMTOR5,0.00077430985,0.0,0
ENSG00000233476.3,EEF1A1P6,0.00077347335,0.0,0
ENSG00000185437.13,SH3BGR,0.0007733051,0.0,0
ENSG00000202566.4,MIR421,0.0007714216,0.0006310327,1
ENSG00000215417.12,MIR17HG,0.0007708703,0.0,0
ENSG00000127080.9,IPPK,0.00076978555,0.0,0
ENSG00000117143.13,UAP1,0.0007652092,0.0,0
ENSG00000270016.1,RP11-932O9.8,0.0007647997,0.0,0
ENSG00000233016.6,SNHG7,0.0007613324,0.0,0
ENSG00000167525.13,PROCA1,0.00075413636,0.0,0
ENSG00000141084.10,RANBP10,0.00075302325,0.0,0
ENSG00000137757.10,CASP5,0.0007487543,0.0,0
ENSG00000238961.1,SNORA47,0.00074874633,0.0,0
ENSG00000127249.14,ATP13A4,0.0007483756,0.0,0
ENSG00000140368.12,PSTPIP1,0.00074755255,0.0,0
ENSG00000213079.9,SCAF8,0.0007471546,0.0,0
ENSG00000101082.13,SLA2,0.0007427334,0.0,0
ENSG00000171984.14,C20orf196,0.0007422071,0.0,0
ENSG00000147257.13,GPC3,0.00073642423,0.0,0
ENSG00000052344.15,PRSS8,0.00073324435,5.0497685e-05,1
ENSG00000115919.14,KYNU,0.00073273305,0.0,0
ENSG00000180879.13,SSR4,0.0007301089,0.0,0
ENSG00000162702.7,ZNF281,0.00072989665,0.0,0
ENSG00000188807.12,TMEM201,0.0007253677,3.966233e-05,1
ENSG00000145685.13,LHFPL2,0.00072480406,0.0,0
ENSG00000212452.1,SNORD69,0.00072029006,0.0,0
ENSG00000232186.1,RP11-311P8.2,0.0007196747,0.0,0
ENSG00000159335.15,PTMS,0.000716375,0.0,0
ENSG00000126775.8,ATG14,0.00071371597,0.0,0
ENSG00000085741.12,WNT11,0.0007093804,0.0,0
ENSG00000166689.15,PLEKHA7,0.00070919597,0.0,0
ENSG00000182324.6,KCNJ14,0.00070590293,0.0,0
ENSG00000173559.12,NABP1,0.00069980347,0.0,0
ENSG00000016082.14,ISL1,0.0006983113,0.0,0
ENSG00000108590.10,MED31,0.00069099123,0.0,0
ENSG00000128610.11,FEZF1,0.00068877405,0.0,0
ENSG00000156171.14,DRAM2,0.0006868557,0.0,0
ENSG00000123992.18,DNPEP,0.00068532303,0.0,0
ENSG00000244730.1,RP13-1056D16.2,0.00068291795,0.0,0
ENSG00000188677.14,PARVB,0.00067642675,7.175507e-05,1
ENSG00000166710.17,B2M,0.0006736747,0.0,0
ENSG00000260466.1,RP4-536B24.2,0.00067313353,0.0,0
ENSG00000111713.2,GYS2,0.00066983385,0.0,0
ENSG00000163867.16,ZMYM6,0.0006673714,0.0,0
ENSG00000154928.16,EPHB1,0.0006659881,0.0,0
ENSG00000259471.1,LINC01169,0.000663879,0.0,0
ENSG00000166575.16,TMEM135,0.0006622287,0.0,0
ENSG00000188157.14,AGRN,0.0006575477,0.0,0
ENSG00000172250.14,SERHL,0.0006544961,0.0,0
ENSG00000119522.16,DENND1A,0.00063388183,0.0,0
ENSG00000163249.11,CCNYL1,0.000631922,0.0,0
ENSG00000065923.9,SLC9A7,0.0006253446,0.0,0
ENSG00000100083.18,GGA1,0.0006249379,0.0,0
ENSG00000164985.14,PSIP1,0.0006180606,0.0008147114,1
ENSG00000213432.2,RPL17P34,0.0006168877,0.0,0
ENSG00000252481.1,SCARNA13,0.00061336206,0.0,0
ENSG00000234136.1,AC055764.1,0.00061333476,0.0,0
ENSG00000280198.1,RP11-384M20.1,0.0006118814,0.0,0
ENSG00000023330.14,ALAS1,0.0006108972,0.0,0
ENSG00000163701.18,IL17RE,0.0006065172,0.0,0
ENSG00000256745.1,RP11-680H20.1,0.00060634443,0.0,0
ENSG00000167487.11,KLHL26,0.00060507207,0.0,0
ENSG00000078699.21,CBFA2T2,0.00060253806,0.0,0
ENSG00000134461.15,ANKRD16,0.0005972758,0.0,0
ENSG00000157693.14,TMEM268,0.0005915095,0.0,0
ENSG00000273090.1,RP11-78I14.1,0.0005820302,0.0,0
ENSG00000273841.4,TAF9,0.00057963585,0.0,0
ENSG00000226701.1,RPL15P14,0.0005789612,0.0,0
ENSG00000114573.9,ATP6V1A,0.0005781121,0.0,0
ENSG00000241923.2,RPL14P3,0.0005712669,0.0005128494,1
ENSG00000211941.3,IGHV3-11,0.000569987,0.0,0
ENSG00000144560.14,VGLL4,0.0005698665,0.0,0
ENSG00000170482.16,SLC23A1,0.00056808954,0.0,0
ENSG00000279928.2,ABC7-43046700E7.1,0.0005658347,0.0,0
ENSG00000179674.3,ARL14,0.0005634571,0.0,0
ENSG00000156052.10,GNAQ,0.0005593674,0.0,0
ENSG00000072210.18,ALDH3A2,0.0005586196,0.0,0
ENSG00000205754.10,SLCO1B7,0.00055441837,0.0,0
ENSG00000008128.22,CDK11A,0.0005510138,0.0,0
ENSG00000146374.13,RSPO3,0.0005486675,0.0,0
ENSG00000090382.6,LYZ,0.00054749515,0.0,0
ENSG00000161013.16,MGAT4B,0.00054687983,0.0,0
ENSG00000109929.9,SC5D,0.0005462837,0.0,0
ENSG00000278601.1,RP11-348N5.9,0.00054244825,0.0,0
ENSG00000164978.17,NUDT2,0.0005410824,0.0,0
ENSG00000198879.11,SFMBT2,0.0005405972,0.0,0
ENSG00000057294.14,PKP2,0.0005391076,0.0,0
ENSG00000116035.2,VAX2,0.00053868693,0.0,0
ENSG00000100739.10,BDKRB1,0.00053865573,0.0,0
ENSG00000204514.9,ZNF814,0.0005359983,0.0,0
ENSG00000170027.6,YWHAG,0.0005252056,0.0,0
ENSG00000227495.1,AC109333.10,0.00052395486,0.0,0
ENSG00000198237.8,RP11-98J23.2,0.00052087096,0.0,0
ENSG00000171867.16,PRNP,0.0005160177,0.0,0
ENSG00000169884.13,WNT10B,0.0005147839,0.0,0
ENSG00000115556.13,PLCD4,0.00051029556,0.0,0
ENSG00000264673.1,RP11-92B11.3,0.0005020434,0.0,0
ENSG00000130768.14,SMPDL3B,0.0005018741,0.0,0
ENSG00000118946.11,PCDH17,0.00049774215,0.0,0
ENSG00000205923.3,CEMP1,0.00049499754,0.0,0
ENSG00000112799.8,LY86,0.00049062347,0.0,0
ENSG00000151466.11,SCLT1,0.00048451495,0.0,0
ENSG00000137460.8,FHDC1,0.00048020968,0.0,0
ENSG00000201998.1,SNORA23,0.00047906302,0.0,0
ENSG00000101152.10,DNAJC5,0.0004789324,0.0,0
ENSG00000170790.4,OR10A2,0.00047658518,0.0,0
ENSG00000164305.18,CASP3,0.0004720241,0.00037128845,1
ENSG00000213699.8,SLC35F6,0.00046459248,0.0,0
ENSG00000258645.2,HSPE1P2,0.00045658086,0.0,0
ENSG00000167755.14,KLK6,0.0004550675,0.0,0
ENSG00000103089.8,FA2H,0.00045296515,0.0,0
ENSG00000158125.9,XDH,0.0004421301,0.0,0
ENSG00000244122.2,UGT1A7,0.0004347473,0.00022165608,1
ENSG00000234203.1,RP5-1050D4.2,0.0004328228,0.0,0
ENSG00000220988.1,SNORD88C,0.0004319312,0.0,0
ENSG00000214541.3,RPS4XP3,0.00042647848,0.0,0
ENSG00000131899.10,LLGL1,0.00042269332,0.0,0
ENSG00000263272.1,CTC-524C5.2,0.00042155187,0.0,0
ENSG00000198873.11,GRK5,0.00042118964,0.0,0
ENSG00000143543.14,JTB,0.0004158059,0.0,0
ENSG00000197935.6,ZNF311,0.00040719367,0.0,0
ENSG00000229204.3,PTGES3P3,0.00040271468,0.0,0
ENSG00000231292.6,IGKV1OR2-108,0.00039919297,0.0,0
ENSG00000128833.12,MYO5C,0.00039826793,0.0,0
ENSG00000090097.21,PCBP4,0.00039673687,0.0,0
ENSG00000169271.2,HSPB3,0.00038268024,0.0,0
ENSG00000131849.11,ZNF132,0.00038200547,0.0,0
ENSG00000223802.7,CERS1,0.0003812782,0.0,0
ENSG00000163931.15,TKT,0.0003672546,0.0,0
ENSG00000152591.12,DSPP,0.00033885686,0.0,0
ENSG00000189339.11,SLC35E2B,0.00033346182,0.0,0
ENSG00000102098.17,SCML2,0.00033326054,0.000896854,2
ENSG00000269855.2,RNF225,0.00032913173,0.00084450265,1
ENSG00000137101.12,CD72,0.00032821795,0.0,0
ENSG00000130762.14,ARHGEF16,0.000323959,0.0,0
ENSG00000198155.5,ZNF876P,0.00031322797,0.0,0
ENSG00000135709.12,KIAA0513,0.0003126636,0.0,0
ENSG00000087111.20,PIGS,0.00031140863,0.0,0
ENSG00000137434.11,C6orf52,0.0003112057,0.0,0
ENSG00000147140.15,NONO,0.00031109943,0.0,0
ENSG00000184349.12,EFNA5,0.00030995393,0.0,0
ENSG00000140943.16,MBTPS1,0.0002969419,0.0,0
ENSG00000101470.9,TNNC2,0.00029621142,0.0013804279,1
ENSG00000149177.12,PTPRJ,0.0002955986,0.0,0
ENSG00000104522.15,TSTA3,0.0002857495,0.0,0
ENSG00000144406.18,UNC80,0.00028252217,0.0,0
ENSG00000147138.1,GPR174,0.00027616252,0.0,0
ENSG00000073614.12,KDM5A,0.00027494808,0.0,0
ENSG00000009950.15,MLXIPL,0.00026685343,0.0,0
ENSG00000258429.1,PDF,0.0002612601,0.0,0
ENSG00000138413.13,IDH1,0.00026099145,0.0,0
ENSG00000160200.17,CBS,0.00025665754,0.0,0
ENSG00000241769.7,LINC00893,0.00025342032,0.00061876804,1
ENSG00000139832.4,RAB20,0.00025208134,0.0,0
ENSG00000162572.20,SCNN1D,0.00025089472,0.0,0
ENSG00000242435.1,UPK3BP1,0.00024966878,0.0,0
ENSG00000212304.1,SNORD12,0.00024765468,0.0,0
ENSG00000197121.14,PGAP1,0.00024585478,0.0,0
ENSG00000119669.4,IRF2BPL,0.00024151802,0.0,0
ENSG00000149403.12,GRIK4,0.00024131124,0.0,0
ENSG00000253132.1,IGHV3-62,0.00024002345,0.0005510334,1
ENSG00000096746.17,HNRNPH3,0.00023936025,0.0,0
ENSG00000123892.11,RAB38,0.00023407383,0.0,0
ENSG00000213443.2,RP11-75L1.2,0.00023053554,0.0,0
ENSG00000158481.12,CD1C,0.000228311,0.0,0
ENSG00000177685.16,CRACR2B,0.00022665059,0.0012440002,2
ENSG00000256879.1,RP11-284H19.1,0.00022407083,0.0002645938,1
ENSG00000169629.11,RGPD8,0.00022390291,0.0,0
ENSG00000167578.17,RAB4B,0.0002217251,0.0,0
ENSG00000102837.6,OLFM4,0.0002202736,0.0,0
ENSG00000132669.12,RIN2,0.00021896909,0.0,0
ENSG00000197142.10,ACSL5,0.00021789242,0.0,0
ENSG00000253910.2,PCDHGB2,0.0002167393,0.0,0
ENSG00000168612.4,ZSWIM1,0.00021530996,0.0,0
ENSG00000104870.12,FCGRT,0.0002145247,0.0,0
ENSG00000141524.15,TMC6,0.00020592834,0.0,0
ENSG00000232956.8,SNHG15,0.00020357134,0.0,0
ENSG00000067221.13,STOML1,0.00019843274,0.0,0
ENSG00000113657.12,DPYSL3,0.00019827991,0.0,0
ENSG00000134343.12,ANO3,0.0001919004,0.0,0
ENSG00000167378.8,IRGQ,0.00018900412,0.0,0
ENSG00000218537.1,MIF-AS1,0.00018815527,0.0,0
ENSG00000146463.11,ZMYM4,0.0001819178,0.0,0
ENSG00000135114.12,OASL,0.00017939025,0.0,0
ENSG00000120251.18,GRIA2,0.00017753063,0.0,0
ENSG00000109458.8,GAB1,0.00017600188,0.0,0
ENSG00000088038.17,CNOT3,0.0001709748,0.0,0
ENSG00000179627.9,ZBTB42,0.00014895585,0.00057505356,2
ENSG00000152582.13,SPEF2,0.00014634228,0.0,0
ENSG00000244398.1,RP11-466H18.1,0.000140066,0.0,0
ENSG00000272153.1,RP1-286D6.5,0.00014003244,0.0,0
ENSG00000103154.9,NECAB2,0.00013708368,0.0,0
ENSG00000224448.1,GS1-259H13.7,0.0001304128,0.0,0
ENSG00000117877.10,CD3EAP,0.00012887087,0.0,0
ENSG00000180015.12,RP11-756P10.3,0.00012413891,0.0,0
ENSG00000173137.11,ADCK5,0.00011742172,0.0,0
ENSG00000174428.16,GTF2IRD2B,0.00010534084,0.0,0
ENSG00000177946.5,CENPBD1,8.7992266e-05,0.0,0
ENSG00000170004.16,CHD3,8.6721375e-05,0.0,0
ENSG00000228325.5,IGKV3D-7,8.313591e-05,0.0,0
ENSG00000148677.6,ANKRD1,7.7770004e-05,0.0,0
ENSG00000236397.3,DDX11L2,7.582177e-05,0.0,0
ENSG00000211952.3,IGHV4-28,6.905992e-05,0.0,0
ENSG00000211745.3,TRBV4-2,6.6791756e-05,0.0,0
ENSG00000166140.17,ZFYVE19,6.0616312e-05,0.0,0
ENSG00000172638.12,EFEMP2,4.2188596e-05,0.0,0
ENSG00000108588.13,CCDC47,4.1470208e-05,0.0,0
ENSG00000198355.4,PIM3,3.703375e-05,0.0,0
ENSG00000157020.17,SEC13,3.387208e-05,0.0,0
ENSG00000270550.1,IGHV3-30,0.0,0.0,0
ENSG00000176903.4,PNMA1,0.0,8.8345e-05,1
ENSG00000100596.6,SPTLC2,0.0,0.0,0
ENSG00000100591.7,AHSA1,0.0,0.0,0
ENSG00000151445.15,VIPAS39,0.0,0.0,0
ENSG00000211947.2,IGHV3-21,0.0,0.0,0
ENSG00000165555.9,NOXRED1,0.0,0.0,0
ENSG00000211970.3,IGHV4-61,0.0,0.0,0
ENSG00000100601.9,ALKBH1,0.0,0.0,0
ENSG00000156030.13,ELMSAN1,0.0,0.0,0
ENSG00000119673.14,ACOT2,0.0,0.0,0
ENSG00000100583.4,SAMD15,0.0,0.0,0
ENSG00000258944.1,RP4-647C14.3,0.0,0.0,0
ENSG00000211956.2,IGHV4-34,0.0,0.0,0
ENSG00000119608.12,PROX2,0.0,0.0,0
ENSG00000063761.15,ADCK1,0.0,0.0,0
ENSG00000133961.19,NUMB,0.0,0.0,0
ENSG00000211949.3,IGHV3-23,0.0,0.0,0
ENSG00000119689.14,DLST,0.0,0.0,0
ENSG00000119630.13,PGF,0.0,0.0005438226,1
ENSG00000258732.1,RP11-603B24.1,0.0,0.0,0
ENSG00000119705.9,SLIRP,0.0,0.0,0
ENSG00000258646.1,RP11-950C14.3,0.0,0.0,0
ENSG00000231475.3,IGHV4-31,0.0,0.0,0
ENSG00000177465.4,ACOT4,0.0,0.0,0
ENSG00000211950.2,IGHV1-24,0.0,0.0,0
ENSG00000100603.13,SNW1,0.0,0.0,0
ENSG00000184227.7,ACOT1,0.0,0.0,0
ENSG00000119684.15,MLH3,0.0,0.0,0
ENSG00000119681.11,LTBP2,0.0,0.0,0
ENSG00000119718.10,EIF2B2,0.0,0.0,0
ENSG00000258425.1,CTD-2207P18.1,0.0,0.0,0
ENSG00000239272.1,RPL21P10,0.0,0.0,0
ENSG00000170468.7,RIOX1,0.0,0.0,0
ENSG00000187105.8,HEATR4,0.0,0.0,0
ENSG00000198208.11,RPS6KL1,0.0,0.0,0
ENSG00000199480.1,RNA5SP389,0.0,0.0,0
ENSG00000165898.13,ISCA2,0.0,0.0,0
ENSG00000119661.14,DNAL1,0.0,0.0,0
ENSG00000278263.2,RP11-294C11.2,0.0,0.0,0
ENSG00000165548.10,TMEM63C,0.0,8.3284875e-05,1
ENSG00000140043.11,PTGR2,0.0,0.0,0
ENSG00000187097.12,ENTPD5,0.0,0.0,0
ENSG00000119650.12,IFT43,0.0,0.0,0
ENSG00000211976.2,IGHV3-73,0.0,0.0,0
ENSG00000156127.6,BATF,0.0,0.0,0
ENSG00000119655.10,NPC2,0.0,0.0,0
ENSG00000224650.2,IGHV3-74,0.0,0.0,0
ENSG00000211968.3,IGHV1-58,0.0,0.0,0
ENSG00000224373.3,IGHV4-59,0.0,0.0,0
ENSG00000100580.7,TMED8,0.0,0.0,0
ENSG00000119699.7,TGFB3,0.0,0.0,0
ENSG00000119616.11,FCF1,0.0,0.0,0
ENSG00000211966.2,IGHV5-51,0.0,0.0,0
ENSG00000258876.1,RP11-270M14.5,0.0,0.0,0
ENSG00000211965.4,IGHV3-49,0.0,0.0,0
ENSG00000089916.17,GPATCH2L,0.0,0.0,0
ENSG00000119688.20,ABCD4,0.0,0.0,0
ENSG00000119636.15,BBOF1,0.0,0.0,0
ENSG00000224721.1,AC007182.6,0.0,0.0,0
ENSG00000211973.2,IGHV1-69,0.0,0.0,0
ENSG00000225698.3,IGHV3-72,0.0,0.0,0
ENSG00000274576.2,IGHV2-70,0.0,0.0,0
ENSG00000211974.3,IGHV2-70D,0.0,0.0,0
ENSG00000119686.9,FLVCR2,0.0,0.0,0
ENSG00000280411.1,IGHV1-69D,0.0,0.0,0
ENSG00000281990.1,IGHV1-69-2,0.0,0.0,0
ENSG00000211967.3,IGHV3-53,0.0,0.0,0
ENSG00000133935.6,C14orf1,0.0,0.0,0
ENSG00000205659.10,LIN52,0.0,0.0,0
ENSG00000282600.2,IGHV3-69-1,0.0,8.736097e-05,1
ENSG00000119685.19,TTLL5,0.0,0.0,0
ENSG00000242951.1,RP11-507E23.1,0.0,0.0,0
ENSG00000254395.1,IGHV4-55,0.0,0.0,0
ENSG00000242952.1,RPSAP3,0.0,0.0,0
ENSG00000071246.10,VASH1,0.0,0.0,0
ENSG00000211978.2,IGHV5-78,0.0,0.0,0
ENSG00000198894.7,CIPC,0.0,0.0,0
ENSG00000119640.8,ACYP1,0.0,0.0,0
ENSG00000180229.12,HERC2P3,0.0,0.0,0
ENSG00000119703.13,ZC2HC1C,0.0,0.0,0
ENSG00000259337.4,IGHV1OR15-2,0.0,0.00020816791,1
ENSG00000119638.12,NEK9,0.0,0.0,0
ENSG00000211957.2,IGHV3-35,0.0,0.0,0
ENSG00000119725.18,ZNF410,0.0,0.0,0
ENSG00000211946.3,IGHV3-20,0.0,7.919791e-05,1
ENSG00000100577.18,GSTZ1,0.0,0.0,0
ENSG00000258978.1,HIF1AP1,0.0,0.0,0
ENSG00000009830.11,POMT2,0.0,0.0,0
ENSG00000211959.2,IGHV4-39,0.0,0.0,0
ENSG00000223648.4,IGHV3-64,0.0,0.0,0
ENSG00000170348.8,TMED10,0.0,0.0,0
ENSG00000232216.1,IGHV3-43,0.0,0.0001168555,1
ENSG00000140044.12,JDP2,0.0,0.0,0
ENSG00000211961.3,IGHV1-45,0.0,0.0,0
ENSG00000241081.1,RP11-488C13.1,0.0,0.0,0
ENSG00000258891.1,RP5-1021I20.5,0.0,0.0,0
ENSG00000258769.1,RAP1AP,0.0,0.0,0
ENSG00000156050.8,FAM161B,0.0,0.0,0
ENSG00000119723.16,COQ6,0.0,0.0,0
ENSG00000283944.1,MIR4709,0.0,9.4674484e-05,1
ENSG00000211979.2,IGHV7-81,0.0,0.0,0
ENSG00000283906.1,IGHV4-80,0.0,0.0,0
ENSG00000211962.2,IGHV1-46,0.0,0.0,0
ENSG00000170345.9,FOS,0.0,0.0,0
ENSG00000211964.3,IGHV3-48,0.0,9.49253e-05,1
ENSG00000013523.9,ANGEL1,0.0,0.0,0
ENSG00000211972.2,IGHV3-66,0.0,0.0,0
ENSG00000119596.17,YLPM1,0.0,0.0,0
ENSG00000166165.12,CKB,0.0,0.0,0
ENSG00000253883.1,IGHV3-19,0.0,0.0,0
ENSG00000205476.8,CCDC85C,0.0,0.0,0
ENSG00000066629.16,EML1,0.0,0.0,0
ENSG00000196405.12,EVL,0.0,0.0011751518,1
ENSG00000168350.7,DEGS2,0.0,0.00011890931,1
ENSG00000100811.12,YY1,0.0,0.0,0
ENSG00000197119.12,SLC25A29,0.0,0.0,0
ENSG00000184887.13,BTBD6,0.0,0.0,0
ENSG00000185024.16,BRF1,0.0,0.0,0
ENSG00000140107.10,SLC25A47,0.0,6.1276376e-05,1
ENSG00000183828.14,NUDT14,0.0,0.0,0
ENSG00000258666.1,RP11-638I2.8,0.0,0.0,0
ENSG00000258581.2,RP11-638I2.10,0.0,0.0,0
ENSG00000176473.13,WDR25,0.0,0.0,0
ENSG00000258500.2,CTD-2062F14.2,0.0,0.0,0
ENSG00000273778.1,MIR6765,0.0,0.0,0
ENSG00000184916.8,JAG2,0.0,0.0,0
ENSG00000183484.11,GPR132,0.0,0.0,0
ENSG00000185559.13,DLK1,0.0,0.0,0
ENSG00000170779.10,CDCA4,0.0,0.0,0
ENSG00000214548.14,MEG3,0.0,0.0,0
ENSG00000254656.1,RTL1,0.0,0.0,0
ENSG00000275662.1,SNORD112,0.0,0.0,0
ENSG00000201672.1,SNORD113-4,0.0,0.0,0
ENSG00000200215.3,SNORD113-6,0.0,0.0,0
ENSG00000182218.9,HHIPL1,0.0,0.00021621566,1
ENSG00000090061.17,CCNK,0.0,0.0,0
ENSG00000100767.15,PAPLN,0.0,0.0,0
ENSG00000183576.12,SETD3,0.0,0.0,0
ENSG00000240914.1,RPL15P2,0.0,0.0,0
ENSG00000211890.3,IGHA2,0.0,0.0,0
ENSG00000100697.14,DICER1,0.0,0.0,0
ENSG00000165959.11,CLMN,0.0,0.0,0
ENSG00000176438.12,SYNE3,0.0,0.0,0
ENSG00000182512.4,GLRX5,0.0,0.0,0
ENSG00000227051.6,C14orf132,0.0,0.0,0
ENSG00000184986.10,TMEM121,0.0,0.0,0
ENSG00000258788.3,CKS1BP1,0.0,0.0,0
ENSG00000185347.17,C14orf80,0.0,1.7077946e-06,1
ENSG00000213145.9,CRIP1,0.0,0.0,0
ENSG00000182809.10,CRIP2,0.0,0.0,0
ENSG00000182979.17,MTA1,0.0,0.0,0
ENSG00000066739.11,ATG2B,0.0,0.0,0
ENSG00000100744.14,GSKIP,0.0,0.0,0
ENSG00000226174.6,TEX22,0.0,0.0,0
ENSG00000140057.8,AK7,0.0,0.0,0
ENSG00000090060.17,PAPOLA,0.0,0.0,0
ENSG00000179364.13,PACS2,0.0,0.0,0
ENSG00000100749.7,VRK1,0.0,0.0,0
ENSG00000232573.1,RPL3P4,0.0,0.0007050982,1
ENSG00000234648.1,AL162151.3,0.0,0.0,0
ENSG00000127152.17,BCL11B,0.0,0.0,0
ENSG00000200632.1,SNORD113-7,0.0,0.00012679861,1
ENSG00000140104.13,C14orf79,0.0,0.0,0
ENSG00000196136.17,SERPINA3,0.0,0.0,0
ENSG00000166183.15,ASPG,0.0,0.0,0
ENSG00000100865.14,CINP,0.0,0.0,0
ENSG00000196663.15,TECPR2,0.0,0.0,0
ENSG00000156411.9,C14orf2,0.0,0.0,0
ENSG00000089902.9,RCOR1,0.0,0.0,0
ENSG00000270591.1,RP11-73M18.11,0.0,0.0,0
ENSG00000230988.3,RPL23AP11,0.0,0.0,0
ENSG00000131323.14,TRAF3,0.0,0.0,0
ENSG00000166126.10,AMN,0.0,0.00041852202,1
ENSG00000198752.10,CDC42BPB,0.0,0.0,0
ENSG00000259515.1,RP11-365N19.2,0.0,0.0,0
ENSG00000205436.7,EXOC3L4,0.0,0.0,0
ENSG00000088808.16,PPP1R13B,0.0,0.0,0
ENSG00000100711.13,ZFYVE21,0.0,0.0,0
ENSG00000126215.13,XRCC3,0.0,0.0,0
ENSG00000259717.1,LINC00677,0.0,0.0,0
ENSG00000256053.7,APOPT1,0.0,0.0,0
ENSG00000126214.21,KLC1,0.0,0.0,0
ENSG00000166170.9,BAG5,0.0,0.0,0
ENSG00000185215.8,TNFAIP2,0.0,0.0,0
ENSG00000100664.10,EIF5,0.0,0.0,0
ENSG00000272533.1,SNORA28,0.0,0.0,0
ENSG00000075413.17,MARK3,0.0,0.0,0
ENSG00000244691.1,RPL10AP1,0.0,0.0,0
ENSG00000156414.18,TDRD9,0.0,0.0,0
ENSG00000066735.14,KIF26A,0.0,0.0,0
ENSG00000200367.1,SNORD113-8,0.0,0.0,0
ENSG00000022976.15,ZNF839,0.0,0.0,0
ENSG00000185567.6,AHNAK2,0.0,0.0,0
ENSG00000201950.1,SNORD113-9,0.0,0.0,0
ENSG00000199575.1,SNORD114-1,0.0,0.0,0
ENSG00000166428.12,PLD4,0.0,0.0,0
ENSG00000200823.1,SNORD114-2,0.0,0.0,0
ENSG00000201839.1,SNORD114-3,0.0,0.0,0
ENSG00000099814.15,CEP170B,0.0,0.0,0
ENSG00000199798.1,SNORD114-5,0.0,0.0,0
ENSG00000202270.1,SNORD114-12,0.0,0.0,0
ENSG00000142208.15,AKT1,0.0,0.0,0
ENSG00000199593.1,SNORD114-14,0.0,0.0,0
ENSG00000201569.1,SNORD114-17,0.0,0.0,0
ENSG00000258430.1,RP11-982M15.2,0.0,0.0,0
ENSG00000211582.1,MIR758,0.0,0.0,0
ENSG00000184990.12,SIVA1,0.0,0.0,0
ENSG00000241494.1,RP11-796G6.1,0.0,0.0,0
ENSG00000185100.10,ADSSL1,0.0,0.0,0
ENSG00000078304.19,PPP2R5C,0.0,0.0,0
ENSG00000203485.12,INF2,0.0,0.0,0
ENSG00000197102.10,DYNC1H1,0.0,0.0,0
ENSG00000258959.1,RP11-1017G21.4,0.0,0.0,0
ENSG00000080824.18,HSP90AA1,0.0,0.0,0
ENSG00000140153.17,WDR20,0.0,0.0,0
ENSG00000133937.4,GSC,0.0,0.0,0
ENSG00000211891.5,IGHE,0.0,0.0,0
ENSG00000021645.18,NRXN3,0.0,0.0,0
ENSG00000165533.18,TTC8,0.0,0.0,0
ENSG00000258920.1,FOXN3-AS1,0.0,0.0,0
ENSG00000140025.15,EFCAB11,0.0,0.0,0
ENSG00000042088.13,TDP1,0.0,0.0,0
ENSG00000100764.13,PSMC1,0.0,0.0,0
ENSG00000119720.17,NRDE2,0.0,0.0,0
ENSG00000242571.1,RPL21P11,0.0,0.0,0
ENSG00000198668.10,CALM1,0.0,0.0,0
ENSG00000211938.2,IGHV3-7,0.0,0.0,0
ENSG00000211937.3,IGHV2-5,0.0,0.0,0
ENSG00000282122.1,IGHV7-4-1,0.0,0.00010569252,1
ENSG00000276775.1,IGHV4-4,0.0,0.0,0
ENSG00000165914.14,TTC7B,0.0,0.0,0
ENSG00000213315.5,CTD-3035D6.1,0.0,0.0,0
ENSG00000100784.10,RPS6KA5,0.0,0.0,0
ENSG00000211935.3,IGHV1-3,0.0,0.0,0
ENSG00000211934.3,IGHV1-2,0.0,0.0,0
ENSG00000211933.2,IGHV6-1,0.0,0.0,0
ENSG00000133943.20,C14orf159,0.0,0.0,0
ENSG00000226777.7,FAM30A,0.0,0.0,0
ENSG00000211931.1,IGHD2-2,0.0,0.0,0
ENSG00000221102.1,SNORA11B,0.0,0.0,0
ENSG00000119714.10,GPR68,0.0,0.0,0
ENSG00000258875.5,CTD-2547L24.3,0.0,0.0,0
ENSG00000053254.15,FOXN3,0.0,0.0,0
ENSG00000282639.1,IGHV3-64D,0.0,0.0,0
ENSG00000100796.17,PPP4R3A,0.0,0.0,0
ENSG00000165521.15,EML5,0.0,0.0,0
ENSG00000211943.2,IGHV3-15,0.0,0.0,0
ENSG00000211448.11,DIO2,0.0,0.0013403895,1
ENSG00000100629.16,CEP128,0.0,0.0,0
ENSG00000253709.1,IGHV1-14,0.0,0.0,0
ENSG00000211942.3,IGHV3-13,0.0,0.00019497574,1
ENSG00000258452.1,RP11-757H14.2,0.0,0.00010737112,1
ENSG00000165409.16,TSHR,0.0,0.0,0
ENSG00000165417.11,GTF2A1,0.0,0.0,0
ENSG00000254174.1,IGHV1-12,0.0,0.0,0
ENSG00000221303.1,SNORA79,0.0,0.0,0
ENSG00000140022.9,STON2,0.0,0.0,0
ENSG00000242163.1,RP11-299L17.1,0.0,0.00085476704,1
ENSG00000258605.1,DYNLL1P2,0.0,0.0,0
ENSG00000071537.13,SEL1L,0.0,0.0,0
ENSG00000185070.10,FLRT2,0.0,0.0,0
ENSG00000054983.16,GALC,0.0,0.0,0
ENSG00000259096.1,FAM35CP,0.0,0.0,0
ENSG00000140030.5,GPR65,0.0,0.0,0
ENSG00000258407.1,RP11-300J18.2,0.0,0.0,0
ENSG00000042317.16,SPATA7,0.0,0.0,0
ENSG00000070778.12,PTPN21,0.0,0.0,0
ENSG00000100722.18,ZC3H14,0.0,0.0,0
ENSG00000282651.2,IGHV5-10-1,0.0,0.0,0
ENSG00000015133.18,CCDC88C,0.0,0.0,0
ENSG00000133962.7,CATSPERB,0.0,0.0,0
ENSG00000188488.13,SERPINA5,0.0,0.0,0
ENSG00000153485.5,TMEM251,0.0,0.0,0
ENSG00000211900.2,IGHJ6,0.0,0.0,0
ENSG00000012963.14,UBR7,0.0,0.0,0
ENSG00000011114.14,BTBD7,0.0,0.0,0
ENSG00000133958.13,UNC79,0.0,0.0,0
ENSG00000211899.9,IGHM,0.0,0.0,0
ENSG00000211898.7,IGHD,0.0,0.0,0
ENSG00000100628.11,ASB2,0.0,0.0,0
ENSG00000089723.9,OTUB2,0.0,0.0,0
ENSG00000089737.16,DDX24,0.0,0.0,0
ENSG00000211897.8,IGHG3,0.0,0.0,0
ENSG00000165948.10,IFI27L1,0.0,0.0,0
ENSG00000165949.12,IFI27,0.0,0.0,0
ENSG00000119632.3,IFI27L2,0.0,0.0016489215,1
ENSG00000211895.4,IGHA1,0.0,0.002652275,3
ENSG00000253755.1,IGHGP,0.0,0.0,0
ENSG00000119698.11,PPP4R4,0.0,0.0,0
ENSG00000140093.9,SERPINA10,0.0,0.0,0
ENSG00000170099.5,SERPINA6,0.0,0.0,0
ENSG00000211893.3,IGHG2,0.0,0.0,0
ENSG00000197249.13,SERPINA1,0.0,0.0,0
ENSG00000186910.3,SERPINA11,0.0,0.0,0
ENSG00000211892.3,IGHG4,0.0,0.0,0
ENSG00000100665.11,SERPINA4,0.0,0.0,0
ENSG00000170270.4,GON7,0.0,0.0,0
ENSG00000165943.4,MOAP1,0.0,0.0,0
ENSG00000268295.1,POLR3GP1,0.0,0.0,0
ENSG00000242472.1,IGHJ5,0.0,0.0,0
ENSG00000258774.1,NANOGP7,0.0,0.0,0
ENSG00000165929.12,TC2N,0.0,0.0,0
ENSG00000140092.14,FBLN5,0.0,0.0,0
ENSG00000166166.12,TRMT61A,0.0,0.0,0
ENSG00000100815.12,TRIP11,0.0,0.0,0
ENSG00000211924.1,IGHD3-9,0.0,0.0,0
ENSG00000259020.3,RP11-529H20.3,0.0,0.0,0
ENSG00000066427.21,ATXN3,0.0,0.0,0
ENSG00000211923.1,IGHD3-10,0.0,0.0,0
ENSG00000183648.9,NDUFB1,0.0,0.0,0
ENSG00000211918.1,IGHD2-15,0.0,0.0,0
ENSG00000165934.12,CPSF2,0.0,0.0,0
ENSG00000211917.1,IGHD3-16,0.0,0.0,0
ENSG00000211911.1,IGHD3-22,0.0,0.0,0
ENSG00000211905.1,IGHJ1,0.0,0.0,0
ENSG00000211904.2,IGHJ2,0.0,0.0010689141,1
ENSG00000100599.15,RIN3,0.0,0.002947589,1
ENSG00000100600.14,LGMN,0.0,0.0,0
ENSG00000242887.1,IGHJ3,0.0,0.0,0
ENSG00000066455.12,GOLGA5,0.0,0.0,0
ENSG00000240041.1,IGHJ4,0.0,0.0,0
ENSG00000100604.12,CHGA,0.0,0.0,0
ENSG00000100605.16,ITPK1,0.0,0.0,0
ENSG00000211930.1,IGHD3-3,0.0,1.5069029e-05,1
ENSG00000227232.5,WASH7P,0.0,0.0,0
ENSG00000080815.18,PSEN1,0.0,0.0,0
ENSG00000211787.1,TRAV8-3,0.0,0.0,0
ENSG00000165804.15,ZNF219,0.0,0.0,0
ENSG00000165801.9,ARHGEF40,0.0,0.00011702887,1
ENSG00000165799.4,RNASE7,0.0,0.0,0
ENSG00000165795.23,NDRG2,0.0,0.0,0
ENSG00000258471.1,RP11-84C10.4,0.0,0.00040412592,1
ENSG00000165792.17,METTL17,0.0,0.0,0
ENSG00000169385.2,RNASE2,0.0,0.0,0
ENSG00000169413.2,RNASE6,0.0,0.0,0
ENSG00000258451.1,RP11-903H12.3,0.0,0.0,0
ENSG00000214274.9,ANG,0.0,0.0,0
ENSG00000258818.3,RNASE4,0.0,0.0,0
ENSG00000258908.1,RP11-203M5.8,0.0,0.0,0
ENSG00000198805.11,PNP,0.0,0.0,0
ENSG00000165782.10,TMEM55B,0.0,0.0,0
ENSG00000100823.11,APEX1,0.0,0.0,0
ENSG00000092199.17,HNRNPC,0.0,0.0,0
ENSG00000092200.12,RPGRIP1,0.0,0.0,0
ENSG00000092201.9,SUPT16H,0.0,0.0,0
ENSG00000211776.2,TRAV2,0.0,0.0,0
ENSG00000211785.1,TRAV12-1,0.0,0.0,0
ENSG00000211784.2,TRAV10,0.0,0.0,0
ENSG00000211780.3,TRAV6,0.0,0.0,0
ENSG00000211779.3,TRAV5,0.0,0.0,0
ENSG00000211778.2,TRAV4,0.0,0.0,0
ENSG00000211777.2,TRAV3,0.0,0.0,0
ENSG00000256553.1,TRAV1-2,0.0,0.0,0
ENSG00000100888.12,CHD8,0.0,0.0,0
ENSG00000255569.1,TRAV1-1,0.0,0.0,0
ENSG00000165819.11,METTL3,0.0,0.0,0
ENSG00000092203.13,TOX4,0.0,0.0,0
ENSG00000129472.13,RAB2B,0.0,0.0,0
ENSG00000200785.1,SNORD8,0.0,0.0,0
ENSG00000199436.1,SNORD9,0.0,0.0,0
ENSG00000258515.1,RP11-203M5.7,0.0,0.0,0
ENSG00000092094.10,OSGEP,0.0,0.0,0
ENSG00000129566.12,TEP1,0.0,0.0,0
ENSG00000126218.11,F10,0.0,0.0,0
ENSG00000139835.13,GRTP1,0.0,0.0,0
ENSG00000185896.10,LAMP1,0.0,0.0,0
ENSG00000139842.14,CUL4A,0.0,0.0,0
ENSG00000126226.21,PCID2,0.0,0.0,0
ENSG00000269125.1,RP11-98F14.11,0.0,0.0,0
ENSG00000126231.13,PROZ,0.0,0.0,0
ENSG00000126217.20,MCF2L,0.0,0.0,0
ENSG00000150401.14,DCUN1D2,0.0,0.0,0
ENSG00000068650.18,ATP11A,0.0,0.0,0
ENSG00000126216.13,TUBGCP3,0.0,0.0,0
ENSG00000153495.10,TEX29,0.0,0.0,0
ENSG00000102606.17,ARHGEF7,0.0,0.0,0
ENSG00000088448.14,ANKRD10,0.0,0.0,0
ENSG00000153487.12,ING1,0.0,0.0,0
ENSG00000225083.1,GRTP1-AS1,0.0,0.0,0
ENSG00000150403.17,TMCO3,0.0,0.0,0
ENSG00000129484.13,PARP2,0.0,0.0,0
ENSG00000198824.5,CHAMP1,0.0,0.0,0
ENSG00000277209.1,RPPH1,0.0,0.0,0
ENSG00000259001.3,RPPH1,0.0,0.0,0
ENSG00000100814.17,CCNB1IP1,0.0,0.0,0
ENSG00000136319.11,TTC5,0.0,0.0,0
ENSG00000187537.13,POTEG,0.0,0.0,0
ENSG00000260615.1,RPL23AP97,0.0,0.0,0
ENSG00000169062.14,UPF3A,0.0,0.0,0
ENSG00000198176.12,TFDP1,0.0,1.0481871e-06,1
ENSG00000130177.14,CDC16,0.0,0.00040025925,1
ENSG00000185989.10,RASA3,0.0,0.0,0
ENSG00000183087.14,GAS6,0.0,0.0,0
ENSG00000233695.2,GAS6-AS1,0.0,0.0,0
ENSG00000184497.12,TMEM255B,0.0,0.0,0
ENSG00000186009.4,ATP4B,0.0,0.0,0
ENSG00000211786.3,TRAV8-2,0.0,0.0,0
ENSG00000211788.2,TRAV13-1,0.0,0.0,0
ENSG00000100908.13,EMC9,0.0,0.0,0
ENSG00000211789.2,TRAV12-2,0.0,0.0,0
ENSG00000258643.5,BCL2L2-PABPN1,0.0,0.0,0
ENSG00000129473.9,BCL2L2,0.0,0.0,0
ENSG00000215271.7,HOMEZ,0.0,0.0,0
ENSG00000092068.19,SLC7A8,0.0,0.0,0
ENSG00000179933.5,C14orf119,0.0,0.0,0
ENSG00000100813.14,ACIN1,0.0,0.0,0
ENSG00000139880.19,CDH24,0.0,0.0,0
ENSG00000100804.18,PSMB5,0.0,0.0,0
ENSG00000100802.14,C14orf93,0.0,0.0,0
ENSG00000129474.15,AJUBA,0.0,0.0,0
ENSG00000092036.18,HAUS4,0.0,0.0,0
ENSG00000100462.15,PRMT5,0.0,0.0,0
ENSG00000237054.9,PRMT5-AS1,0.0,0.0,0
ENSG00000100461.17,RBM23,0.0,0.0,0
ENSG00000197324.8,LRP10,0.0,0.0004829655,1
ENSG00000100836.10,PABPN1,0.0,0.0,0
ENSG00000092096.16,SLC22A17,0.0,0.0,0
ENSG00000100842.12,EFS,0.0,0.0,0
ENSG00000215256.3,DHRS4-AS1,0.0,0.0,0
ENSG00000139914.6,FITM1,0.0,0.0,0
ENSG00000100897.17,DCAF11,0.0,0.0,0
ENSG00000100889.11,PCK2,0.0,0.0,0
ENSG00000186648.14,CARMIL3,0.0,0.0,0
ENSG00000187630.15,DHRS4L2,0.0,0.0,0
ENSG00000157326.18,DHRS4,0.0,0.0,0
ENSG00000100867.14,DHRS2,0.0,0.0,0
ENSG00000092054.12,MYH7,0.0,0.0,0
ENSG00000258727.1,RP11-66N24.3,0.0,0.0,0
ENSG00000213983.11,AP1G2,0.0,0.0,0
ENSG00000259431.5,THTPA,0.0,0.0,0
ENSG00000136367.13,ZFHX2,0.0,0.0,0
ENSG00000157306.14,ZFHX2-AS1,0.0,0.0,0
ENSG00000129460.15,NGDN,0.0,0.0,0
ENSG00000157227.12,MMP14,0.0,0.00032281608,1
ENSG00000172590.18,MRPL52,0.0,0.0,0
ENSG00000155465.18,SLC7A7,0.0,0.0,0
ENSG00000211797.2,TRAV17,0.0,0.00043467985,1
ENSG00000211805.1,TRAV24,0.0,0.0,0
ENSG00000211803.2,TRAV23DV6,0.0,0.0,0
ENSG00000211802.3,TRAV22,0.0,0.0,0
ENSG00000211801.3,TRAV21,0.0,0.0,0
ENSG00000211800.3,TRAV20,0.0,0.0,0
ENSG00000211799.3,TRAV19,0.0,0.0,0
ENSG00000211796.1,TRAV16,0.0,0.0,0
ENSG00000211807.3,TRAV26-1,0.0,0.0,0
ENSG00000211795.3,TRAV8-6,0.0,0.0,0
ENSG00000211794.3,TRAV12-3,0.0,0.0,0
ENSG00000211793.2,TRAV9-2,0.0,0.0,0
ENSG00000211792.2,TRAV14DV4,0.0,0.0,0
ENSG00000211791.2,TRAV13-2,0.0,0.0,0
ENSG00000211790.2,TRAV8-4,0.0,0.0,0
ENSG00000211806.2,TRAV25,0.0,0.0,0
ENSG00000211810.3,TRAV29DV5,0.0,0.0,0
ENSG00000155463.12,OXA1L,0.0,0.0,0
ENSG00000211841.1,TRAJ48,0.0,0.0,0
ENSG00000100439.10,ABHD4,0.0,0.0,0
ENSG00000129562.10,DAD1,0.0,0.00030756422,1
ENSG00000277734.7,TRAC,0.0,0.0,0
ENSG00000211883.1,TRAJ6,0.0,0.0,0
ENSG00000278661.1,TRAJ37,0.0,0.0,0
ENSG00000211847.1,TRAJ42,0.0,0.0,0
ENSG00000211829.9,TRDC,0.0,0.0,0
ENSG00000211812.1,TRAV26-2,0.0,0.0,0
ENSG00000211825.1,TRDJ1,0.0,0.00031662823,1
ENSG00000211820.1,TRAV41,0.0,0.0,0
ENSG00000211818.1,TRAV39,0.0,0.0,0
ENSG00000211817.2,TRAV38-2DV8,0.0,0.0,0
ENSG00000211816.2,TRAV38-1,0.0,0.0,0
ENSG00000211815.3,TRAV36DV7,0.0,0.0,0
ENSG00000134905.16,CARS2,0.0,0.0,0
ENSG00000213995.11,NAXD,0.0,0.0,0
ENSG00000232814.2,COL4A2-AS1,0.0,0.0,0
ENSG00000224821.5,COL4A2-AS2,0.0,0.0,0
ENSG00000136100.12,VPS36,0.0,0.0,0
ENSG00000136114.15,THSD1,0.0,0.0,0
ENSG00000136098.16,NEK3,0.0,0.0,0
ENSG00000197168.11,NEK5,0.0,0.0,0
ENSG00000253797.2,UTP14C,0.0,0.0,0
ENSG00000253710.2,ALG11,0.0,0.0,0
ENSG00000236044.1,FABP5P2,0.0,0.0,0
ENSG00000123191.14,ATP7B,0.0,0.0,0
ENSG00000232872.2,CTAGE3P,0.0,0.0,0
ENSG00000102796.10,DHRS12,0.0,0.0,0
ENSG00000139668.8,WDFY2,0.0,0.0,0
ENSG00000224892.6,RPS4XP16,0.0,0.0,0
ENSG00000102786.14,INTS6,0.0,0.0,0
ENSG00000253309.6,SERPINE3,0.0,0.0,0
ENSG00000123201.14,GUCY1B2,0.0,0.0,0
ENSG00000136108.14,CKAP2,0.0,0.0,0
ENSG00000139675.11,HNRNPA1L2,0.0,0.0,0
ENSG00000165416.14,SUGT1,0.0,0.0,0
ENSG00000276644.4,DACH1,0.0,0.00020698649,1
ENSG00000102554.13,KLF5,0.0,0.0,0
ENSG00000083535.15,PIBF1,0.0,0.0,0
ENSG00000083520.14,DIS3,0.0,0.0,0
ENSG00000136122.15,BORA,0.0,0.0,0
ENSG00000204899.5,MZT1,0.0,0.0,0
ENSG00000236534.1,H3F3BP1,0.0,0.0,0
ENSG00000236565.3,HNRNPA3P5,0.0,0.0,0
ENSG00000136110.12,CNMD,0.0,0.0,0
ENSG00000280165.1,PCDH20,0.0,0.0,0
ENSG00000083544.13,TDRD3,0.0,0.0,0
ENSG00000227528.5,DIAPH3-AS1,0.0,0.000825873,1
ENSG00000139734.17,DIAPH3,0.0,0.0,0
ENSG00000278722.1,RP11-95F22.1,0.0,0.0,0
ENSG00000136149.6,RPL13AP25,0.0,0.0,0
ENSG00000136104.19,RNASEH2B,0.0,0.0,0
ENSG00000223676.1,RPL34P26,0.0,0.0015013395,1
ENSG00000232150.3,ST13P4,0.0,0.0,0
ENSG00000139684.13,ESD,0.0,0.0,0
ENSG00000139687.13,RB1,0.0,0.0,0
ENSG00000136156.12,ITM2B,0.0,0.0,0
ENSG00000229111.1,MED4-AS1,0.0,0.0,0
ENSG00000136146.14,MED4,0.0,0.0,0
ENSG00000136159.3,NUDT15,0.0,0.0,0
ENSG00000136143.14,SUCLA2,0.0,0.0,0
ENSG00000136141.14,LRCH1,0.0,0.0,0
ENSG00000136161.12,RCBTB2,0.0,0.0,0
ENSG00000102445.18,RUBCNL,0.0,0.0,0
ENSG00000173988.12,LRRC63,0.0,0.0,0
ENSG00000136167.13,LCP1,0.0,0.0,0
ENSG00000080618.13,CPB2,0.0,0.0,0
ENSG00000123200.16,ZC3H13,0.0,0.0,0
ENSG00000136152.14,COG3,0.0,0.0,0
ENSG00000177197.7,PCNPP5,0.0,0.0,0
ENSG00000152207.7,CYSLTR2,0.0,0.0,0
ENSG00000273541.1,DLEU1_2,0.0,5.367083e-05,1
ENSG00000123179.13,EBPL,0.0,0.0,0
ENSG00000276089.1,DLEU1_1,0.0,0.0,0
ENSG00000277913.1,DLEU2_1,0.0,0.0,0
ENSG00000198553.8,KCNRG,0.0,0.0,0
ENSG00000204977.9,TRIM13,0.0,0.0,0
ENSG00000123178.14,SPRYD7,0.0,0.0,0
ENSG00000102753.9,KPNA3,0.0,0.0,0
ENSG00000152213.3,ARL11,0.0,0.0,0
ENSG00000102531.16,FNDC3A,0.0,0.0,0
ENSG00000136144.11,RCBTB1,0.0,0.0,0
ENSG00000136147.17,PHF11,0.0,0.0,0
ENSG00000136169.16,SETDB2,0.0,0.0,0
ENSG00000102547.18,CAB39L,0.0,0.0,0
ENSG00000102543.14,CDADC1,0.0,0.0,0
ENSG00000235957.1,COX7CP1,0.0,0.0,0
ENSG00000118922.17,KLF12,0.0,0.0,0
ENSG00000136111.12,TBC1D4,0.0,0.0,0
ENSG00000188243.12,COMMD6,0.0,0.0,0
ENSG00000175198.15,PCCA,0.0,0.0,0
ENSG00000198542.13,ITGBL1,0.0,0.0,0
ENSG00000102452.15,NALCN,0.0,0.0,0
ENSG00000237082.1,COX5BP6,0.0,0.0,0
ENSG00000125247.15,TMTC4,0.0,0.0,0
ENSG00000234354.3,RPS26P47,0.0,5.3212192e-05,1
ENSG00000228501.2,RPL15P18,0.0,0.0,0
ENSG00000043355.11,ZIC2,0.0,0.0,0
ENSG00000276012.1,RP11-397O8.7,0.0,0.0,0
ENSG00000125246.15,CLYBL,0.0,0.0,0
ENSG00000125304.8,TM9SF2,0.0,0.0,0
ENSG00000207719.1,MIR623,0.0,0.0,0
ENSG00000169508.6,GPR183,0.0,0.0,0
ENSG00000125245.12,GPR18,0.0,0.0,0
ENSG00000218502.3,H2AFZP3,0.0,0.0,0
ENSG00000102466.15,FGF14,0.0,0.0,0
ENSG00000134900.11,TPP2,0.0,0.0,0
ENSG00000231981.3,RPL7L1P12,0.0,0.0,0
ENSG00000204442.3,FAM155A,0.0,0.0,0
ENSG00000134871.17,COL4A2,0.0,0.0,0
ENSG00000187498.14,COL4A1,0.0,0.0,0
ENSG00000185950.8,IRS2,0.0,0.0,0
ENSG00000102524.11,TNFSF13B,0.0,0.0,0
ENSG00000139826.5,ABHD13,0.0,0.0,0
ENSG00000174405.13,LIG4,0.0,0.0,0
ENSG00000174408.8,PPIAP24,0.0,0.0,0
ENSG00000151287.16,TEX30,0.0,7.129661e-05,1
ENSG00000134884.13,ARGLU1,0.0,0.0,0
ENSG00000125266.6,EFNB2,0.0,0.0,0
ENSG00000134899.18,ERCC5,0.0,0.0,0
ENSG00000270181.2,BIVM-ERCC5,0.0,0.0,0
ENSG00000134897.13,BIVM,0.0,0.0,0
ENSG00000134901.12,KDELC1,0.0,0.0,0
ENSG00000134882.15,UBAC2,0.0,0.0,0
ENSG00000088387.18,DOCK9,0.0,0.0,0
ENSG00000118939.17,UCHL3,0.0,0.0,0
ENSG00000139737.21,SLAIN1,0.0,0.0,0
ENSG00000136158.11,SPRY2,0.0,0.0,0
ENSG00000102471.13,NDFIP2,0.0,0.0,0
ENSG00000139746.15,RBM26,0.0,0.0,0
ENSG00000152193.7,RNF219,0.0,0.0,0
ENSG00000234377.7,RNF219-AS1,0.0,0.0,0
ENSG00000136160.14,EDNRB,0.0,0.0,0
ENSG00000136155.16,SCEL,0.0,0.0,0
ENSG00000225530.1,SP3P,0.0,0.0,0
ENSG00000005810.17,MYCBP2,0.0,0.0,0
ENSG00000236051.7,MYCBP2-AS1,0.0,0.0,0
ENSG00000005812.10,FBXL3,0.0,0.0,0
ENSG00000102805.14,CLN5,0.0,0.0,0
ENSG00000178695.5,KCTD12,0.0,0.0,0
ENSG00000136153.19,LMO7,0.0,0.0,0
ENSG00000184564.8,SLITRK6,0.0,0.0,0
ENSG00000183098.10,GPC6,0.0,0.00010268526,1
ENSG00000088386.16,SLC15A1,0.0,0.00017146513,1
ENSG00000139793.18,MBNL2,0.0,0.0,0
ENSG00000102572.14,STK24,0.0,0.0,0
ENSG00000231194.1,FARP1-AS1,0.0,0.0,0
ENSG00000139797.7,RNF113B,0.0,0.0,0
ENSG00000152767.16,FARP1,0.0,0.0,0
ENSG00000065150.18,IPO5,0.0,0.0,0
ENSG00000125249.6,RAP2A,0.0,0.0,0
ENSG00000102595.19,UGGT2,0.0,0.0,0
ENSG00000088451.10,TGDS,0.0,0.0,0
ENSG00000102580.14,DNAJC3,0.0,0.0,0
ENSG00000134874.17,DZIP1,0.0,0.0,0
ENSG00000134873.9,CLDN10,0.0,0.0,0
ENSG00000125257.13,ABCC4,0.0,0.0,0
ENSG00000125285.5,SOX21,0.0,0.0,0
ENSG00000152749.7,GPR180,0.0,0.0,0
ENSG00000092010.14,PSME1,0.0,0.0,0
ENSG00000259321.1,RP11-468E2.5,0.0,0.0,0
ENSG00000258448.1,RP11-109N23.5,0.0,0.0,0
ENSG00000258824.2,CTD-2555O16.2,0.0,0.0,0
ENSG00000020426.10,MNAT1,0.0,0.0,0
ENSG00000100625.8,SIX4,0.0,0.0,0
ENSG00000126778.8,SIX1,0.0,0.0,0
ENSG00000258427.3,RBM8B,0.0,0.0,0
ENSG00000100614.17,PPM1A,0.0,0.0,0
ENSG00000100612.13,DHRS7,0.0,0.0011146613,1
ENSG00000126773.12,PCNX4,0.0,0.0,0
ENSG00000139970.16,RTN1,0.0,0.0,0
ENSG00000050130.17,JKAMP,0.0,0.0,0
ENSG00000126790.11,L3HYPDH,0.0,0.0,0
ENSG00000100592.15,DAAM1,0.0,0.0,0
ENSG00000258734.2,RP11-112J1.3,0.0,0.0,0
ENSG00000213598.4,RP11-112J1.1,0.0,0.0,0
ENSG00000165617.14,DACT1,0.0,0.0,0
ENSG00000258900.1,HNRNPCP1,0.0,1.0961865e-05,1
ENSG00000258445.3,RP11-307P22.1,0.0,0.0,0
ENSG00000126814.6,TRMT5,0.0,0.0,0
ENSG00000258656.1,RP11-193F5.4,0.0,0.0,0
ENSG00000154001.13,PPP2R5E,0.0,0.0,0
ENSG00000234911.1,TEX21P,0.0,0.0,0
ENSG00000054654.16,SYNE2,0.0,0.0,0
ENSG00000126821.7,SGPP1,0.0,0.0,0
ENSG00000258800.1,CTD-2302E22.2,0.0,0.0,0
ENSG00000140006.11,WDR89,0.0,0.0,0
ENSG00000270878.1,CTD-2302E22.5,0.0,0.0,0
ENSG00000126785.12,RHOJ,0.0,0.0,0
ENSG00000139974.15,SLC38A6,0.0,0.0,0
ENSG00000023608.4,SNAPC1,0.0,0.0,0
ENSG00000100644.16,HIF1A,0.0,0.0,0
ENSG00000258777.1,HIF1A-AS1,0.0,0.0,0
ENSG00000232774.7,FLJ22447,0.0,0.0,0
ENSG00000182107.6,TMEM30B,0.0,0.0,0
ENSG00000027075.14,PRKCH,0.0,0.0,0
ENSG00000100578.14,KIAA0586,0.0,0.0,0
ENSG00000100575.13,TIMM9,0.0,0.0,0
ENSG00000196860.7,TOMM20L,0.0,0.0,0
ENSG00000197045.12,GMFB,0.0,0.0,0
ENSG00000277865.4,GOLGA6L22,0.0,0.0,0
ENSG00000233924.1,RPSAP13,0.0,0.0,0
ENSG00000198554.11,WDHD1,0.0,0.0,0
ENSG00000131979.18,GCH1,0.0,0.0,0
ENSG00000020577.13,SAMD4A,0.0,0.0,0
ENSG00000100532.11,CGRRF1,0.0,0.0,0
ENSG00000100528.11,CNIH1,0.0,0.0,0
ENSG00000131981.15,LGALS3,0.0,0.0,0
ENSG00000100526.19,CDKN3,0.0,0.0,0
ENSG00000125378.15,BMP4,0.0,0.0,0
ENSG00000100523.14,DDHD1,0.0,0.0,0
ENSG00000073712.14,FERMT2,0.0,0.0,0
ENSG00000100522.8,GNPNAT1,0.0,0.0,0
ENSG00000198252.11,STYX,0.0,0.0,0
ENSG00000168175.14,MAPK1IP1L,0.0,0.0,0
ENSG00000126787.12,DLGAP5,0.0,0.0,0
ENSG00000032219.18,ARID4A,0.0,0.0,0
ENSG00000053770.11,AP5M1,0.0,0.0,0
ENSG00000180189.10,HMGB1P14,0.0,0.0,0
ENSG00000100567.12,PSMA3,0.0,0.0,0
ENSG00000131966.13,ACTR10,0.0,0.0,0
ENSG00000139971.15,C14orf37,0.0,0.0,0
ENSG00000100557.9,C14orf105,0.0,0.0,0
ENSG00000139977.13,NAA30,0.0,0.0,0
ENSG00000070367.15,EXOC5,0.0,0.0,0
ENSG00000279392.1,RP11-665C16.9,0.0,0.00014380427,1
ENSG00000139946.9,PELI2,0.0,0.0,0
ENSG00000177350.6,RPL13AP3,0.0,0.0,0
ENSG00000126777.17,KTN1,0.0,0.0,0
ENSG00000259318.1,RP11-454L9.2,0.0,0.0,0
ENSG00000258469.1,CHMP4BP1,0.0,0.0,0
ENSG00000178974.9,FBXO34,0.0,0.0,0
ENSG00000100714.15,MTHFD1,0.0,0.0,0
ENSG00000272909.1,CTD-2555O16.4,0.0,0.0,0
ENSG00000092098.16,RNF31,0.0,0.0,0
ENSG00000089775.11,ZBTB25,0.0,0.0,0
ENSG00000242071.3,RPL7AP6,0.0,0.0,0
ENSG00000198732.10,SMOC1,0.0,0.0,0
ENSG00000100652.4,SLC10A1,0.0,0.0,0
ENSG00000100650.15,SRSF5,0.0,0.0,0
ENSG00000100647.7,SUSD6,0.0,0.00025132534,1
ENSG00000029364.11,SLC39A9,0.0,0.0,0
ENSG00000100632.10,ERH,0.0,0.0007952677,1
ENSG00000100626.16,GALNT16,0.0,0.0,0
ENSG00000258520.1,RP11-363J20.2,0.0,0.0,0
ENSG00000081177.18,EXD2,0.0,0.0,0
ENSG00000259165.1,DDX18P1,0.0,0.0,0
ENSG00000139990.17,DCAF5,0.0,0.0,0
ENSG00000258531.2,BANF1P1,0.0,0.0011211431,3
ENSG00000258967.1,HMGN1P3,0.0,0.0,0
ENSG00000072110.13,ACTN1,0.0,0.0,0
ENSG00000133983.14,COX16,0.0,0.0,0
ENSG00000213463.4,SYNJ2BP,0.0,0.0,0
ENSG00000139985.6,ADAM21,0.0,0.0,0
ENSG00000197555.9,SIPA1L1,0.0,0.0,0
ENSG00000119707.13,RBM25,0.0,0.0,0
ENSG00000258813.2,RP11-109N23.4,0.0,0.0,0
ENSG00000165861.13,ZFYVE1,0.0,0.0,0
ENSG00000119599.16,DCAF4,0.0,0.0,0
ENSG00000182732.16,RGS6,0.0,0.0,0
ENSG00000259079.1,RP1-261D10.1,0.0,0.0,0
ENSG00000258930.1,RP5-1163L11.2,0.0,0.0,0
ENSG00000259158.3,ADAM20P1,0.0,0.0,0
ENSG00000100731.15,PCNX1,0.0,0.0,0
ENSG00000006432.15,MAP3K9,0.0,0.0,0
ENSG00000133985.2,TTC9,0.0,0.0,0
ENSG00000258951.1,KRT18P7,0.0,0.0,0
ENSG00000133997.11,MED6,0.0,0.0,0
ENSG00000134007.3,ADAM20,0.0,0.0012555576,1
ENSG00000258565.1,BLZF2P,0.0,0.0,0
ENSG00000270975.1,MAGOH3P,0.0,0.0,0
ENSG00000185650.9,ZFP36L1,0.0,0.0,0
ENSG00000176153.11,GPX2,0.0,0.00078569975,2
ENSG00000033170.16,FUT8,0.0,0.0,0
ENSG00000258613.1,RPL21P7,0.0,0.0,0
ENSG00000259118.5,RP11-840I19.3,0.0,0.0,0
ENSG00000125952.18,MAX,0.0,0.0,0
ENSG00000257365.7,FNTB,0.0,0.0,0
ENSG00000139998.14,RAB15,0.0,0.0,0
ENSG00000258289.8,CHURC1,0.0,0.0,0
ENSG00000180662.8,RPL21P8,0.0,0.0,0
ENSG00000070182.19,SPTB,0.0,0.0,0
ENSG00000126822.16,PLEKHG3,0.0,0.0,0
ENSG00000165807.7,PPP1R36,0.0,0.0,0
ENSG00000126803.9,HSPA2,0.0,0.0,0
ENSG00000126804.13,ZBTB1,0.0,0.0,0
ENSG00000179841.8,AKAP5,0.0,0.0,0
ENSG00000276116.2,FUT8-AS1,0.0,0.0,0
ENSG00000224861.1,YBX1P1,0.0,0.0,0
ENSG00000258477.1,PPIAP6,0.0,0.0,0
ENSG00000100568.10,VTI1B,0.0,0.0,0
ENSG00000182185.18,RAD51B,0.0,0.0,0
ENSG00000258759.1,RP11-1012A1.7,0.0,0.0,0
ENSG00000271697.1,RP11-1012A1.10,0.0,0.0,0
ENSG00000072121.15,ZFYVE26,0.0,0.0,0
ENSG00000139988.9,RDH12,0.0,0.0,0
ENSG00000072042.12,RDH11,0.0,0.0,0
ENSG00000081181.7,ARG2,0.0,0.0,0
ENSG00000171723.15,GPHN,0.0,0.0,0
ENSG00000100564.8,PIGH,0.0,0.0,0
ENSG00000054690.13,PLEKHH1,0.0,0.0,0
ENSG00000100558.8,PLEK2,0.0,0.0,0
ENSG00000134001.12,EIF2S1,0.0,0.00013687111,1
ENSG00000100554.11,ATP6V1D,0.0,0.0,0
ENSG00000072415.8,MPP5,0.0,0.0,0
ENSG00000100519.11,PSMC6,0.0,0.0,0
ENSG00000197930.12,ERO1A,0.0,0.0,0
ENSG00000180998.11,GPR137C,0.0,0.0,0
ENSG00000087301.8,TXNDC16,0.0,0.0,0
ENSG00000129521.13,EGLN3,0.0,0.0,0
ENSG00000151322.18,NPAS3,0.0,0.0,0
ENSG00000151320.10,AKAP6,0.0,0.0,0
ENSG00000259086.3,RP11-134E15.2,0.0,0.0,0
ENSG00000151413.16,NUBPL,0.0,0.0,0
ENSG00000129480.12,DTD2,0.0,0.0,0
ENSG00000203546.7,RP11-176H8.1,0.0,1.6727467e-05,1
ENSG00000283016.1,RP11-176H8.3,0.0,0.0,0
ENSG00000129493.14,HEATR5A,0.0,0.0,0
ENSG00000257831.1,RP11-596D21.1,0.0,0.0,0
ENSG00000258640.3,RPL21P5,0.0,0.0,0
ENSG00000092148.12,HECTD1,0.0,0.0,0
ENSG00000100478.14,AP4S1,0.0,0.0,0
ENSG00000258968.2,RP11-829H16.5,0.0,0.0,0
ENSG00000207952.1,MIR624,0.0,0.0,0
ENSG00000165389.6,SPTSSA,0.0,0.0,0
ENSG00000129518.8,EAPP,0.0,0.0,0
ENSG00000206596.1,RNU1-27P,0.0,0.0,0
ENSG00000100890.15,KIAA0391,0.0,0.0,0
ENSG00000174373.16,RALGAPA1,0.0,0.0,0
ENSG00000259022.2,DNAJC8P1,0.0,0.0,0
ENSG00000100906.10,NFKBIA,0.0,0.0,0
ENSG00000100902.10,PSMA6,0.0,0.0,0
ENSG00000240392.1,RPL9P3,0.0,0.0,0
ENSG00000256243.2,RPL7AP3,0.0,0.0,0
ENSG00000092020.10,PPP2R3C,0.0,0.0,0
ENSG00000206588.1,RNU1-28P,0.0,0.0,0
ENSG00000151327.12,FAM177A1,0.0,0.0,0
ENSG00000100883.11,SRP54,0.0,0.0,0
ENSG00000258738.1,RP11-73E17.2,0.0,0.0,0
ENSG00000198604.10,BAZ1A,0.0,0.0,0
ENSG00000165410.14,CFL2,0.0,0.0,0
ENSG00000129515.18,SNX6,0.0,0.0,0
ENSG00000196792.11,STRN3,0.0,0.0,0
ENSG00000258525.1,RP11-829H16.3,0.0,0.0,0
ENSG00000100473.15,COCH,0.0,0.0,0
ENSG00000129559.12,NEDD8,0.0,0.0,0
ENSG00000196943.12,NOP9,0.0,0.0,0
ENSG00000157379.13,DHRS1,0.0,0.0,0
ENSG00000100949.14,RABGGTA,0.0,0.0,0
ENSG00000092295.11,TGM1,0.0,0.0,0
ENSG00000092330.15,TINF2,0.0,0.0,0
ENSG00000100938.17,GMPR2,0.0,0.0,0
ENSG00000213920.8,MDP1,0.0,0.0,0
ENSG00000213906.9,LTB4R2,0.0,0.0,0
ENSG00000254505.9,CHMP4A,0.0,0.000102388054,1
ENSG00000139908.14,TSSK4,0.0,0.0,0
ENSG00000100926.14,TM9SF1,0.0,0.0,0
ENSG00000196497.16,IPO4,0.0,0.0012485955,1
ENSG00000100918.12,REC8,0.0,0.0,0
ENSG00000213928.8,IRF9,0.0,0.0,0
ENSG00000136305.11,CIDEB,0.0,0.0,0
ENSG00000213903.8,LTB4R,0.0,0.0,0
ENSG00000258648.1,UBE2CP1,0.0,0.0,0
ENSG00000100448.3,CTSG,0.0,0.0,0
ENSG00000092108.20,SCFD1,0.0,0.0,0
ENSG00000092140.14,G2E3,0.0,0.0,0
ENSG00000184304.14,PRKD1,0.0,0.0,0
ENSG00000139910.19,NOVA1,0.0,0.0,0
ENSG00000100453.12,GZMB,0.0,0.0,0
ENSG00000100450.12,GZMH,0.0,0.0,0
ENSG00000092009.10,CMA1,0.0,0.0,0
ENSG00000129467.13,ADCY4,0.0,0.0,0
ENSG00000100445.17,SDR39U1,0.0,0.0,0
ENSG00000100441.9,KHNYN,0.0,0.0,0
ENSG00000139899.10,CBLN3,0.0,0.0,0
ENSG00000205978.5,NYNRIN,0.0,0.0,0
ENSG00000100968.13,NFATC4,0.0,0.0,0
ENSG00000129465.15,RIPK3,0.0,0.0,0
ENSG00000257957.1,QRSL1P3,0.0,0.0,0
ENSG00000258938.1,RP11-317N8.5,0.0,0.0,0
ENSG00000100916.13,BRMS1L,0.0,0.0,0
ENSG00000274012.1,RN7SL2,0.0,0.0,0
ENSG00000100490.9,CDKL1,0.0,0.0,0
ENSG00000125375.14,ATP5S,0.0,0.0,0
ENSG00000087299.11,L2HGDH,0.0,0.0,0
ENSG00000100485.11,SOS2,0.0,9.410445e-05,1
ENSG00000100483.13,VCPKMT,0.0,0.0,0
ENSG00000165527.6,ARF6,0.0,0.0,0
ENSG00000165525.17,NEMF,0.0,0.0,0
ENSG00000259113.1,RP11-406H23.2,0.0,0.0,0
ENSG00000165516.10,KLHDC2,0.0,0.0,0
ENSG00000197776.7,KLHDC1,0.0,0.0,0
ENSG00000100479.12,POLE2,0.0,0.0,0
ENSG00000165506.14,DNAAF2,0.0,0.0,0
ENSG00000258377.1,RP11-649E7.5,0.0,0.0,0
ENSG00000168282.5,MGAT2,0.0,0.0,0
ENSG00000012983.11,MAP4K5,0.0,0.0,0
ENSG00000198513.11,ATL1,0.0,0.0,0
ENSG00000278009.1,RP11-649E7.8,0.0,0.0,0
ENSG00000139926.15,FRMD6,0.0,0.0,0
ENSG00000125384.6,PTGER2,0.0,0.0,0
ENSG00000168229.3,PTGDR,0.0,0.0,0
ENSG00000087303.17,NID2,0.0,0.0,0
ENSG00000087302.8,C14orf166,0.0,0.0,0
ENSG00000258928.1,RP11-463J10.2,0.0,0.0,0
ENSG00000186469.8,GNG2,0.0,0.0,0
ENSG00000139921.12,TMX1,0.0,0.0,0
ENSG00000151748.14,SAV1,0.0,0.0,0
ENSG00000100505.13,TRIM9,0.0,0.0,0
ENSG00000258745.1,RP11-218E20.5,0.0,0.0,0
ENSG00000131969.14,ABHD12B,0.0,0.0,0
ENSG00000100504.16,PYGL,0.0,0.0,0
ENSG00000258843.1,RP11-286O18.1,0.0,0.0,0
ENSG00000100503.23,NIN,0.0,0.0,0
ENSG00000165502.6,RPL36AL,0.0,0.0,0
ENSG00000258568.1,RHOQP1,0.0,0.0,0
ENSG00000257307.1,RP11-317N8.4,0.0,0.00087495317,1
ENSG00000139865.16,TTC6,0.0,0.0,0
ENSG00000150526.12,MIA2,0.0,0.0,0
ENSG00000100941.8,PNN,0.0,0.0,0
ENSG00000182400.14,TRAPPC6B,0.0,0.00021808801,1
ENSG00000092208.16,GEMIN2,0.0,0.0,0
ENSG00000100934.14,SEC23A,0.0,0.0,0
ENSG00000176435.6,CLEC14A,0.0,0.0,0
ENSG00000129514.5,FOXA1,0.0,0.0,0
ENSG00000259100.1,RP11-1074O12.1,0.0,0.0,0
ENSG00000151338.18,MIPOL1,0.0,0.0,0
ENSG00000198807.12,PAX9,0.0,0.0,0
ENSG00000253563.2,NKX2-1-AS1,0.0,0.0,0
ENSG00000136352.17,NKX2-1,0.0,0.0,0
ENSG00000229415.9,SFTA3,0.0,0.0,0
ENSG00000151332.18,MBIP,0.0,0.0,0
ENSG00000150527.16,CTAGE5,0.0,0.0,0
ENSG00000165355.7,FBXO33,0.0,0.0,0
ENSG00000165501.16,LRR1,0.0,0.0,0
ENSG00000187790.10,FANCM,0.0,0.0,0
ENSG00000276168.1,RN7SL1,0.0,0.0,0
ENSG00000283029.1,RN7SL1,0.0,2.8627106e-05,1
ENSG00000244270.1,RPL32P29,0.0,0.0,0
ENSG00000213741.9,RPS29,0.0,0.00075000443,1
ENSG00000258608.1,DNAJC19P9,0.0,0.0,0
ENSG00000129534.13,MIS18BP1,0.0,0.0,0
ENSG00000100442.10,FKBP3,0.0,0.0,0
ENSG00000165379.13,LRFN5,0.0,0.0,0
ENSG00000185246.17,PRPF39,0.0,0.0,0
ENSG00000198718.12,TOGARAM1,0.0,0.0,0
ENSG00000179454.13,KLHL28,0.0,0.0,0
ENSG00000179476.7,C14orf28,0.0,0.0,0
ENSG00000259137.1,RP11-305B6.1,0.0,0.0,0
ENSG00000259051.1,HNRNPUP1,0.0,0.0,0
ENSG00000180008.8,SOCS4,0.0,0.0,0
ENSG00000062524.15,LTK,0.0,0.0,0
ENSG00000276550.4,HERC2P2,0.0,0.0005178745,1
ENSG00000162062.14,C16orf59,0.0,0.0,0
ENSG00000215154.6,AC141586.5,0.0,0.0,0
ENSG00000279162.1,CTD-3126B10.2,0.0,0.0,0
ENSG00000140992.18,PDPK1,0.0,0.0,0
ENSG00000162066.14,AMDHD2,0.0,0.0,0
ENSG00000185883.11,ATP6V0C,0.0,0.0,0
ENSG00000162065.12,TBC1D24,0.0,0.0,0
ENSG00000162068.1,NTN3,0.0,0.0,0
ENSG00000260874.5,RP11-715J22.4,0.0,0.0,0
ENSG00000175595.14,ERCC4,0.0,0.00024086268,1
ENSG00000162063.12,CCNF,0.0,0.0,0
ENSG00000167972.13,ABCA3,0.0,0.0,0
ENSG00000205937.11,RNPS1,0.0,0.0,0
ENSG00000167969.12,ECI1,0.0,0.0,0
ENSG00000167968.12,DNASE1L2,0.0,0.0,0
ENSG00000167967.15,E4F1,0.0,0.0,0
ENSG00000184207.8,PGP,0.0,0.0,0
ENSG00000167977.8,KCTD5,0.0,0.0,0
ENSG00000172382.9,PRSS27,0.0,0.0,0
ENSG00000167978.16,SRRM2,0.0,0.0,0
ENSG00000103363.14,ELOB,0.0,0.0,0
ENSG00000122386.10,ZNF205,0.0,0.00012699948,1
ENSG00000008516.16,MMP25,0.0,0.0008598467,1
ENSG00000162069.14,BICDL2,0.0,0.0,0
ENSG00000131652.13,THOC6,0.0,0.0,0
ENSG00000103145.10,HCFC1R1,0.0,0.0,0
ENSG00000184697.6,CLDN6,0.0,0.0,0
ENSG00000162073.13,PAQR4,0.0,0.0,0
ENSG00000127564.16,PKMYT1,0.0,0.0,0
ENSG00000131650.13,KREMEN2,0.0,0.0,0
ENSG00000262959.2,RPL23AP86,0.0,0.0,0
ENSG00000059122.16,FLYWCH1,0.0,0.0,0
ENSG00000162076.12,FLYWCH2,0.0,0.0,0
ENSG00000005001.9,PRSS22,0.0,0.0,0
ENSG00000162078.11,ZG16B,0.0,0.0,0
ENSG00000007038.10,PRSS21,0.0,0.0,0
ENSG00000182685.7,BRICD5,0.0,0.0,0
ENSG00000167965.17,MLST8,0.0,0.0,0
ENSG00000131653.12,TRAF7,0.0,0.0,0
ENSG00000206811.1,SNORA10,0.0,0.0,0
ENSG00000140990.14,NDUFB10,0.0,0.0,0
ENSG00000162039.14,MEIOB,0.0,0.0,0
ENSG00000180185.11,FAHD1,0.0,0.0,0
ENSG00000063854.12,HAGH,0.0,0.0,0
ENSG00000099769.5,IGFALS,0.0,0.0,0
ENSG00000095906.16,NUBP2,0.0,0.0,0
ENSG00000162032.15,SPSB3,0.0,0.0,0
ENSG00000197774.12,EME2,0.0,0.0,0
ENSG00000074071.14,MRPS34,0.0,0.0,0
ENSG00000103024.7,NME3,0.0,0.0,0
ENSG00000138834.12,MAPK8IP3,0.0,0.0,0
ENSG00000206053.12,HN1L,0.0,0.0,0
ENSG00000226890.1,LA16c-395F10.1,0.0,0.0,0
ENSG00000007545.15,CRAMP1,0.0,0.0,0
ENSG00000260954.1,LA16c-425C2.1,0.0,0.0,0
ENSG00000140988.15,RPS2,0.0,0.0,0
ENSG00000207405.1,SNORA64,0.0,0.0,0
ENSG00000281010.1,snoR1,0.0,0.0,0
ENSG00000255513.1,AC005363.9,0.0,0.0,0
ENSG00000206630.1,SNORD60,0.0,0.0003584944,1
ENSG00000167964.12,RAB26,0.0,0.0,0
ENSG00000260447.1,RP11-304L19.2,0.0,0.0,0
ENSG00000261240.1,RP11-304L19.4,0.0,0.0,0
ENSG00000008710.19,PKD1,0.0,0.0,0
ENSG00000103197.16,TSC2,0.0,0.0,0
ENSG00000065057.7,NTHL1,0.0,0.0,0
ENSG00000065054.13,SLC9A3R2,0.0,0.0,0
ENSG00000183971.6,NPW,0.0,0.0,0
ENSG00000167962.13,ZNF598,0.0,0.0,0
ENSG00000127554.12,GFER,0.0,0.0,0
ENSG00000196408.11,NOXO1,0.0,0.0,0
ENSG00000183751.14,TBL3,0.0,0.0,0
ENSG00000273587.1,SNORA78,0.0,0.0,0
ENSG00000255198.4,SNHG9,0.0,0.0,0
ENSG00000085644.13,ZNF213,0.0,0.0,0
ENSG00000010539.11,ZNF200,0.0,0.0,0
ENSG00000006194.9,ZNF263,0.0,0.0,0
ENSG00000262151.1,RP11-876N24.2,0.0,0.0,0
ENSG00000103274.10,NUBP1,0.0,0.0,0
ENSG00000213853.9,EMP2,0.0,0.0,0
ENSG00000166669.13,ATF7IP2,0.0,0.0,0
ENSG00000220793.5,RPL21P119,0.0,0.0009211702,1
ENSG00000182831.11,C16orf72,0.0,0.0,0
ENSG00000187555.14,USP7,0.0,0.0,0
ENSG00000153048.10,CARHSP1,0.0,0.0039055415,1
ENSG00000260350.1,RP11-152P23.2,0.0,0.0,0
ENSG00000140650.11,PMM2,0.0,0.0,0
ENSG00000184857.7,TMEM186,0.0,0.0,0
ENSG00000183044.11,ABAT,0.0,0.0,0
ENSG00000067365.14,METTL22,0.0,0.0,0
ENSG00000118894.14,EEF2KMT,0.0,0.0,0
ENSG00000153446.15,C16orf89,0.0,0.0,0
ENSG00000033011.11,ALG1,0.0,0.0,0
ENSG00000166676.14,TVP23A,0.0,0.0,0
ENSG00000179583.18,CIITA,0.0,0.0,0
ENSG00000118898.15,PPL,0.0,0.0,0
ENSG00000182108.9,DEXI,0.0,0.0,0
ENSG00000175604.2,RP11-276H1.3,0.0,0.0,0
ENSG00000048471.13,SNX29,0.0,0.0,0
ENSG00000048462.10,TNFRSF17,0.0,0.0,0
ENSG00000234719.8,NPIPB2,0.0,0.0,0
ENSG00000103342.12,GSPT1,0.0,0.0,0
ENSG00000171490.12,RSL1D1,0.0,0.0,0
ENSG00000122299.11,ZC3H7A,0.0,0.0,0
ENSG00000153066.12,TXNDC11,0.0,0.0,0
ENSG00000184602.5,SNN,0.0,0.0,0
ENSG00000189067.12,LITAF,0.0,0.0,0
ENSG00000185338.4,SOCS1,0.0,0.0,0
ENSG00000175643.8,RMI2,0.0,0.0,0
ENSG00000229917.2,RPL7P46,0.0,0.0,0
ENSG00000038532.14,CLEC16A,0.0,0.0,0
ENSG00000262222.1,RP11-876N24.4,0.0,0.0,0
ENSG00000103174.11,NAGPA,0.0,0.0,0
ENSG00000118900.14,UBN1,0.0,0.0,0
ENSG00000140993.10,TIGD7,0.0,0.0,0
ENSG00000090447.11,TFAP4,0.0,0.0,0
ENSG00000005339.14,CREBBP,0.0,0.0,0
ENSG00000126602.10,TRAP1,0.0,0.0,0
ENSG00000213918.10,DNASE1,0.0,0.0,0
ENSG00000188827.10,SLX4,0.0,0.0,0
ENSG00000261938.1,RP11-461A8.1,0.0,0.0,0
ENSG00000262312.2,LA16c-390H2.4,0.0,0.0,0
ENSG00000167984.17,NLRC3,0.0,0.0,0
ENSG00000103351.12,CLUAP1,0.0,0.0,0
ENSG00000273776.1,MIR6126,0.0,0.0,0
ENSG00000122390.17,NAA60,0.0,0.0,0
ENSG00000167981.5,ZNF597,0.0,0.0,0
ENSG00000103343.12,ZNF174,0.0,0.0,0
ENSG00000140987.19,ZSCAN32,0.0,0.0,0
ENSG00000262621.4,LA16c-306E5.2,0.0,0.0,0
ENSG00000162086.14,ZNF75A,0.0,0.0,0
ENSG00000162104.9,ADCY9,0.0,0.0,0
ENSG00000126603.8,GLIS2,0.0,0.0,0
ENSG00000140632.16,GLYR1,0.0,0.000260065,1
ENSG00000217930.7,PAM16,0.0,0.0,0
ENSG00000067836.12,ROGDI,0.0,0.0,0
ENSG00000267077.1,RP11-127I20.5,0.0,3.1384814e-05,1
ENSG00000267795.5,SMIM22,0.0,0.0,0
ENSG00000103199.13,ZNF500,0.0,0.0,0
ENSG00000166246.13,C16orf71,0.0,0.0,0
ENSG00000168096.14,ANKS3,0.0,0.0,0
ENSG00000168101.14,NUDT16L1,0.0,0.0,0
ENSG00000102858.12,MGRN1,0.0,0.0,0
ENSG00000153443.12,UBALD1,0.0,0.0,0
ENSG00000103415.11,HMOX2,0.0,0.0,0
ENSG00000153406.13,NMRAL1,0.0,0.0,0
ENSG00000103423.13,DNAJA3,0.0,0.0,0
ENSG00000168140.4,VASN,0.0,0.0,0
ENSG00000262246.5,CORO7,0.0,0.0,0
ENSG00000262712.1,RP11-295D4.1,0.0,0.0,0
ENSG00000280231.1,LA16c-380F5.3,0.0,0.0,0
ENSG00000131634.13,TMEM204,0.0,0.0,0
ENSG00000187535.13,IFT140,0.0,0.0,0
ENSG00000182253.14,SYNM,0.0,0.0,0
ENSG00000140443.13,IGF1R,0.0,0.0,0
ENSG00000140450.8,ARRDC4,0.0,0.0,0
ENSG00000185551.14,NR2F2,0.0,0.0,0
ENSG00000140563.14,MCTP2,0.0,0.0,0
ENSG00000173575.20,CHD2,0.0,0.0,0
ENSG00000258527.1,ASB9P1,0.0,0.0,0
ENSG00000258741.3,RP11-386M24.4,0.0,0.0,0
ENSG00000253954.3,HMGN1P38,0.0,0.0,0
ENSG00000185442.12,FAM174B,0.0,0.0,0
ENSG00000258761.1,RP11-24J19.1,0.0,0.0,0
ENSG00000176463.13,SLCO3A1,0.0,0.0,0
ENSG00000185518.11,SV2B,0.0,0.0,0
ENSG00000184056.14,VPS33B,0.0,0.0,0
ENSG00000258725.1,PRC1-AS1,0.0,0.0,0
ENSG00000198901.13,PRC1,0.0,0.0,0
ENSG00000259475.1,RP11-654A16.3,0.0,0.0,0
ENSG00000261054.1,RP11-6O2.4,0.0,0.0,0
ENSG00000258384.1,AC068831.6,0.0,0.0,0
ENSG00000103852.12,TTC23,0.0,0.0,0
ENSG00000259755.1,RP11-505E24.2,0.0,0.0,0
ENSG00000154237.12,LRRK1,0.0,0.0,0
ENSG00000259583.2,RP11-66B24.4,0.0,0.0,0
ENSG00000184254.16,ALDH1A3,0.0,0.0,0
ENSG00000259381.2,RP11-192M23.1,0.0,0.0,0
ENSG00000183475.12,ASB7,0.0,5.795734e-05,1
ENSG00000140471.16,LINS1,0.0,0.0,0
ENSG00000259205.2,PRKXP1,0.0,0.0,0
ENSG00000154227.13,CERS3,0.0,0.0,0
ENSG00000140470.13,ADAMTS17,0.0,0.0,0
ENSG00000183060.15,LYSMD4,0.0,0.0,0
ENSG00000068305.17,MEF2A,0.0,0.0,0
ENSG00000259228.1,HNRNPA1P62,0.0,0.0,0
ENSG00000259706.1,HSP90B2P,0.0,0.0,0
ENSG00000168904.14,LRRC28,0.0,0.00026138904,1
ENSG00000166965.12,RCCD1,0.0,0.0,0
ENSG00000140553.17,UNC45A,0.0,0.0,0
ENSG00000131871.14,SELENOS,0.0,0.0,0
ENSG00000185033.14,SEMA4B,0.0,0.0,0
ENSG00000140548.9,ZNF710,0.0,0.0,0
ENSG00000242498.7,ARPIN,0.0,0.0,0
ENSG00000157823.16,AP3S2,0.0,0.0,0
ENSG00000166825.13,ANPEP,0.0,0.0,0
ENSG00000241362.2,RPL36AP43,0.0,0.0,0
ENSG00000166821.8,PEX11A,0.0,0.0,0
ENSG00000166819.11,PLIN1,0.0,0.0,0
ENSG00000166813.14,KIF7,0.0,0.0,0
ENSG00000140534.13,TICRR,0.0,0.0,0
ENSG00000140519.12,RHCG,0.0,0.0,0
ENSG00000140521.12,POLG,0.0,0.0,0
ENSG00000140525.17,FANCI,0.0,0.0,0
ENSG00000259948.2,RP11-326A19.5,0.0,0.0,0
ENSG00000259699.2,HMGB1P8,0.0,0.0,0
ENSG00000140526.17,ABHD2,0.0,9.671301e-05,1
ENSG00000182054.9,IDH2,0.0,0.0,0
ENSG00000225193.5,RPS12P26,0.0,0.0,0
ENSG00000184508.10,HDDC3,0.0,0.0,0
ENSG00000185043.10,CIB1,0.0,0.0,0
ENSG00000196547.14,MAN2A2,0.0,0.0,0
ENSG00000182511.11,FES,0.0,0.0,0
ENSG00000140564.11,FURIN,0.0,0.0,0
ENSG00000197299.10,BLM,0.0,0.0,0
ENSG00000259746.1,HSPE1P3,0.0,0.0,0
ENSG00000259736.1,CRTC3-AS1,0.0,0.0,0
ENSG00000259314.1,CTD-3065B20.3,0.0,0.0,0
ENSG00000140577.15,CRTC3,0.0,0.0,0
ENSG00000140575.12,IQGAP1,0.0,0.0,0
ENSG00000196391.10,ZNF774,0.0,0.0017958602,2
ENSG00000238244.3,GABARAPL3,0.0,0.0,0
ENSG00000228998.4,RP11-697E2.7,0.0,0.0,0
ENSG00000182768.8,NGRN,0.0,0.0,0
ENSG00000213471.9,TTLL13P,0.0,0.0,0
ENSG00000183208.12,GDPGP1,0.0,0.0,0
ENSG00000131873.5,CHSY1,0.0,0.0,0
ENSG00000131876.16,SNRPA1,0.0,0.0,0
ENSG00000100726.14,TELO2,0.0,0.0,0
ENSG00000260807.6,RP11-161M6.2,0.0,0.0,0
ENSG00000103227.18,LMF1,0.0,0.0,0
ENSG00000127588.4,GNG13,0.0,0.0,0
ENSG00000127586.16,CHTF18,0.0,0.0,0
ENSG00000007376.7,RPUSD1,0.0,0.0,0
ENSG00000207579.1,MIR662,0.0,0.0,0
ENSG00000162006.9,MSLNL,0.0,0.0,0
ENSG00000279136.1,LA16c-335H7.2,0.0,0.0,0
ENSG00000102854.15,MSLN,0.0,0.0,0
ENSG00000103245.13,NARFL,0.0,0.00044634053,1
ENSG00000103253.17,HAGHL,0.0,0.0,0
ENSG00000162004.16,CCDC78,0.0,0.0,0
ENSG00000103254.9,FAM173A,0.0,0.0,0
ENSG00000103260.8,METRN,0.0,0.0,0
ENSG00000127585.11,FBXL16,0.0,0.0016956644,1
ENSG00000261659.2,LA16c-313D11.12,0.0,0.0,0
ENSG00000260439.1,LMF1-AS1,0.0,0.0,0
ENSG00000196557.12,CACNA1H,0.0,0.0,0
ENSG00000161999.11,JMJD8,0.0,0.0,0
ENSG00000261294.1,RP11-616M22.3,0.0,0.00016020713,1
ENSG00000261641.2,LA16c-390E6.5,0.0,0.0,0
ENSG00000103249.17,CLCN7,0.0,0.0,0
ENSG00000279930.1,LA16c-312E8.4,0.0,0.0,0
ENSG00000197599.12,CCDC154,0.0,0.0,0
ENSG00000174109.4,C16orf91,0.0,0.0,0
ENSG00000059145.18,UNKL,0.0,0.0,0
ENSG00000090581.9,GNPTG,0.0,0.0,0
ENSG00000007520.3,TSR3,0.0,0.0,0
ENSG00000007516.13,BAIAP3,0.0,0.0,0
ENSG00000261505.1,LA16c-358B7.3,0.0,0.0,0
ENSG00000103275.19,UBE2I,0.0,0.0,0
ENSG00000095917.13,TPSD1,0.0,4.6010962e-05,1
ENSG00000172236.16,TPSAB1,0.0,0.0,0
ENSG00000197253.13,TPSB2,0.0,0.0,0
ENSG00000116176.6,TPSG1,0.0,0.0,0
ENSG00000127580.15,WDR24,0.0,0.0,0
ENSG00000103266.10,STUB1,0.0,0.0,0
ENSG00000140479.16,PCSK6,0.0,0.0,0
ENSG00000242173.8,ARHGDIG,0.0,0.0,0
ENSG00000167930.15,FAM234A,0.0,0.0,0
ENSG00000007392.16,LUC7L,0.0,0.0,0
ENSG00000206172.8,HBA1,0.0,0.0,0
ENSG00000188536.12,HBA2,0.0,0.0,0
ENSG00000206177.6,HBM,0.0,0.0,0
ENSG00000103148.15,NPRL3,0.0,0.0,0
ENSG00000103152.11,MPG,0.0,0.00077215204,1
ENSG00000007384.15,RHBDF1,0.0,0.0,0
ENSG00000161981.10,SNRNP25,0.0,0.0,0
ENSG00000161980.5,POLR3K,0.0,0.0,0
ENSG00000226942.2,IL9RP3,0.0,0.0,0
ENSG00000234769.7,WASH4P,0.0,0.0,0
ENSG00000185596.16,WASH3P,0.0,0.0,0
ENSG00000185418.15,TARSL2,0.0,0.0,0
ENSG00000184277.12,TM2D3,0.0,0.0,0
ENSG00000076344.15,RGS11,0.0,0.0,0
ENSG00000185615.15,PDIA2,0.0,0.0,0
ENSG00000103269.13,RHBDL1,0.0,0.0,0
ENSG00000103126.14,AXIN1,0.0,0.0,0
ENSG00000140983.13,RHOT2,0.0,0.0,0
ENSG00000262528.2,LA16c-349E10.1,0.0,0.0,0
ENSG00000161996.18,WDR90,0.0,0.0,0
ENSG00000172366.19,MCRIP2,0.0,0.0,0
ENSG00000130731.15,METTL26,0.0,0.0,0
ENSG00000127578.6,WFIKKN1,0.0,0.0,0
ENSG00000197562.9,RAB40C,0.0,0.0,0
ENSG00000007541.16,PIGQ,0.0,0.0,0
ENSG00000103326.11,CAPN15,0.0,0.0,0
ENSG00000090565.15,RAB11FIP3,0.0,0.0022077535,1
ENSG00000242612.6,DECR2,0.0,0.0004101131,2
ENSG00000103202.12,NME4,0.0,0.0,0
ENSG00000236829.9,Z97634.3,0.0,0.0,0
ENSG00000129925.10,TMEM8A,0.0,0.00044272147,1
ENSG00000086504.15,MRPL28,0.0,0.0,0
ENSG00000103381.11,CPPED1,0.0,0.00041912752,1
ENSG00000262732.1,CTD-2135D7.2,0.0,0.0,0
ENSG00000140511.11,HAPLN3,0.0,0.0,0
ENSG00000183604.14,SMG1P5,0.0,0.004075429,1
ENSG00000179958.8,DCTPP1,0.0,0.0007862082,1
ENSG00000179965.11,ZNF771,0.0,0.0,0
ENSG00000180096.11,1-Sep,0.0,0.0,0
ENSG00000180035.12,ZNF48,0.0,0.0,0
ENSG00000180209.11,MYLPF,0.0,0.0010655898,1
ENSG00000169221.13,TBC1D10B,0.0,0.0,0
ENSG00000169217.8,CD2BP2,0.0,0.0,0
ENSG00000198064.13,NPIPB13,0.0,0.0,0
ENSG00000186260.16,MKL2,0.0,0.0,0
ENSG00000261052.5,SULT1A3,0.0,0.0,0
ENSG00000132207.17,SLX1A,0.0,0.0,0
ENSG00000169627.7,BOLA2B,0.0,0.0,0
ENSG00000261416.1,RP11-455F5.5,0.0,0.0,0
ENSG00000102879.15,CORO1A,0.0,0.0,0
ENSG00000102882.11,MAPK3,0.0,0.0,0
ENSG00000275371.1,RP11-455F5.6,0.0,0.0,0
ENSG00000179918.18,SEPHS2,0.0,0.0,0
ENSG00000005844.17,ITGAL,0.0,0.0,0
ENSG00000261346.1,RP11-297C4.2,0.0,0.0,0
ENSG00000261332.1,RP11-297C4.1,0.0,0.0,0
ENSG00000103549.21,RNF40,0.0,0.0,0
ENSG00000196118.11,CCDC189,0.0,0.0,0
ENSG00000156873.15,PHKG2,0.0,0.0,0
ENSG00000281991.1,TMEM265,0.0,0.0,0
ENSG00000206755.1,SNORA30,0.0,0.0,0
ENSG00000080603.16,SRCAP,0.0,0.0,0
ENSG00000156860.15,FBRS,0.0,0.0,0
ENSG00000156858.11,PRR14,0.0,0.0,0
ENSG00000156853.12,ZNF689,0.0,0.0,0
ENSG00000261588.1,AC002310.17,0.0,0.0,0
ENSG00000197162.9,ZNF785,0.0,0.0,0
ENSG00000239791.1,AC002310.7,0.0,0.0,0
ENSG00000169951.9,ZNF764,0.0,0.0,0
ENSG00000169955.7,ZNF747,0.0,5.210708e-05,1
ENSG00000169957.9,ZNF768,0.0,0.0,0
ENSG00000102886.14,GDPD3,0.0,0.0,0
ENSG00000149923.13,PPP4C,0.0,0.0,0
ENSG00000274904.1,CTD-2515O10.5,0.0,0.0,0
ENSG00000079616.12,KIF22,0.0,0.0,0
ENSG00000103485.17,QPRT,0.0,0.0,0
ENSG00000197471.11,SPN,0.0,0.0,0
ENSG00000260727.1,SLC7A5P1,0.0,0.0,0
ENSG00000205534.6,SMG1P2,0.0,0.0,0
ENSG00000169203.16,NPIPB12,0.0,0.0,0
ENSG00000257506.1,RP11-231C14.5,0.0,0.0,0
ENSG00000213648.10,SULT1A4,0.0,0.0,0
ENSG00000183336.8,BOLA2,0.0,0.0,0
ENSG00000254634.4,SMG1P6,0.0,0.0,0
ENSG00000254206.5,NPIPB11,0.0,0.0,0
ENSG00000271699.5,SNX29P2,0.0,0.0,0
ENSG00000260413.1,RP11-231C14.6,0.0,0.0,0
ENSG00000260517.2,RP11-426C22.5,0.0,0.0,0
ENSG00000103472.9,RRN3P2,0.0,0.0,0
ENSG00000196796.5,NPIPB10P,0.0,0.0,0
ENSG00000185905.3,C16orf54,0.0,0.0,0
ENSG00000275857.1,AC009133.21,0.0,0.0,0
ENSG00000149925.17,ALDOA,0.0,0.0,0
ENSG00000103495.13,MAZ,0.0,0.0,0
ENSG00000149927.17,DOC2A,0.0,0.0,0
ENSG00000169592.14,INO80E,0.0,0.0,0
ENSG00000149929.15,HIRIP3,0.0,0.0,0
ENSG00000149930.17,TAOK2,0.0,0.0,0
ENSG00000149932.16,TMEM219,0.0,0.0,0
ENSG00000174943.9,KCTD13,0.0,0.0,0
ENSG00000174939.10,ASPHD1,0.0,0.0,0
ENSG00000174938.14,SEZ6L2,0.0,0.0,0
ENSG00000278713.1,CTD-2574D22.7,0.0,0.0,0
ENSG00000103502.13,CDIPT,0.0,0.0,0
ENSG00000013364.18,MVP,0.0,0.0,0
ENSG00000280789.1,PAGR1,0.0,0.0,0
ENSG00000167371.17,PRRT2,0.0,0.0,0
ENSG00000238045.9,AC009133.12,0.0,0.0,0
ENSG00000259952.1,AC009133.15,0.0,0.0,0
ENSG00000280211.1,RP11-2C24.3,0.0,0.0,0
ENSG00000102870.5,ZNF629,0.0,0.0,0
ENSG00000099385.11,BCL7C,0.0,0.0,0
ENSG00000166164.15,BRD7,0.0,0.0,0
ENSG00000121274.12,PAPD5,0.0,0.0009888898,2
ENSG00000155393.12,HEATR3,0.0,0.0,0
ENSG00000259843.2,RP11-429P3.3,0.0,0.0,0
ENSG00000205423.11,CNEP1R1,0.0,0.0,0
ENSG00000260033.1,CTC-527H23.1,0.0,0.0,0
ENSG00000102921.7,N4BP1,0.0,0.0,0
ENSG00000196470.11,SIAH1,0.0,0.0,0
ENSG00000240793.1,UBA52P8,0.0,0.0,0
ENSG00000102910.13,LONP2,0.0,0.0,0
ENSG00000259918.1,NDUFA5P11,0.0,0.0,0
ENSG00000261336.1,EIF4BP5,0.0,0.00051915087,1
ENSG00000102893.15,PHKB,0.0,0.0,0
ENSG00000129636.12,ITFG1,0.0,0.0,0
ENSG00000260281.5,ITFG1-AS1,0.0,0.0,0
ENSG00000171208.9,NETO2,0.0,0.0,0
ENSG00000121281.12,ADCY7,0.0,0.0,0
ENSG00000140807.6,NKD1,0.0,0.0,0
ENSG00000155330.9,C16orf87,0.0,0.0,0
ENSG00000205414.1,RP11-401P9.6,0.0,0.00022899832,1
ENSG00000177508.11,IRX3,0.0,0.0,0
ENSG00000140718.20,FTO,0.0,0.0,0
ENSG00000103494.12,RPGRIP1L,0.0,0.0,0
ENSG00000166971.16,AKTIP,0.0,0.0,0
ENSG00000279344.1,RP11-44F14.7,0.0,0.0,0
ENSG00000103479.15,RBL2,0.0,0.0,0
ENSG00000280227.1,RP11-454F8.3,0.0,0.0,0
ENSG00000177200.16,CHD9,0.0,0.0,0
ENSG00000234337.4,RP11-297L17.6,0.0,0.0,0
ENSG00000103460.16,TOX3,0.0,0.0,0
ENSG00000224578.4,HNRNPA1P48,0.0,0.0,0
ENSG00000103449.11,SALL1,0.0,0.0,0
ENSG00000083799.17,CYLD,0.0,0.0,0
ENSG00000167207.11,NOD2,0.0,0.0,0
ENSG00000167208.14,SNX20,0.0,0.0,0
ENSG00000069345.11,DNAJA2,0.0,0.0,0
ENSG00000091651.8,ORC6,0.0,0.0,0
ENSG00000211591.1,MIR762,0.0,0.0,0
ENSG00000260304.1,RP11-388M20.6,0.0,0.0,0
ENSG00000103510.19,KAT8,0.0,0.0,0
ENSG00000103507.13,BCKDK,0.0,0.0,0
ENSG00000280160.1,RP11-196G11.3,0.0,0.0,0
ENSG00000167397.14,VKORC1,0.0,0.0,0
ENSG00000151006.7,PRSS53,0.0,0.0,0
ENSG00000167395.10,ZNF646,0.0,0.0,0
ENSG00000167394.12,ZNF668,0.0,0.0,0
ENSG00000232748.3,RP11-196G11.6,0.0,0.0,0
ENSG00000103496.14,STX4,0.0,0.0,0
ENSG00000099377.13,HSD3B7,0.0,0.0,0
ENSG00000279196.1,RP11-1072A3.3,0.0,0.0,0
ENSG00000099381.17,SETD1A,0.0,0.0,0
ENSG00000175938.6,ORAI3,0.0,0.0,0
ENSG00000099364.16,FBXL19,0.0,0.0,0
ENSG00000260852.1,FBXL19-AS1,0.0,7.354679e-05,1
ENSG00000089280.18,FUS,0.0,0.0,0
ENSG00000103490.13,PYCARD,0.0,0.0,0
ENSG00000261131.1,RP11-93O14.2,0.0,0.0,0
ENSG00000261359.2,PYCARD-AS1,0.0,0.0,0
ENSG00000069329.16,VPS35,0.0,0.0,0
ENSG00000171241.8,SHCBP1,0.0,0.0,0
ENSG00000260628.5,RP11-1166P10.1,0.0,0.0,0
ENSG00000185947.14,ZNF267,0.0,0.0,0
ENSG00000197302.10,ZNF720,0.0,0.0,0
ENSG00000169877.9,AHSP,0.0,0.0,0
ENSG00000140688.16,C16orf58,0.0,0.0,0
ENSG00000260740.2,AC026471.6,0.0,0.0,0
ENSG00000140675.12,SLC5A2,0.0,0.0,0
ENSG00000140682.18,TGFB1I1,0.0,0.0,0
ENSG00000140691.16,ARMC5,0.0,0.0,0
ENSG00000260267.1,RP11-452L6.5,0.0,0.0,0
ENSG00000156885.5,COX6A2,0.0,0.0,0
ENSG00000140678.16,ITGAX,0.0,0.0,0
ENSG00000169896.16,ITGAM,0.0,0.0,0
ENSG00000213658.11,LAT,0.0,0.0,0
ENSG00000169682.17,SPNS1,0.0,0.0,0
ENSG00000176953.12,NFATC2IP,0.0,0.0,0
ENSG00000169344.15,UMOD,0.0,0.0,0
ENSG00000174628.16,IQCK,0.0,0.0,0
ENSG00000261312.1,AC002550.5,0.0,0.0,0
ENSG00000103550.13,KNOP1,0.0,0.0,0
ENSG00000103544.14,C16orf62,0.0,0.0,0
ENSG00000103540.16,CCP110,0.0,0.0,0
ENSG00000006007.11,GDE1,0.0,0.0,0
ENSG00000260592.1,CTA-363E6.6,0.0,0.0,0
ENSG00000103534.16,TMC5,0.0,0.0,0
ENSG00000103528.16,SYT17,0.0,0.0,0
ENSG00000205730.6,ITPRIPL2,0.0,0.0,0
ENSG00000167186.10,COQ7,0.0,0.0,0
ENSG00000170537.12,TMC7,0.0,0.0010832518,1
ENSG00000157106.16,SMG1,0.0,0.0,0
ENSG00000260017.1,RP11-1035H13.2,0.0,0.0,0
ENSG00000170540.14,ARL6IP1,0.0,0.0,0
ENSG00000167191.11,GPRC5B,0.0,0.0,0
ENSG00000183549.10,ACSM5,0.0,0.0,0
ENSG00000256340.8,ABCC6P1,0.0,0.0,0
ENSG00000183747.11,ACSM2A,0.0,0.0,0
ENSG00000158482.10,SNX29P1,0.0,0.0,0
ENSG00000257403.2,CTD-2547E10.3,0.0,0.0,0
ENSG00000283512.1,CTD-2547E10.6,0.0,0.0,0
ENSG00000189149.11,CRYM-AS1,0.0,0.0,0
ENSG00000103316.10,CRYM,0.0,0.0,0
ENSG00000011638.10,TMEM159,0.0,0.0,0
ENSG00000158486.13,DNAH3,0.0,0.0,0
ENSG00000102897.9,LYRM1,0.0,0.0,0
ENSG00000188215.9,DCUN1D3,0.0,0.0,0
ENSG00000005189.19,AC004381.6,0.0,0.0,0
ENSG00000196678.13,ERI2,0.0,0.0,0
ENSG00000066654.13,THUMPD1,0.0,0.0,0
ENSG00000166743.9,ACSM1,0.0,0.0,0
ENSG00000005187.11,ACSM3,0.0,0.0,0
ENSG00000066813.14,ACSM2B,0.0,0.0,0
ENSG00000134419.15,RPS15A,0.0,0.0,0
ENSG00000185164.14,NOMO2,0.0,0.0,0
ENSG00000169246.16,NPIPB3,0.0,0.0,0
ENSG00000183793.13,NPIPA5,0.0,0.0,0
ENSG00000188599.17,NPIPP1,0.0,0.0,0
ENSG00000085721.12,RRN3,0.0,0.0,0
ENSG00000157045.8,NTAN1,0.0,0.0,0
ENSG00000275910.1,RP11-680G24.6,0.0,0.0,0
ENSG00000261819.1,RP11-680G24.4,0.0,0.0,0
ENSG00000179889.18,PDXDC1,0.0,0.0,0
ENSG00000183426.16,NPIPA1,0.0,0.0,0
ENSG00000183458.13,RP11-958N24.1,0.0,9.8299584e-05,1
ENSG00000103512.14,NOMO1,0.0,0.0,0
ENSG00000254852.8,NPIPA2,0.0,0.0,0
ENSG00000224712.12,NPIPA3,0.0,0.0,0
ENSG00000069764.9,PLA2G10,0.0,0.0,0
ENSG00000103429.10,BFAR,0.0,0.0,0
ENSG00000140694.16,PARN,0.0,0.0,0
ENSG00000262470.2,TVP23CP2,0.0,0.0,0
ENSG00000250251.6,PKD1P6,0.0,0.0,0
ENSG00000166780.10,C16orf45,0.0,0.0,0
ENSG00000254681.6,PKD1P5,0.0,0.0,0
ENSG00000166783.21,KIAA0430,0.0,0.0,0
ENSG00000233024.7,RP11-1212A22.4,0.0,0.0,0
ENSG00000205746.9,RP11-1212A22.1,0.0,0.0,0
ENSG00000228071.4,RPL7P47,0.0,0.0,0
ENSG00000261448.1,CTD-2576D5.4,0.0,0.0,0
ENSG00000103489.11,XYLT1,0.0,0.0,0
ENSG00000227827.3,RP11-958N24.2,0.0,0.0,0
ENSG00000183889.12,AC138969.4,0.0,0.0,0
ENSG00000244257.5,PKD1P1,0.0,0.0,0
ENSG00000103226.17,NOMO3,0.0,0.0,0
ENSG00000091262.15,ABCC6,0.0,0.0,0
ENSG00000103222.18,ABCC1,0.0,0.0,0
ENSG00000263065.1,AF001548.6,0.0,0.00022903008,1
ENSG00000263335.1,AF001548.5,0.0,0.0,0
ENSG00000133392.17,MYH11,0.0,0.0,0
ENSG00000072864.14,NDE1,0.0,0.0,0
ENSG00000276548.1,CTD-2547E10.5,0.0,0.0,0
ENSG00000180747.15,SMG1P3,0.0,3.690741e-05,1
ENSG00000177455.12,CD19,0.0,0.0,0
ENSG00000205609.12,EIF3CL,0.0,0.0,0
ENSG00000188322.4,SBK1,0.0,0.0,0
ENSG00000169180.11,XPO6,0.0,0.000627454,1
ENSG00000261329.5,CTD-2049O4.1,0.0,0.0,0
ENSG00000047578.12,KIAA0556,0.0,0.0,0
ENSG00000077235.17,GTF3C1,0.0,0.0,0
ENSG00000259954.1,IL21R-AS1,0.0,0.0,0
ENSG00000103522.15,IL21R,0.0,0.0,0
ENSG00000077238.13,IL4R,0.0,0.0,0
ENSG00000169189.16,NSMCE1,0.0,0.0,0
ENSG00000259940.2,CTD-3203P2.1,0.0,0.0,0
ENSG00000155666.11,KDM8,0.0,9.133984e-05,1
ENSG00000230330.1,HMGN2P3,0.0,0.00012048192,1
ENSG00000155592.15,ZKSCAN2,0.0,0.0,0
ENSG00000205629.11,LCMT1,0.0,0.0,0
ENSG00000262587.2,RP11-266L9.4,0.0,0.0,0
ENSG00000198156.10,NPIPB6,0.0,0.0,0
ENSG00000261089.1,CDC37P2,0.0,0.0,0
ENSG00000158865.12,SLC5A11,0.0,0.0,0
ENSG00000233232.6,NPIPB7,0.0,0.0,0
ENSG00000177548.12,RABEP2,0.0,0.0,0
ENSG00000260442.5,ATP2A1-AS1,0.0,0.0,0
ENSG00000196296.13,ATP2A1,0.0,0.0,0
ENSG00000178188.14,SH2B1,0.0,0.0,0
ENSG00000178952.10,TUFM,0.0,0.0,0
ENSG00000260570.1,RP11-24N18.1,0.0,0.0,0
ENSG00000168488.18,ATXN2L,0.0,0.0,0
ENSG00000275807.1,RP11-1348G14.8,0.0,0.0,0
ENSG00000184110.14,EIF3C,0.0,0.0,0
ENSG00000196502.11,SULT1A1,0.0,0.0,0
ENSG00000197165.10,SULT1A2,0.0,0.0,0
ENSG00000176476.8,SGF29,0.0,0.0,0
ENSG00000275441.1,RP11-666O2.2,0.0,0.0,0
ENSG00000176046.8,NUPR1,0.0,0.0,0
ENSG00000188603.18,CLN3,0.0,0.0,0
ENSG00000140750.16,ARHGAP17,0.0,0.0,0
ENSG00000090905.18,TNRC6A,0.0,0.0,0
ENSG00000258186.2,SLC7A5P2,0.0,0.0,0
ENSG00000122254.6,HS3ST2,0.0,0.0,0
ENSG00000243716.10,NPIPB5,0.0,0.0,0
ENSG00000237296.9,SMG1P1,0.0,0.0,0
ENSG00000257122.5,RRN3P3,0.0,0.0,0
ENSG00000140743.7,CDR2,0.0,0.0,0
ENSG00000058600.15,POLR3E,0.0,0.0,0
ENSG00000103319.11,EEF2K,0.0,0.0,0
ENSG00000175267.14,VWA3A,0.0,0.0,0
ENSG00000185716.11,C16orf52,0.0,0.0,0
ENSG00000155714.13,PDZD9,0.0,0.0,0
ENSG00000140740.10,UQCRC2,0.0,0.0,0
ENSG00000185710.9,SMG1P4,0.0,0.0,0
ENSG00000185864.16,NPIPB4,0.0,0.0,0
ENSG00000248124.7,RRN3P1,0.0,0.0,0
ENSG00000140749.8,IGSF6,0.0,0.0,0
ENSG00000197006.13,METTL9,0.0,0.0,0
ENSG00000277041.1,RP11-368J21.4,0.0,0.0,0
ENSG00000103404.14,USP31,0.0,0.0,0
ENSG00000122257.18,RBBP6,0.0,0.0,0
ENSG00000168447.10,SCNN1B,0.0,0.0,0
ENSG00000166501.12,PRKCB,0.0,0.0,0
ENSG00000134398.14,ERN2,0.0,0.0,0
ENSG00000261266.2,CTD-2196E14.5,0.0,0.0,0
ENSG00000166851.14,PLK1,0.0,0.0,0
ENSG00000166847.9,DCTN5,0.0,0.0,0
ENSG00000261723.1,CTD-2196E14.3,0.0,0.0,0
ENSG00000083093.9,PALB2,0.0,0.0,0
ENSG00000004779.9,NDUFAB1,0.0,0.0,0
ENSG00000103353.15,UBFD1,0.0,0.0,0
ENSG00000103356.15,EARS2,0.0,0.0,0
ENSG00000261528.2,AC002400.1,0.0,0.0,0
ENSG00000103365.15,GGA2,0.0,0.0,0
ENSG00000260136.5,CTD-2270L9.4,0.0,0.0,0
ENSG00000280039.1,RN7SKP23,0.0,0.0,0
ENSG00000168434.12,COG7,0.0,0.0,0
ENSG00000140545.14,MFGE8,0.0,0.0,0
ENSG00000157766.15,ACAN,0.0,0.0,0
ENSG00000275325.4,PDCD6IPP1,0.0,3.1321273e-05,1
ENSG00000140265.12,ZSCAN29,0.0,0.0,0
ENSG00000224677.1,PDIA3P2,0.0,0.0006630695,1
ENSG00000166762.16,CATSPER2,0.0,0.0,0
ENSG00000237289.9,CKMT1B,0.0,0.0,0
ENSG00000168781.21,PPIP5K1,0.0,0.0,0
ENSG00000166963.12,MAP1A,0.0,0.0,0
ENSG00000067369.13,TP53BP1,0.0,0.0,0
ENSG00000137822.12,TUBGCP4,0.0,0.0,0
ENSG00000168803.14,ADAL,0.0,0.0,0
ENSG00000256061.7,DYX1C1,0.0,0.0,0
ENSG00000168806.7,LCMT2,0.0,0.0,0
ENSG00000166946.13,CCNDBP1,0.0,0.0,0
ENSG00000261687.1,RP11-473C18.3,0.0,0.0,0
ENSG00000137842.6,TMEM62,0.0,0.0,0
ENSG00000205871.5,RPS3AP47,0.0,0.0,0
ENSG00000166947.11,EPB42,0.0,0.0,0
ENSG00000159459.11,UBR1,0.0,0.0,0
ENSG00000249839.1,AC011330.5,0.0,0.0,0
ENSG00000223572.9,CKMT1A,0.0,0.0,0
ENSG00000167004.12,PDIA3,0.0,0.0,0
ENSG00000128886.11,ELL3,0.0,0.00068592594,1
ENSG00000229474.6,PATL2,0.0,0.0,0
ENSG00000104133.14,SPG11,0.0,0.0,0
ENSG00000104131.12,EIF3J,0.0,0.0,0
ENSG00000137770.13,CTDSPL2,0.0,0.0,0
ENSG00000259595.1,RP11-516C1.1,0.0,0.0,0
ENSG00000166734.18,CASC4,0.0,0.0,0
ENSG00000185607.5,ACTBP7,0.0,0.0,0
ENSG00000227973.1,PIN4P1,0.0,0.0,0
ENSG00000171877.20,FRMD5,0.0,0.0,0
ENSG00000092470.11,WDR76,0.0,0.0,0
ENSG00000140259.6,MFAP1,0.0,0.0,0
ENSG00000242028.6,HYPK,0.0,0.0,0
ENSG00000184716.13,SERINC4,0.0,0.0,0
ENSG00000221792.1,MIR1282,0.0,0.0,0
ENSG00000140264.19,SERF2,0.0,0.0,0
ENSG00000260799.1,KRT8P50,0.0,0.0,0
ENSG00000128881.16,TTBK2,0.0,0.0,0
ENSG00000278769.1,CTD-2036P10.5,0.0,0.0,0
ENSG00000243789.10,JMJD7,0.0,0.0,0
ENSG00000137802.13,MAPKBP1,0.0,0.0,0
ENSG00000270702.1,RP11-107F6.4,0.0,0.0,0
ENSG00000174197.16,MGA,0.0,0.0,0
ENSG00000092445.11,TYRO3,0.0,0.0,0
ENSG00000103932.11,RPAP1,0.0,0.0,0
ENSG00000170919.15,TPT1-AS1,0.0,0.0,0
ENSG00000137825.10,ITPKA,0.0,0.0,0
ENSG00000137815.14,RTF1,0.0,0.0,0
ENSG00000137806.8,NDUFAF1,0.0,0.0,0
ENSG00000137804.12,NUSAP1,0.0,0.0,0
ENSG00000104147.8,OIP5,0.0,0.0,0
ENSG00000187446.11,CHP1,0.0,0.0,0
ENSG00000157021.9,FAM92A1P1,0.0,0.0,0
ENSG00000259521.1,RP11-540O11.4,0.0,0.0,0
ENSG00000128908.15,INO80,0.0,0.0,0
ENSG00000250379.1,RP11-23P13.4,0.0,0.0,0
ENSG00000243708.10,PLA2G4B,0.0,0.0,0
ENSG00000140326.12,CDAN1,0.0,0.0,0
ENSG00000137877.9,SPTBN5,0.0,0.0,0
ENSG00000159433.11,STARD9,0.0,0.0,0
ENSG00000137814.10,HAUS2,0.0,0.0,0
ENSG00000180979.9,LRRC57,0.0,0.0,0
ENSG00000092531.9,SNAP23,0.0,0.0,0
ENSG00000103994.16,ZNF106,0.0,0.0,0
ENSG00000092529.23,CAPN3,0.0,0.0,0
ENSG00000260571.1,BNIP3P5,0.0,0.0,0
ENSG00000214013.9,GANC,0.0,0.0,0
ENSG00000103978.15,TMEM87A,0.0,0.0,0
ENSG00000261002.5,RP11-546B15.1,0.0,0.0,0
ENSG00000166887.15,VPS39,0.0,0.0,0
ENSG00000168907.13,PLA2G4F,0.0,0.0,0
ENSG00000159337.6,PLA2G4D,0.0,0.0,0
ENSG00000188089.13,PLA2G4E,0.0,0.0,0
ENSG00000103966.10,EHD4,0.0,0.0,0
ENSG00000185880.12,TRIM69,0.0,0.0,0
ENSG00000140263.13,SORD,0.0,0.0,0
ENSG00000259352.1,RP11-109D20.2,0.0,0.0,0
ENSG00000259201.1,RP11-56B16.5,0.0,0.0,0
ENSG00000138594.13,TMOD3,0.0,0.0,0
ENSG00000128872.9,TMOD2,0.0,0.0,0
ENSG00000104112.8,SCG3,0.0,0.0,0
ENSG00000259668.5,RP11-707P17.2,0.0,0.0,0
ENSG00000104093.13,DMXL2,0.0,0.0,0
ENSG00000259678.1,RP11-707P17.1,0.0,0.0,0
ENSG00000186417.13,GLDN,0.0,0.0,0
ENSG00000137869.14,CYP19A1,0.0,0.0,0
ENSG00000183578.6,TNFAIP8L3,0.0,0.0,0
ENSG00000259378.1,DCAF13P3,0.0,0.0,0
ENSG00000081014.10,AP4E1,0.0,0.0,0
ENSG00000259773.1,RP11-507J18.2,0.0,0.0,0
ENSG00000138600.9,SPPL2A,0.0,0.0,0
ENSG00000092439.13,TRPM7,0.0,0.0,0
ENSG00000170236.14,USP50,0.0,0.0,0
ENSG00000259632.2,RP11-56B16.1,0.0,0.0,0
ENSG00000166477.12,LEO1,0.0,0.0,0
ENSG00000242737.1,RP11-562A8.1,0.0,0.0,0
ENSG00000069956.11,MAPK6,0.0,0.0,0
ENSG00000283891.1,MIR628,0.0,0.0,0
ENSG00000260916.7,CCPG1,0.0,0.0,0
ENSG00000069943.9,PIGB,0.0,0.0,0
ENSG00000137876.9,RSL24D1,0.0,0.0,0
ENSG00000137766.16,UNC13C,0.0,0.0,0
ENSG00000166415.14,WDR72,0.0,0.0,0
ENSG00000259612.1,EEF1A1P22,0.0,0.0,0
ENSG00000169856.8,ONECUT1,0.0,0.0,0
ENSG00000047346.12,FAM214A,0.0,0.0,0
ENSG00000260618.1,RP11-23N2.4,0.0,0.0,0
ENSG00000128989.10,ARPP19,0.0,0.0018992263,1
ENSG00000231169.4,EEF1B2P1,0.0,0.0,0
ENSG00000197535.14,MYO5A,0.0,0.0,0
ENSG00000259577.1,CERNA1,0.0,0.0,0
ENSG00000069966.18,GNB5,0.0,0.0,0
ENSG00000259298.1,RP11-562A8.4,0.0,0.0,0
ENSG00000138592.13,USP8,0.0,0.0,0
ENSG00000140279.12,DUOX2,0.0,0.0,0
ENSG00000104177.17,MYEF2,0.0,0.0,0
ENSG00000213862.4,CTD-2270N23.1,0.0,0.0,0
ENSG00000137872.16,SEMA6D,0.0,0.0,0
ENSG00000137767.13,SQRDL,0.0,0.0,0
ENSG00000104164.10,BLOC1S6,0.0,0.0,0
ENSG00000104154.6,SLC30A4,0.0,0.0,0
ENSG00000284386.1,MIR147B,0.0,0.0,0
ENSG00000166920.12,C15orf48,0.0,0.0,0
ENSG00000171763.18,SPATA5L1,0.0,0.0,0
ENSG00000171766.15,GATM,0.0,0.0,0
ENSG00000137860.11,SLC28A2,0.0,0.0,0
ENSG00000259519.1,RP11-519G16.2,0.0,0.0,0
ENSG00000138606.19,SHF,0.0,0.0,0
ENSG00000137857.17,DUOX1,0.0,0.0,0
ENSG00000140254.12,DUOXA1,0.0,0.0,0
ENSG00000140274.13,DUOXA2,0.0,0.00018512183,1
ENSG00000188467.10,SLC24A5,0.0,0.0,0
ENSG00000074803.17,SLC12A1,0.0,0.00021055166,1
ENSG00000104064.16,GABPB1,0.0,0.0,0
ENSG00000128951.13,DUT,0.0,0.0,0
ENSG00000140287.10,HDC,0.0,0.0,0
ENSG00000140284.10,SLC27A2,0.0,0.0,0
ENSG00000104043.14,ATP8B4,0.0,0.0,0
ENSG00000104047.14,DTWD1,0.0,0.0,0
ENSG00000140285.9,FGF7,0.0,0.0,0
ENSG00000259531.2,RP11-295H24.3,0.0,0.0,0
ENSG00000166262.15,FAM227B,0.0,0.0,0
ENSG00000156958.14,GALK2,0.0,0.0,0
ENSG00000166200.14,COPS2,0.0,0.0,0
ENSG00000138593.8,SECISBP2L,0.0,0.0,0
ENSG00000255302.4,EID1,0.0,0.0,0
ENSG00000259670.1,RP11-485O10.2,0.0,0.0,0
ENSG00000259216.2,RP11-227D13.2,0.0,0.0,0
ENSG00000103995.13,CEP152,0.0,0.0,0
ENSG00000166147.13,FBN1,0.0,0.0,0
ENSG00000128965.11,CHAC1,0.0,0.0005412032,2
ENSG00000104142.10,VPS18,0.0,0.0,0
ENSG00000104140.6,RHOV,0.0,0.0,0
ENSG00000206190.11,ATP10A,0.0,0.0,0
ENSG00000202261.1,SNORD115-44,0.0,0.0,0
ENSG00000200478.1,SNORD115-41,0.0,0.0,0
ENSG00000272460.1,SNORD115-40,0.0,0.0,0
ENSG00000200564.1,SNORD115-39,0.0,0.0,0
ENSG00000201907.1,SNORD115-38,0.0,0.0,0
ENSG00000199311.1,SNORD115-34,0.0,0.0,0
ENSG00000200593.1,SNORD115-33,0.0,0.00023585476,1
ENSG00000200949.1,SNORD115-32,0.0,0.0,0
ENSG00000201331.1,SNORD115-23,0.0,0.0,0
ENSG00000201679.1,SNORD115-15,0.0,0.0,0
ENSG00000201943.1,SNORD115-10,0.0,0.0,0
ENSG00000207245.1,SNORD116-29,0.0,0.0,0
ENSG00000278123.1,SNORD116-28,0.0,0.0,0
ENSG00000251896.1,SNORD116-27,0.0,0.0,0
ENSG00000251815.1,SNORD116-26,0.0,0.0,0
ENSG00000114062.18,UBE3A,0.0,0.0,0
ENSG00000104044.15,OCA2,0.0,5.2762036e-05,1
ENSG00000207279.1,SNORD116-24,0.0,0.0,0
ENSG00000128731.15,HERC2,0.0,0.0,0
ENSG00000260128.6,ULK4P2,0.0,0.0,0
ENSG00000178115.11,GOLGA8Q,0.0,0.0,0
ENSG00000215302.8,CTD-3092A11.1,0.0,0.0,0
ENSG00000186399.10,GOLGA8R,0.0,0.0,0
ENSG00000260174.1,CTD-2022H16.3,0.0,0.0,0
ENSG00000234664.1,HMGN2P5,0.0,0.0,0
ENSG00000104067.16,TJP1,0.0,6.438448e-05,1
ENSG00000185115.5,NSMCE3,0.0,2.2772523e-05,1
ENSG00000259299.1,RP11-37J13.1,0.0,0.0,0
ENSG00000034053.14,APBA2,0.0,0.0,0
ENSG00000261377.5,PDCD6IPP2,0.0,0.0,0
ENSG00000188626.6,GOLGA8M,0.0,0.0,0
ENSG00000254398.1,RP11-578F21.2,0.0,0.00037076153,1
ENSG00000206149.10,HERC2P9,0.0,0.0,0
ENSG00000256338.2,RPL41P2,0.0,0.0,0
ENSG00000252326.1,SNORD116-25,0.0,9.775637e-05,1
ENSG00000279735.2,RP11-701H24.10,0.0,0.0,0
ENSG00000187951.10,ARHGAP11B,0.0,0.0,0
ENSG00000275529.1,SNORD116-4,0.0,0.0005169301,1
ENSG00000207001.1,SNORD116-2,0.0,0.0,0
ENSG00000207063.1,SNORD116-1,0.0,0.0,0
ENSG00000279192.1,PWAR5,0.0,0.0,0
ENSG00000270704.3,RP11-701H24.5,0.0,0.0,0
ENSG00000276314.1,SNORD107,0.0,0.0,0
ENSG00000224078.13,SNHG14,0.0,0.0,0
ENSG00000273173.5,SNURF,0.0,0.0,0
ENSG00000128739.21,SNRPN,0.0,8.994493e-05,1
ENSG00000182636.5,NDN,0.0,0.0,0
ENSG00000179455.7,MKRN3,0.0,0.0,0
ENSG00000274471.1,RP11-228M15.1,0.0,0.0,0
ENSG00000275835.4,TUBGCP5,0.0,0.00017351565,1
ENSG00000273749.4,CYFIP1,0.0,0.0002465351,1
ENSG00000140157.14,NIPA2,0.0,0.0,0
ENSG00000170113.15,NIPA1,0.0,0.0,0
ENSG00000207014.1,SNORD116-3,0.0,0.0,0
ENSG00000207191.1,SNORD116-5,0.0,0.0,0
ENSG00000207375.1,SNORD116-23,0.0,6.799148e-05,1
ENSG00000207442.1,SNORD116-6,0.0,0.0,0
ENSG00000275127.1,SNORD116-22,0.0,0.0,0
ENSG00000277785.1,SNORD116-21,0.0,0.0,0
ENSG00000278715.1,SNORD116-20,0.0,0.0,0
ENSG00000261069.3,RP11-701H24.4,0.0,0.0,0
ENSG00000207460.1,SNORD116-19,0.0,0.00028288894,1
ENSG00000206688.1,SNORD116-18,0.0,0.0,0
ENSG00000206656.1,SNORD116-17,0.0,0.0,0
ENSG00000207263.1,SNORD116-16,0.0,0.0,0
ENSG00000207174.1,SNORD116-15,0.0,0.0,0
ENSG00000206621.1,SNORD116-14,0.0,0.0,0
ENSG00000207137.1,SNORD116-13,0.0,0.0,0
ENSG00000206609.1,SNORD116-11,0.0,0.0,0
ENSG00000206727.1,SNORD116-9,0.0,0.0,0
ENSG00000207093.1,SNORD116-8,0.0,0.0,0
ENSG00000207133.1,SNORD116-7,0.0,0.0,0
ENSG00000261794.1,GOLGA8H,0.0,0.0,0
ENSG00000260382.1,RP11-540B6.2,0.0,0.0,0
ENSG00000166145.14,SPINT1,0.0,0.0,0
ENSG00000137841.11,PLCB2,0.0,0.0,0
ENSG00000156970.12,BUB1B,0.0,0.0,0
ENSG00000104081.13,BMF,0.0,0.0,0
ENSG00000140319.10,SRP14,0.0,0.0,0
ENSG00000128829.11,EIF2AK4,0.0,0.0,0
ENSG00000166073.10,GPR176,0.0,0.0,0
ENSG00000150667.6,FSIP1,0.0,0.0,0
ENSG00000259279.1,CTD-2033D15.1,0.0,0.0001449582,1
ENSG00000278621.1,CTD-2033D15.3,0.0,0.0,0
ENSG00000137801.10,THBS1,0.0,0.0,0
ENSG00000259326.1,RP11-102L12.2,0.0,0.0,0
ENSG00000172575.11,RASGRP1,0.0,0.0,0
ENSG00000171262.11,FAM98B,0.0,0.00023954923,1
ENSG00000166068.12,SPRED1,0.0,0.0,0
ENSG00000134138.19,MEIS2,0.0,0.0,0
ENSG00000261315.2,LARP4P,0.0,0.0,0
ENSG00000137843.11,PAK6,0.0,0.0,0
ENSG00000188549.12,C15orf52,0.0,0.0,0
ENSG00000186073.11,C15orf41,0.0,0.0,0
ENSG00000233041.8,PHGR1,0.0,0.00049572263,1
ENSG00000166143.9,PPP1R14D,0.0,0.0,0
ENSG00000188277.9,C15orf62,0.0,0.0,0
ENSG00000104129.9,DNAJC17,0.0,0.0,0
ENSG00000137880.5,GCHFR,0.0,0.0,0
ENSG00000137824.15,RMDN3,0.0,0.0,0
ENSG00000051180.16,RAD51,0.0,0.0,0
ENSG00000137812.19,KNL1,0.0,0.0,0
ENSG00000166133.17,RPUSD2,0.0,0.0,0
ENSG00000128891.15,C15orf57,0.0,0.0,0
ENSG00000169105.7,CHST14,0.0,9.225654e-05,1
ENSG00000259211.1,RP11-64K12.8,0.0,0.0,0
ENSG00000140320.11,BAHD1,0.0,0.0,0
ENSG00000128928.8,IVD,0.0,0.00012604441,1
ENSG00000128944.13,KNSTRN,0.0,0.0,0
ENSG00000259368.1,RP11-64K12.4,0.0,0.0,0
ENSG00000261635.2,RP11-618N24.1,0.0,0.0,0
ENSG00000259411.1,HNRNPA1P45,0.0,0.0,0
ENSG00000198690.9,FAN1,0.0,0.0,0
ENSG00000140199.11,SLC12A6,0.0,0.0,0
ENSG00000134152.10,KATNBL1,0.0,0.0,0
ENSG00000182405.5,PGBD4,0.0,0.0,0
ENSG00000134153.9,EMC7,0.0,0.0,0
ENSG00000169857.7,AVEN,0.0,0.0,0
ENSG00000198838.13,RYR3,0.0,0.0,0
ENSG00000259686.1,HNRNPA1P71,0.0,0.0,0
ENSG00000248905.8,FMN1,0.0,0.0,0
ENSG00000166923.10,GREM1,0.0,0.0,0
ENSG00000259721.1,RP11-758N13.1,0.0,7.2833197e-09,1
ENSG00000166922.8,SCG5,0.0,0.0,0
ENSG00000198826.10,ARHGAP11A,0.0,0.0,0
ENSG00000249931.4,GOLGA8K,0.0,0.0,0
ENSG00000169926.10,KLF13,0.0,0.0,0
ENSG00000259772.6,RP11-16E12.2,0.0,0.0,0
ENSG00000166912.16,MTMR10,0.0,0.0,0
ENSG00000128463.12,EMC4,0.0,0.000118816286,1
ENSG00000259468.1,RP11-1084A12.2,0.0,0.0,0
ENSG00000259585.2,RBM17P4,0.0,0.0,0
ENSG00000182117.5,NOP10,0.0,0.0,0
ENSG00000134146.11,DPH6,0.0,0.0,0
ENSG00000259516.2,ANP32AP1,0.0,0.0,0
ENSG00000259592.1,PRELID1P4,0.0,0.0,0
ENSG00000259397.3,RP11-323I15.2,0.0,0.0,0
ENSG00000255192.5,NANOGP8,0.0,0.0,0
ENSG00000259665.1,RP11-323I15.3,0.0,0.0,0
ENSG00000279364.1,RP11-463I20.1,0.0,0.0,0
ENSG00000198146.4,ZNF770,0.0,0.0,0
ENSG00000231409.3,RP11-83J16.1,0.0,0.0,0
ENSG00000021776.10,AQR,0.0,0.0,0
ENSG00000159251.6,ACTC1,0.0,0.0,0
ENSG00000215252.11,GOLGA8B,0.0,0.0,0
ENSG00000259917.1,HNRNPLP2,0.0,2.9597872e-05,1
ENSG00000175265.17,GOLGA8A,0.0,0.0,0
ENSG00000176454.13,LPCAT4,0.0,0.0,0
ENSG00000261652.2,C15orf65,0.0,0.0,0
ENSG00000260036.1,RP11-178D12.2,0.0,0.0,0
ENSG00000172183.14,ISG20,0.0,0.0,0
ENSG00000259581.3,TYRO3P,0.0,0.0,0
ENSG00000169783.12,LINGO1,0.0,0.0,0
ENSG00000140382.14,HMG20A,0.0,0.0,0
ENSG00000230459.3,RP11-741G21.1,0.0,0.0,0
ENSG00000173517.10,PEAK1,0.0,0.0,0
ENSG00000140391.14,TSPAN3,0.0,0.0,0
ENSG00000117906.13,RCN2,0.0,0.0,0
ENSG00000140386.12,SCAPER,0.0,0.0,0
ENSG00000140374.15,ETFA,0.0,0.0,0
ENSG00000171016.11,PYGO1,0.0,0.0,0
ENSG00000169758.12,TMEM266,0.0,0.0,0
ENSG00000167196.13,FBXO22,0.0,0.0,0
ENSG00000140367.11,UBE2Q2,0.0,0.0,0
ENSG00000182950.2,ODF3L1,0.0,0.0,0
ENSG00000203392.3,CTD-2026K11.6,0.0,0.0,0
ENSG00000260892.1,CTD-2026K11.1,0.0,0.00020492985,1
ENSG00000173546.7,CSPG4,0.0,0.0,0
ENSG00000260139.6,CSPG4P13,0.0,0.0,0
ENSG00000261143.1,ADAMTS7P3,0.0,0.0,0
ENSG00000167202.11,TBC1D2B,0.0,0.0,0
ENSG00000136425.12,CIB2,0.0,0.0,0
ENSG00000177699.4,RP11-16K12.1,0.0,0.0,0
ENSG00000058335.15,RASGRF1,0.0,0.0,0
ENSG00000103811.15,CTSH,0.0,0.0,0
ENSG00000185787.14,MORF4L1,0.0,0.0,0
ENSG00000136378.14,ADAMTS7,0.0,0.0,0
ENSG00000261762.1,RP11-650L12.2,0.0,0.00040134005,1
ENSG00000169684.13,CHRNA5,0.0,0.0,0
ENSG00000041357.15,PSMA4,0.0,0.0,0
ENSG00000188266.13,HYKK,0.0,0.0,0
ENSG00000136381.12,IREB2,0.0,0.0,0
ENSG00000166426.7,CRABP1,0.0,0.0,0
ENSG00000140395.8,WDR61,0.0,0.0001412208,1
ENSG00000140403.12,DNAJA4,0.0,0.00018169162,1
ENSG00000103740.9,ACSBG1,0.0,0.0,0
ENSG00000166411.13,IDH3A,0.0,0.0,0
ENSG00000173548.8,SNX33,0.0,0.0,0
ENSG00000177971.8,IMP3,0.0,0.0,0
ENSG00000169371.13,SNUPN,0.0,0.0,0
ENSG00000179151.11,EDC3,0.0,0.0,0
ENSG00000179361.17,ARID3B,0.0,0.0,0
ENSG00000138629.15,UBL7,0.0,9.9626464e-05,1
ENSG00000138623.9,SEMA7A,0.0,0.0,0
ENSG00000140481.14,CCDC33,0.0,0.0,0
ENSG00000137868.18,STRA6,0.0,0.0,0
ENSG00000129009.12,ISLR,0.0,0.0,0
ENSG00000140464.19,PML,0.0,0.0,0
ENSG00000129038.15,LOXL1,0.0,0.0,0
ENSG00000103855.17,CD276,0.0,0.0,0
ENSG00000156642.16,NPTN,0.0,0.0,0
ENSG00000183324.10,REC114,0.0,0.0,0
ENSG00000067141.16,NEO1,0.0,0.0,0
ENSG00000159322.17,ADPGK,0.0,0.0,0
ENSG00000140463.13,BBS4,0.0,0.000702554,1
ENSG00000283798.1,MIR630,0.0,0.0,0
ENSG00000179335.18,CLK3,0.0,0.0,0
ENSG00000140505.6,CYP1A2,0.0,0.0,0
ENSG00000169410.9,PTPN9,0.0,0.0014596734,1
ENSG00000103653.16,CSK,0.0,0.0,0
ENSG00000169375.15,SIN3A,0.0,0.0,0
ENSG00000260274.1,RP11-817O13.8,0.0,0.0,0
ENSG00000140400.16,MAN2C1,0.0,0.0,0
ENSG00000140398.13,NEIL1,0.0,0.0,0
ENSG00000140365.15,COMMD4,0.0,0.0,0
ENSG00000167173.18,C15orf39,0.0,0.0,0
ENSG00000240366.1,RPL36AP45,0.0,0.0015967727,2
ENSG00000138621.11,PPCDC,0.0,0.0,0
ENSG00000198794.11,SCAMP5,0.0,0.0,0
ENSG00000178718.6,RPP25,0.0,0.0,0
ENSG00000178741.11,COX5A,0.0,0.0,0
ENSG00000178761.14,FAM219B,0.0,0.0,0
ENSG00000178802.17,MPI,0.0,0.00020525741,1
ENSG00000140497.16,SCAMP2,0.0,0.0,0
ENSG00000140474.12,ULK3,0.0,0.0,0
ENSG00000166557.12,TMED3,0.0,0.0,0
ENSG00000169330.8,KIAA1024,0.0,0.0,0
ENSG00000180953.11,ST20,0.0,0.0,0
ENSG00000140612.13,SEC11A,0.0,0.0,0
ENSG00000177082.12,WDR73,0.0,0.0,0
ENSG00000254779.4,EGLN1P1,0.0,0.0,0
ENSG00000176700.19,SCAND2P,0.0,0.0,0
ENSG00000276278.1,RP11-182J1.3,0.0,0.0005202802,1
ENSG00000176371.13,ZSCAN2,0.0,0.00012366008,1
ENSG00000275120.2,RP11-182J1.18,0.0,0.0,0
ENSG00000189136.8,UBE2Q2P1,0.0,0.0,0
ENSG00000230373.8,GOLGA6L5P,0.0,0.0,0
ENSG00000272887.1,CSPG4P5,0.0,0.0,0
ENSG00000259683.1,RP11-182J1.14,0.0,0.0,0
ENSG00000184206.11,GOLGA6L4,0.0,0.0,0
ENSG00000259511.2,UBE2Q2L,0.0,0.0,0
ENSG00000259404.5,EFTUD1P1,0.0,0.0,0
ENSG00000156218.12,ADAMTSL3,0.0,0.0,0
ENSG00000140600.16,SH3GL3,0.0,0.0,0
ENSG00000197696.9,NMB,0.0,0.0,0
ENSG00000166716.9,ZNF592,0.0,0.0,0
ENSG00000166503.8,RP11-382A20.3,0.0,0.0,0
ENSG00000136383.6,ALPK3,0.0,0.0,0
ENSG00000181026.14,AEN,0.0,0.0,0
ENSG00000140543.14,DET1,0.0,0.0,0
ENSG00000279945.1,RP11-97O12.5,0.0,0.0,0
ENSG00000181991.15,MRPS11,0.0,0.0,0
ENSG00000259494.1,MRPL46,0.0,0.0,0
ENSG00000273540.3,AGBL1,0.0,0.0,0
ENSG00000183655.12,KLHL25,0.0,0.0,0
ENSG00000259407.1,RP11-158M2.3,0.0,0.0,0
ENSG00000259544.1,RP11-158M2.2,0.0,0.0,0
ENSG00000259375.1,RP11-815J21.2,0.0,0.0,0
ENSG00000259630.2,CTD-2262B20.1,0.0,0.0,0
ENSG00000170776.21,AKAP13,0.0,0.0,0
ENSG00000188388.10,GOLGA6L3,0.0,0.0,0
ENSG00000073417.14,PDE8A,0.0,0.0,0
ENSG00000156222.11,SLC28A1,0.0,0.0,0
ENSG00000169594.13,BNC1,0.0,0.0,0
ENSG00000136404.15,TM6SF1,0.0,0.0,0
ENSG00000259642.2,ST20-AS1,0.0,0.0,0
ENSG00000188659.9,SAXO2,0.0,0.0,0
ENSG00000172345.13,STARD5,0.0,0.0,0
ENSG00000271725.1,RP11-761I4.4,0.0,0.0,0
ENSG00000172349.17,IL16,0.0,0.0,0
ENSG00000156206.13,CFAP161,0.0,0.0,0
ENSG00000140406.3,MESDC1,0.0,0.0,0
ENSG00000117899.10,MESDC2,0.0,0.0,0
ENSG00000259649.4,RP11-351M8.1,0.0,0.0,0
ENSG00000208003.1,MIR549A,0.0,0.0,0
ENSG00000103888.16,CEMIP,0.0,0.000585567,1
ENSG00000136379.11,ABHD17C,0.0,0.0,0
ENSG00000270919.1,RP11-379K22.3,0.0,0.0,0
ENSG00000172379.20,ARNT2,0.0,0.0,0
ENSG00000103876.11,FAH,0.0,0.0,0
ENSG00000086666.18,ZFAND6,0.0,0.0,0
ENSG00000140379.7,BCL2A1,0.0,0.00011229426,1
ENSG00000140598.13,EFL1,0.0,0.0,0
ENSG00000278662.4,GOLGA6L10,0.0,0.0,0
ENSG00000259308.3,RP11-382A20.1,0.0,0.0,0
ENSG00000237550.5,RPL9P9,0.0,0.0,0
ENSG00000273747.1,RP11-90B9.3,0.0,0.0,0
ENSG00000064726.9,BTBD1,0.0,0.0,0
ENSG00000169609.13,C15orf40,0.0,0.0,0
ENSG00000169612.3,FAM103A1,0.0,0.0,0
ENSG00000103942.12,HOMER2,0.0,0.0,0
ENSG00000156232.7,WHAMM,0.0,0.0,0
ENSG00000277864.1,SCARNA15,0.0,0.0,0
ENSG00000186628.12,FSD2,0.0,0.0,0
ENSG00000103723.12,AP3B2,0.0,0.0,0
ENSG00000182774.10,RPS17,0.0,0.0,0
ENSG00000277741.4,GOLGA6L17P,0.0,0.0,0
ENSG00000255769.7,GOLGA2P10,0.0,0.0002610644,1
ENSG00000278603.1,RP13-608F4.5,0.0,0.0,0
ENSG00000275695.1,UBE2Q2P6,0.0,0.0,0
ENSG00000197978.9,GOLGA6L9,0.0,0.0014717059,1
ENSG00000166233.14,ARIH1,0.0,0.0,0
ENSG00000261423.1,RP11-1007O24.3,0.0,0.0,0
ENSG00000213614.9,HEXA,0.0,0.0,0
ENSG00000035664.11,DAPK2,0.0,0.0,0
ENSG00000103657.13,HERC1,0.0,0.0,0
ENSG00000259248.5,USP3-AS1,0.0,0.0,0
ENSG00000140455.16,USP3,0.0,0.0,0
ENSG00000074410.13,CA12,0.0,0.0,0
ENSG00000138613.13,APH1B,0.0,0.0,0
ENSG00000166128.12,RAB8B,0.0,0.0,0
ENSG00000185088.13,RPS27L,0.0,0.0,0
ENSG00000103642.11,LACTB,0.0,0.0,0
ENSG00000259627.1,RP11-244F12.2,0.0,0.0,0
ENSG00000259498.1,RP11-244F12.3,0.0,0.0,0
ENSG00000140416.19,TPM1,0.0,0.0,0
ENSG00000171914.16,TLN2,0.0,0.0,0
ENSG00000129003.15,VPS13C,0.0,0.0,0
ENSG00000259513.1,CYCSP38,0.0,0.0,0
ENSG00000069667.15,RORA,0.0,0.0,0
ENSG00000259589.2,RP11-317G6.1,0.0,0.0,0
ENSG00000166797.10,FAM96A,0.0,0.0,0
ENSG00000240163.1,RP11-745A24.1,0.0,0.0,0
ENSG00000028528.14,SNX1,0.0,0.0,0
ENSG00000166839.16,ANKDD1A,0.0,0.0,0
ENSG00000241839.9,PLEKHO2,0.0,0.0,0
ENSG00000140451.12,PIF1,0.0,0.0,0
ENSG00000166831.8,RBPMS2,0.0,0.0,0
ENSG00000180304.14,OAZ2,0.0,0.0,0
ENSG00000239465.1,RP11-330L19.2,0.0,0.0,0
ENSG00000243403.1,RP11-330L19.1,0.0,0.0,0
ENSG00000248415.1,GAPDHP61,0.0,0.0,0
ENSG00000180357.9,ZNF609,0.0,0.0,0
ENSG00000103671.9,TRIP4,0.0,0.0,0
ENSG00000166803.11,PCLAF,0.0,0.0,0
ENSG00000259316.10,CTD-2116N17.1,0.0,0.0,0
ENSG00000169118.17,CSNK1G1,0.0,0.0,0
ENSG00000166794.4,PPIB,0.0,6.613183e-05,1
ENSG00000157734.13,SNX22,0.0,0.0,0
ENSG00000128915.11,ICE2,0.0,0.0,0
ENSG00000182718.16,ANXA2,0.0,0.0,0
ENSG00000274383.1,CTD-2017F17.2,0.0,0.0,0
ENSG00000103569.9,AQP9,0.0,0.0,0
ENSG00000255529.7,POLR2M,0.0,0.0,0
ENSG00000263155.5,MYZAP,0.0,0.0,0
ENSG00000261265.1,CTD-2515H24.4,0.0,0.0,0
ENSG00000128849.10,CGNL1,0.0,0.0,0
ENSG00000260689.2,HNRNPA3P11,0.0,0.0,0
ENSG00000140262.17,TCF12,0.0,0.0,0
ENSG00000137871.19,ZNF280D,0.0,0.0,0
ENSG00000138587.5,MNS1,0.0,0.0,0
ENSG00000259941.1,RP11-48G14.2,0.0,0.0,0
ENSG00000151575.14,TEX9,0.0,0.0,0
ENSG00000181827.14,RFX7,0.0,0.0,0
ENSG00000230183.4,CNOT6LP1,0.0,0.0,0
ENSG00000069869.15,NEDD4,0.0,0.0,0
ENSG00000259180.1,RP11-420M1.2,0.0,0.0,0
ENSG00000166450.12,PRTG,0.0,0.0,0
ENSG00000128918.14,ALDH1A2,0.0,0.0,0
ENSG00000166035.10,LIPC,0.0,0.0,0
ENSG00000234797.5,RPS3AP6,0.0,0.0,0
ENSG00000137845.14,ADAM10,0.0,0.0,0
ENSG00000259238.1,RP11-361D15.2,0.0,0.0,0
ENSG00000259657.1,PIGHP1,0.0,0.0,0
ENSG00000140299.11,BNIP2,0.0,0.0,0
ENSG00000140307.10,GTF2A2,0.0,0.0,0
ENSG00000140297.12,GCNT3,0.0,0.0,0
ENSG00000157470.11,FAM81A,0.0,0.0,0
ENSG00000171989.5,LDHAL6B,0.0,0.0,0
ENSG00000157483.8,MYO1E,0.0,0.0,0
ENSG00000157456.7,CCNB2,0.0,0.0,0
ENSG00000137776.16,SLTM,0.0,5.923559e-05,1
ENSG00000242747.1,RP11-30K9.1,0.0,0.0,0
ENSG00000157450.15,RNF111,0.0,0.0,0
ENSG00000128923.10,MINDY2,0.0,0.0,0
ENSG00000282100.1,HSP90AB4P,0.0,0.0,0
ENSG00000182625.3,RP11-123C21.1,0.0,0.0,0
ENSG00000275332.1,CTD-2017F17.1,0.0,0.0,0
ENSG00000090487.10,SPG21,0.0,0.0,0
ENSG00000261460.1,RP11-106M3.3,0.0,0.0,0
ENSG00000137819.13,PAQR5,0.0,0.0,0
ENSG00000255346.9,NOX5,0.0,0.0,0
ENSG00000258484.3,SPESP1,0.0,0.0,0
ENSG00000140350.15,ANP32A,0.0,0.0,0
ENSG00000103647.12,CORO2B,0.0,0.0,0
ENSG00000137809.16,ITGA11,0.0,0.000930229,1
ENSG00000169018.5,FEM1B,0.0,0.0,0
ENSG00000260602.2,HMGN2P40,0.0,0.00012951723,1
ENSG00000128973.12,CLN6,0.0,0.0,0
ENSG00000129007.14,CALML4,0.0,0.0,0
ENSG00000033800.13,PIAS1,0.0,0.0,0
ENSG00000259512.3,HNRNPA1P5,0.0,0.0,0
ENSG00000137764.19,MAP2K5,0.0,0.0,0
ENSG00000189227.5,C15orf61,0.0,0.0,0
ENSG00000103599.19,IQCH,0.0,0.0,0
ENSG00000103591.12,AAGAB,0.0,0.0,0
ENSG00000138604.9,GLCE,0.0,0.0,0
ENSG00000259426.5,RP11-253M7.1,0.0,0.0,0
ENSG00000166949.15,SMAD3,0.0,0.0,0
ENSG00000137807.13,KIF23,0.0,0.0,0
ENSG00000137817.16,PARP6,0.0,0.0,0
ENSG00000067225.17,PKM,0.0,0.0,0
ENSG00000175318.11,GRAMD2,0.0,0.0,0
ENSG00000166192.14,SENP8,0.0,0.0,0
ENSG00000066933.15,MYO9A,0.0,0.0,0
ENSG00000278408.1,RP11-1123I8.1,0.0,0.0,0
ENSG00000212664.5,RP11-592N21.1,0.0,0.0,0
ENSG00000259781.1,HMGB1P6,0.0,0.0,0
ENSG00000129028.8,THAP10,0.0,0.0,0
ENSG00000137821.11,LRRC49,0.0,0.0,0
ENSG00000166173.10,LARP6,0.0,0.0,0
ENSG00000259532.1,RP11-138H8.2,0.0,0.0,0
ENSG00000137831.14,UACA,0.0,0.0,0
ENSG00000140332.15,TLE3,0.0,0.0,0
ENSG00000137818.11,RPLP1,0.0,0.0,0
ENSG00000259202.1,RP11-342M21.2,0.0,0.0,0
ENSG00000137834.14,SMAD6,0.0,0.0,0
ENSG00000103707.9,MTFMT,0.0,0.0,0
ENSG00000174485.15,DENND4A,0.0,0.0,0
ENSG00000138614.14,INTS14,0.0,0.0,0
ENSG00000074696.12,HACD3,0.0,0.0,0
ENSG00000259232.2,RP11-349G13.1,0.0,0.0,0
ENSG00000074603.18,DPP8,0.0,0.0,0
ENSG00000103742.11,IGDCC4,0.0,0.0,0
ENSG00000200156.1,RNU5B-1,0.0,0.0,0
ENSG00000206903.1,SNORA24,0.0,0.0,0
ENSG00000138617.14,PARP16,0.0,0.0,0
ENSG00000138615.5,CILP,0.0,0.0,0
ENSG00000166855.9,CLPX,0.0,0.0,0
ENSG00000090470.14,PDCD7,0.0,0.0,0
ENSG00000259258.1,RP11-325L12.3,0.0,0.0,0
ENSG00000246922.8,UBAP1L,0.0,0.0,0
ENSG00000103710.10,RASL12,0.0,0.0,0
ENSG00000186198.3,SLC51B,0.0,0.0,0
ENSG00000074621.13,SLC24A1,0.0,0.0,0
ENSG00000238311.1,snoU13,0.0,0.0,0
ENSG00000188501.11,LCTL,0.0,0.0,0
ENSG00000103769.9,RAB11A,0.0,0.0,0
ENSG00000174442.11,ZWILCH,0.0,0.0,0
ENSG00000200623.1,SNORD18A,0.0,0.0,0
ENSG00000199673.1,SNORD16,0.0,0.0,0
ENSG00000174444.14,RPL4,0.0,5.3740823e-05,1
ENSG00000174446.12,SNAPC5,0.0,0.0,0
ENSG00000261351.2,CTD-3185P2.1,0.0,0.0,0
ENSG00000243404.2,RPL35AP32,0.0,0.0,0
ENSG00000261102.2,ATP5J2P6,0.0,0.0,0
ENSG00000169032.9,MAP2K1,0.0,0.0,0
ENSG00000240821.1,RPL9P25,0.0,0.0,0
ENSG00000252712.1,SCARNA14,0.0,0.0,0
ENSG00000075131.9,TIPIN,0.0,0.0,0
ENSG00000166938.12,DIS3L,0.0,0.0,0
ENSG00000157890.17,MEGF11,0.0,0.0,0
ENSG00000259924.1,RP11-16E23.4,0.0,9.565307e-05,1
ENSG00000214455.4,RCN1P2,0.0,0.0,0
ENSG00000061936.9,SFSWAP,0.0,0.0,0
ENSG00000273149.1,RP11-290D2.6,0.0,0.0,0
ENSG00000239306.4,RBM14,0.0,0.0,0
ENSG00000173621.8,LRFN4,0.0,0.0,0
ENSG00000173599.13,PC,0.0,0.0,0
ENSG00000173653.7,RCE1,0.0,0.0,0
ENSG00000213409.4,C1QBPP2,0.0,0.0,0
ENSG00000173715.15,C11orf80,0.0,0.0,0
ENSG00000173898.11,SPTBN2,0.0,0.0,0
ENSG00000173933.19,RBM4,0.0,0.0,0
ENSG00000173992.8,CCS,0.0,0.0014850509,1
ENSG00000174684.6,B4GAT1,0.0,0.0,0
ENSG00000174080.10,CTSF,0.0,0.0,0
ENSG00000248746.5,ACTN3,0.0,0.0,0
ENSG00000174165.7,ZDHHC24,0.0,0.0,0
ENSG00000174483.19,BBS1,0.0,0.0,0
ENSG00000254986.7,DPP3,0.0,0.0,0
ENSG00000174516.14,PELI3,0.0,0.0,0
ENSG00000174547.13,MRPL11,0.0,0.0,0
ENSG00000173237.4,C11orf86,0.0,0.0,0
ENSG00000173227.13,SYT12,0.0,0.0,0
ENSG00000173156.6,RHOD,0.0,0.0,0
ENSG00000173120.14,KDM2A,0.0,0.0,0
ENSG00000175544.13,CABP4,0.0,0.00045722298,1
ENSG00000175514.2,GPR152,0.0,0.0,0
ENSG00000172725.13,CORO1B,0.0,0.0,0
ENSG00000255949.1,AP003419.16,0.0,0.0,0
ENSG00000175634.14,RPS6KB2,0.0,0.0,0
ENSG00000172508.10,CARNS1,0.0,0.0,0
ENSG00000175463.11,TBC1D10C,0.0,0.0,0
ENSG00000172531.14,PPP1CA,0.0,0.0,0
ENSG00000175505.10,CLCF1,0.0,0.0,0
ENSG00000175482.8,POLD4,0.0,0.0,0
ENSG00000172613.7,RAD9A,0.0,0.0,0
ENSG00000172830.12,SSH3,0.0,0.0,0
ENSG00000172932.14,ANKRD13D,0.0,0.0,0
ENSG00000173020.10,GRK2,0.0,0.0,0
ENSG00000179038.8,RP11-157K17.5,0.0,0.0,0
ENSG00000255468.6,RP11-867G23.8,0.0,0.0,0
ENSG00000174744.13,BRMS1,0.0,0.0,0
ENSG00000110711.9,AIP,0.0,0.0,0
ENSG00000173039.18,RELA,0.0,0.0,0
ENSG00000172543.7,CTSW,0.0,0.0,0
ENSG00000172732.11,MUS81,0.0,0.0,0
ENSG00000172803.17,SNX32,0.0,0.0,0
ENSG00000172757.12,CFL1,0.0,0.0,0
ENSG00000254470.2,AP5B1,0.0,0.0,0
ENSG00000172922.8,RNASEH2C,0.0,0.0,0
ENSG00000172977.12,KAT5,0.0,0.000115417446,1
ENSG00000213445.9,SIPA1,0.0,0.0,0
ENSG00000254756.1,RP11-867G23.12,0.0,0.0,0
ENSG00000197136.4,PCNX3,0.0,0.0,0
ENSG00000173327.7,MAP3K11,0.0,0.0,0
ENSG00000173338.12,KCNK7,0.0,0.0,0
ENSG00000173442.12,EHBP1L1,0.0,0.0,0
ENSG00000176973.7,FAM89B,0.0,0.0,0
ENSG00000173465.7,SSSCA1,0.0,0.0,0
ENSG00000168056.15,LTBP3,0.0,0.0,0
ENSG00000172500.12,FIBP,0.0,0.0,0
ENSG00000175602.3,CCDC85B,0.0,0.0,0
ENSG00000175592.8,FOSL1,0.0,0.0,0
ENSG00000175573.6,C11orf68,0.0,0.0,0
ENSG00000174791.10,RIN1,0.0,0.0,0
ENSG00000174807.3,CD248,0.0,0.0,0
ENSG00000174851.15,YIF1A,0.0,0.0,0
ENSG00000174871.10,CNIH2,0.0,0.0,0
ENSG00000245156.1,RP11-867G23.3,0.0,0.0,0
ENSG00000174903.15,RAB1B,0.0,0.0,0
ENSG00000174996.11,KLC2,0.0,0.0,0
ENSG00000175115.11,PACS1,0.0,0.0,0
ENSG00000255038.1,RP11-1167A19.2,0.0,0.0,0
ENSG00000087365.15,SF3B2,0.0,0.0,0
ENSG00000175294.5,CATSPER1,0.0,0.00010413957,1
ENSG00000175334.7,BANF1,0.0,0.0,0
ENSG00000175376.8,EIF1AD,0.0,0.0,0
ENSG00000175467.14,SART1,0.0,0.0,0
ENSG00000175550.7,DRAP1,0.0,0.0,0
ENSG00000172663.8,TMEM134,0.0,0.0,0
ENSG00000110697.12,PITPNM1,0.0,0.0,0
ENSG00000199477.1,SNORA31,0.0,5.06272e-05,1
ENSG00000228915.3,OR7E128P,0.0,0.0,0
ENSG00000149357.9,LAMTOR1,0.0,0.0,0
ENSG00000184154.13,LRTOMT,0.0,0.0,0
ENSG00000251143.1,RP11-849H4.4,0.0,0.0,0
ENSG00000137497.17,NUMA1,0.0,0.0,0
ENSG00000137496.17,IL18BP,0.0,0.0,0
ENSG00000137522.17,RNF121,0.0,0.0,0
ENSG00000254593.1,OR7E126P,0.0,0.0,0
ENSG00000225805.4,CTD-2313N18.7,0.0,0.0,0
ENSG00000085733.15,CTTN,0.0,0.0,0
ENSG00000254469.7,RP11-849H4.2,0.0,0.0,0
ENSG00000255157.1,CTD-2313N18.8,0.0,0.0,0
ENSG00000254978.2,ALG1L9P,0.0,0.0,0
ENSG00000158483.15,FAM86C1,0.0,0.0,0
ENSG00000172890.11,NADSYN1,0.0,0.0,0
ENSG00000172893.15,DHCR7,0.0,0.0,0
ENSG00000171671.6,SHANK2-AS3,0.0,0.0,0
ENSG00000110200.8,ANAPC15,0.0,0.0003543309,1
ENSG00000110203.8,FOLR3,0.0,0.0,0
ENSG00000110195.12,FOLR1,0.0,0.0,0
ENSG00000165457.13,FOLR2,0.0,0.0,0
ENSG00000054967.12,RELT,0.0,0.0,0
ENSG00000110237.3,ARHGEF17,0.0,0.0,0
ENSG00000257038.1,RP11-800A3.7,0.0,0.0,0
ENSG00000171631.14,P2RY6,0.0,0.0,0
ENSG00000175591.11,P2RY2,0.0,0.0,0
ENSG00000234751.1,AP002381.2,0.0,0.0,0
ENSG00000137478.14,FCHSD2,0.0,0.0,0
ENSG00000168010.10,ATG16L2,0.0,0.0,0
ENSG00000214530.8,STARD10,0.0,0.0,0
ENSG00000245148.2,ARAP1-AS2,0.0,0.0,0
ENSG00000186635.14,ARAP1,0.0,0.0,0
ENSG00000256633.1,RP11-169D4.2,0.0,0.0,0
ENSG00000186642.15,PDE2A,0.0,0.0,0
ENSG00000162129.12,CLPB,0.0,0.0,0
ENSG00000165458.13,INPPL1,0.0,0.0,0
ENSG00000162105.17,SHANK2,0.0,0.0,0
ENSG00000246889.2,AP000487.5,0.0,0.0012199674,1
ENSG00000167797.7,CDK2AP2,0.0,0.0,0
ENSG00000110717.12,NDUFS8,0.0,0.0,0
ENSG00000162337.11,LRP5,0.0,0.0,0
ENSG00000171067.10,C11orf24,0.0,0.0,0
ENSG00000110066.14,KMT5B,0.0,0.0,0
ENSG00000110721.11,CHKA,0.0,0.0,0
ENSG00000255031.5,RP11-802E16.3,0.0,0.0,0
ENSG00000275022.1,MIR6753,0.0,0.0,0
ENSG00000110719.9,TCIRG1,0.0,0.0,0
ENSG00000006534.15,ALDH3B1,0.0,0.0,0
ENSG00000255539.1,CTA-797E19.2,0.0,0.0,0
ENSG00000110057.7,UNC93B1,0.0,0.0,0
ENSG00000160172.10,FAM86C2P,0.0,0.0,0
ENSG00000239559.2,RPL37P2,0.0,0.0,0
ENSG00000132744.7,ACY3,0.0,0.0,0
ENSG00000167799.9,NUDT8,0.0,0.0,0
ENSG00000167792.11,NDUFV1,0.0,0.0,0
ENSG00000084207.15,GSTP1,0.0,0.0,0
ENSG00000110075.14,PPP6R3,0.0,0.0,0
ENSG00000260808.1,CTD-2007L18.5,0.0,6.278065e-05,1
ENSG00000069482.6,GAL,0.0,0.0,0
ENSG00000110090.12,CPT1A,0.0,0.00026714275,1
ENSG00000221333.1,MIR548K,0.0,0.0,0
ENSG00000255329.1,H2AFZP4,0.0,0.0,0
ENSG00000131626.16,PPFIA1,0.0,0.0,0
ENSG00000254721.1,RP11-805J14.5,0.0,0.0,0
ENSG00000168040.4,FADD,0.0,0.0,0
ENSG00000254902.1,ANO1-AS1,0.0,0.0,0
ENSG00000131620.17,ANO1,0.0,0.0,0
ENSG00000149716.12,ORAOV1,0.0,0.0,0
ENSG00000110092.3,CCND1,0.0,0.00035650228,1
ENSG00000213275.2,IFITM9P,0.0,0.0,0
ENSG00000172927.7,MYEOV,0.0,0.0,0
ENSG00000162341.16,TPCN2,0.0,0.0,0
ENSG00000172935.8,MRGPRF,0.0,0.00047900868,1
ENSG00000132740.8,IGHMBP2,0.0,0.0,0
ENSG00000197345.12,MRPL21,0.0,0.0,0
ENSG00000142186.16,SCYL1,0.0,0.0,0
ENSG00000278217.1,MALAT1,0.0,0.0,0
ENSG00000270117.1,AP000769.7,0.0,0.0,0
ENSG00000149541.9,B3GAT3,0.0,0.0,0
ENSG00000204922.4,UQCC3,0.0,0.0,0
ENSG00000206597.1,SNORA57,0.0,0.0,0
ENSG00000214756.7,METTL12,0.0,0.0,0
ENSG00000162194.12,LBHD1,0.0,0.0,0
ENSG00000278615.4,C11orf98,0.0,0.0,0
ENSG00000185085.2,INTS5,0.0,0.0,0
ENSG00000089597.16,GANAB,0.0,0.0,0
ENSG00000149499.11,EML3,0.0,0.0,0
ENSG00000255118.1,RP11-703H8.7,0.0,0.0,0
ENSG00000149480.6,MTA2,0.0,0.0,0
ENSG00000149016.15,TUT1,0.0,0.0,0
ENSG00000254772.9,EEF1G,0.0,0.0,0
ENSG00000124942.13,AHNAK,0.0,0.0,0
ENSG00000255446.1,CTD-2531D15.4,0.0,0.0,0
ENSG00000149021.6,SCGB1A1,0.0,0.0,0
ENSG00000254454.2,RCC2P6,0.0,0.0,0
ENSG00000162191.13,UBXN1,0.0,0.0,0
ENSG00000168000.14,BSCL2,0.0,0.0,0
ENSG00000162188.5,GNG3,0.0,0.0,0
ENSG00000214753.2,HNRNPUL2,0.0,0.0,0
ENSG00000277846.1,SNORD30,0.0,0.0,0
ENSG00000277194.1,SNORD22,0.0,0.00076545955,1
ENSG00000255717.6,SNHG1,0.0,0.0,0
ENSG00000222328.1,RNU2-2P,0.0,0.0,0
ENSG00000133316.15,WDR74,0.0,0.0,0
ENSG00000256690.1,RP11-727F15.9,0.0,0.0,0
ENSG00000162236.11,STX5,0.0,0.0,0
ENSG00000162231.13,NXF1,0.0,0.0,0
ENSG00000185475.10,TMEM179B,0.0,0.0,0
ENSG00000269176.2,RP11-727F15.12,0.0,0.0,0
ENSG00000168569.7,TMEM223,0.0,0.00070809,1
ENSG00000162227.7,TAF6L,0.0,0.0,0
ENSG00000168002.11,POLR2G,0.0,0.00090741424,1
ENSG00000185670.7,ZBTB3,0.0,0.0,0
ENSG00000162222.13,TTC9C,0.0,0.0,0
ENSG00000162174.12,ASRGL1,0.0,0.00018629608,1
ENSG00000124939.5,SCGB2A1,0.0,0.0,0
ENSG00000251562.7,MALAT1,0.0,0.0,0
ENSG00000013725.14,CD6,0.0,0.0,0
ENSG00000162144.9,CYB561A3,0.0,0.0,0
ENSG00000149476.15,TKFC,0.0,0.0,0
ENSG00000167986.13,DDB1,0.0,0.0,0
ENSG00000167992.12,VWCE,0.0,0.0,0
ENSG00000229859.9,PGA3,0.0,0.0,0
ENSG00000167987.10,VPS37C,0.0,0.0010389106,1
ENSG00000110448.10,CD5,0.0,0.0,0
ENSG00000110446.10,SLC15A3,0.0,0.0,0
ENSG00000149503.12,INCENP,0.0,0.00028207543,1
ENSG00000006118.14,TMEM132A,0.0,0.0,0
ENSG00000110108.9,TMEM109,0.0,0.0,0
ENSG00000110107.8,PRPF19,0.0,0.0,0
ENSG00000110104.11,CCDC86,0.0,0.0,0
ENSG00000255959.1,RP11-804A23.2,0.0,0.0,0
ENSG00000166961.14,MS4A15,0.0,0.0,0
ENSG00000166959.7,MS4A8,0.0,0.0,0
ENSG00000279246.1,RP11-286N22.14,0.0,0.0,0
ENSG00000149483.11,TMEM138,0.0,0.0,0
ENSG00000187049.9,TMEM216,0.0,0.0,0
ENSG00000149532.15,CPSF7,0.0,0.0,0
ENSG00000279491.1,RP11-810P12.7,0.0,0.0,0
ENSG00000167996.15,FTH1,0.0,0.0,0
ENSG00000167995.15,BEST1,0.0,0.0,0
ENSG00000167994.11,RAB3IL1,0.0,0.0,0
ENSG00000221968.8,FADS3,0.0,0.0,0
ENSG00000149485.18,FADS1,0.0,0.0,0
ENSG00000134824.13,FADS2,0.0,0.0,0
ENSG00000168496.3,FEN1,0.0,0.0,0
ENSG00000134825.15,TMEM258,0.0,0.0,0
ENSG00000124920.13,MYRF,0.0,0.0,0
ENSG00000134780.9,DAGLA,0.0,0.0,0
ENSG00000243742.5,RPLP0P2,0.0,0.0,0
ENSG00000011347.9,SYT7,0.0,0.0,0
ENSG00000162148.10,PPP1R32,0.0,0.0,0
ENSG00000167985.6,SDHAF2,0.0,0.0,0
ENSG00000274544.1,SNORD28,0.0,0.0,0
ENSG00000275996.1,SNORD27,0.0,0.0,0
ENSG00000276788.1,SNORD26,0.0,0.0,0
ENSG00000110025.12,SNX15,0.0,0.0,0
ENSG00000254501.1,AP003068.9,0.0,0.0,0
ENSG00000149823.8,VPS51,0.0,0.0,0
ENSG00000187066.8,TMEM262,0.0,0.0,0
ENSG00000162300.11,ZFPL1,0.0,0.0005518737,1
ENSG00000146670.9,CDCA5,0.0,0.0,0
ENSG00000168060.15,NAALADL1,0.0,0.0,0
ENSG00000168061.14,SAC3D1,0.0,0.0,0
ENSG00000213465.7,ARL2,0.0,0.0,0
ENSG00000275043.1,SNORD25,0.0,0.0,0
ENSG00000168062.9,BATF2,0.0,7.352476e-06,1
ENSG00000149735.6,GPHA2,0.0,0.0,0
ENSG00000068971.13,PPP2R5B,0.0,0.0,0
ENSG00000110046.12,ATG2A,0.0,0.0,0
ENSG00000110047.17,EHD1,0.0,0.0,0
ENSG00000171219.8,CDC42BPG,0.0,0.0,0
ENSG00000133895.14,MEN1,0.0,0.0,0
ENSG00000149809.14,TM7SF2,0.0,0.0,0
ENSG00000174276.6,ZNHIT2,0.0,0.0,0
ENSG00000149806.10,FAU,0.0,0.0,0
ENSG00000162298.18,SYVN1,0.0,0.0,0
ENSG00000173727.12,CMB9-22P13.1,0.0,0.0,0
ENSG00000283791.1,MIR612,0.0,0.0,0
ENSG00000277599.1,NEAT1_3,0.0,0.0,0
ENSG00000278050.1,NEAT1_2,0.0,0.005271442,1
ENSG00000245532.7,NEAT1,0.0,0.00016781411,1
ENSG00000126391.13,FRMD8,0.0,0.0,0
ENSG00000162241.12,SLC25A45,0.0,0.0,0
ENSG00000133884.9,DPF2,0.0,0.0,0
ENSG00000149798.4,CDC42EP2,0.0,0.0,0
ENSG00000014138.8,POLA2,0.0,0.0,0
ENSG00000197847.12,SLC22A20,0.0,0.0,0
ENSG00000014216.15,CAPN1,0.0,0.0,0
ENSG00000255200.1,PGAM1P8,0.0,0.0,0
ENSG00000222477.1,RNU2-23P,0.0,0.0,0
ENSG00000149792.8,MRPL49,0.0,0.0,0
ENSG00000168067.11,MAP4K2,0.0,0.0,0
ENSG00000168066.20,SF1,0.0,0.0,0
ENSG00000068976.13,PYGM,0.0,0.0,0
ENSG00000126500.3,FLRT1,0.0,0.0,0
ENSG00000167770.11,OTUB1,0.0,0.0,0
ENSG00000176340.3,COX8A,0.0,0.0,0
ENSG00000110583.12,NAA40,0.0,0.0,0
ENSG00000167771.5,RCOR2,0.0,0.0,0
ENSG00000072518.20,MARK2,0.0,0.0,0
ENSG00000168005.8,C11orf84,0.0,0.0,0
ENSG00000133318.13,RTN3,0.0,0.0,0
ENSG00000256789.1,RP11-697H9.2,0.0,0.0,0
ENSG00000270269.1,IMMP1LP1,0.0,0.0,0
ENSG00000184743.12,ATL3,0.0,0.0,0
ENSG00000176485.11,PLA2G16,0.0,0.0,0
ENSG00000133328.3,HRASLS2,0.0,0.0,0
ENSG00000133321.10,RARRES3,0.0,0.0,0
ENSG00000133317.14,LGALS12,0.0,0.0,0
ENSG00000168003.16,SLC3A2,0.0,0.0,0
ENSG00000133315.10,MACROD1,0.0,0.0,0
ENSG00000149781.12,FERMT3,0.0,0.0,0
ENSG00000068831.18,RASGRP2,0.0,0.0,0
ENSG00000149743.13,TRPT1,0.0,0.0,0
ENSG00000110076.18,NRXN2,0.0,0.0,0
ENSG00000162302.12,RPS6KA4,0.0,0.0,0
ENSG00000168071.21,CCDC88B,0.0,0.0,0
ENSG00000126432.13,PRDX5,0.0,0.00014595951,1
ENSG00000173113.6,TRMT112,0.0,0.0,0
ENSG00000173153.13,ESRRA,0.0,0.0,0
ENSG00000173264.14,GPR137,0.0,0.0,0
ENSG00000002330.13,BAD,0.0,0.0,0
ENSG00000149782.11,PLCB3,0.0,0.0,0
ENSG00000173457.10,PPP1R14B,0.0,0.0,0
ENSG00000173486.12,FKBP2,0.0,0.0,0
ENSG00000173511.9,VEGFB,0.0,0.0,0
ENSG00000110011.13,DNAJC4,0.0,0.0,0
ENSG00000256116.1,RP11-783K16.14,0.0,0.0,0
ENSG00000149761.8,NUDT22,0.0,0.0,0
ENSG00000054965.10,FAM168A,0.0,0.0,0
ENSG00000231726.2,HMGN2P38,0.0,0.0,0
ENSG00000021300.13,PLEKHB1,0.0,0.0,0
ENSG00000150768.15,DLAT,0.0,0.0,0
ENSG00000150782.11,IL18,0.0,0.0,0
ENSG00000255292.7,SDHD,0.0,0.0,0
ENSG00000204370.9,SDHD,0.0,0.0,0
ENSG00000150779.11,TIMM8B,0.0,0.0,0
ENSG00000150776.17,C11orf57,0.0,0.0,0
ENSG00000150773.10,PIH1D2,0.0,0.0,0
ENSG00000230911.1,PPIHP1,0.0,0.0,0
ENSG00000150764.13,DIXDC1,0.0,0.0,0
ENSG00000137713.15,PPP2R1B,0.0,0.0,0
ENSG00000149300.9,C11orf52,0.0,0.0,0
ENSG00000170276.5,HSPB2,0.0,0.0,0
ENSG00000109846.7,CRYAB,0.0,0.0,0
ENSG00000176343.5,RPL37AP8,0.0,0.00013591607,1
ENSG00000137720.7,C11orf1,0.0,0.0,0
ENSG00000255561.6,FDXACB1,0.0,0.0,0
ENSG00000254949.1,GNG5P3,0.0,0.0,0
ENSG00000197580.11,BCO2,0.0,0.0,0
ENSG00000214264.4,KCTD9P4,0.0,0.0,0
ENSG00000150787.7,PTS,0.0,9.726073e-05,1
ENSG00000188771.4,PLET1,0.0,0.0,0
ENSG00000137634.9,NXPE4,0.0,0.0,0
ENSG00000076043.9,REXO2,0.0,0.0,0
ENSG00000076053.10,RBM7,0.0,0.0,0
ENSG00000180425.11,C11orf71,0.0,0.0,0
ENSG00000166741.7,NNMT,0.0,0.0,0
ENSG00000166736.11,HTR3A,0.0,0.0,0
ENSG00000048028.11,USP28,0.0,0.0,0
ENSG00000086827.8,ZW10,0.0,0.0,0
ENSG00000256091.1,MTRF1LP1,0.0,0.0,0
ENSG00000170209.4,ANKK1,0.0,0.0,0
ENSG00000270179.1,RP11-159N11.4,0.0,0.0,0
ENSG00000149292.16,TTC12,0.0,0.0,0
ENSG00000227487.3,NCAM1-AS1,0.0,0.0,0
ENSG00000149294.16,NCAM1,0.0,0.0,0
ENSG00000213234.4,ST13P10,0.0,0.0,0
ENSG00000086848.14,ALG9,0.0,0.0,0
ENSG00000170145.4,SIK2,0.0,0.0,0
ENSG00000137745.11,MMP13,0.0,0.0,0
ENSG00000149313.10,AASDHPPT,0.0,0.0,0
ENSG00000110660.14,SLC35F2,0.0,0.0,0
ENSG00000137760.14,ALKBH8,0.0,0.0,0
ENSG00000225215.1,SMARCE1P1,0.0,0.0008579665,1
ENSG00000152404.15,CWF19L2,0.0,0.0,0
ENSG00000274584.1,RP11-819M15.2,0.0,0.0,0
ENSG00000152402.10,GUCY1A2,0.0,0.0,0
ENSG00000254433.1,RP11-677I18.3,0.0,0.0,0
ENSG00000182359.14,KBTBD3,0.0,0.0,0
ENSG00000204381.11,LAYN,0.0,0.0,0
ENSG00000170903.10,MSANTD4,0.0,0.0,0
ENSG00000204397.7,CARD16,0.0,0.0,0
ENSG00000137752.23,CASP1,0.0,0.0,0
ENSG00000196954.13,CASP4,0.0,0.0,0
ENSG00000204403.9,CASP12,0.0,0.0,0
ENSG00000170962.12,PDGFD,0.0,0.0,0
ENSG00000187240.13,DYNC2H1,0.0,0.0,0
ENSG00000179331.2,RAB39A,0.0,0.0013526663,1
ENSG00000166266.13,CUL5,0.0,0.0,0
ENSG00000255467.1,RP11-144G7.2,0.0,0.0,0
ENSG00000075239.13,ACAT1,0.0,5.274883e-05,1
ENSG00000183644.13,C11orf88,0.0,0.0,0
ENSG00000254980.1,RP11-794P6.6,0.0,0.0,0
ENSG00000110777.11,POU2AF1,0.0,0.0,0
ENSG00000214290.8,COLCA2,0.0,0.0,0
ENSG00000150750.7,C11orf53,0.0,0.0,0
ENSG00000137727.12,ARHGAP20,0.0,0.0,0
ENSG00000137714.2,FDX1,0.0,0.0,0
ENSG00000137710.14,RDX,0.0,0.0011635048,1
ENSG00000149289.10,ZC3H12C,0.0,0.0,0
ENSG00000178105.9,DDX10,0.0,0.0,0
ENSG00000110723.11,EXPH5,0.0,0.0,0
ENSG00000178202.12,KDELC2,0.0,0.0,0
ENSG00000166323.12,C11orf65,0.0,0.0,0
ENSG00000149311.18,ATM,0.0,0.0,0
ENSG00000149308.16,NPAT,0.0,0.0,0
ENSG00000204361.8,NXPE2,0.0,0.0,0
ENSG00000182985.17,CADM1,0.0,0.0,0
ENSG00000137656.11,BUD13,0.0,0.0,0
ENSG00000118181.10,RPS25,0.0,0.0013536275,1
ENSG00000188486.3,H2AFX,0.0,0.0,0
ENSG00000256269.7,HMBS,0.0,0.0,0
ENSG00000160695.14,VPS11,0.0,0.0,0
ENSG00000149428.18,HYOU1,0.0,0.0,0
ENSG00000255114.1,RP11-110I1.6,0.0,0.0,0
ENSG00000137700.17,SLC37A4,0.0,0.0,0
ENSG00000196655.11,TRAPPC4,0.0,0.0,0
ENSG00000240970.1,RPL23AP64,0.0,0.0,0
ENSG00000109917.10,ZPR1,0.0,0.0,0
ENSG00000186166.8,CCDC84,0.0,0.0,0
ENSG00000110375.2,UPK2,0.0,0.0,0
ENSG00000186174.12,BCL9L,0.0,0.0016197894,1
ENSG00000160683.4,CXCR5,0.0,4.039129e-06,1
ENSG00000110367.11,DDX6,0.0,0.0,0
ENSG00000118094.11,TREH,0.0,0.0,0
ENSG00000019144.18,PHLDB1,0.0,0.0,0
ENSG00000172269.18,DPAGT1,0.0,0.0,0
ENSG00000172375.12,C2CD2L,0.0,0.0,0
ENSG00000172273.12,HINFP,0.0,0.0,0
ENSG00000160703.15,NLRX1,0.0,0.0,0
ENSG00000181264.8,TMEM136,0.0,0.0,0
ENSG00000137709.9,POU2F3,0.0,0.0,0
ENSG00000184232.8,OAF,0.0,0.0,0
ENSG00000137699.16,TRIM29,0.0,0.0,0
ENSG00000110400.10,NECTIN1,0.0,0.0,0
ENSG00000154096.13,THY1,0.0,0.0,0
ENSG00000254740.2,RP11-334E6.3,0.0,0.0,0
ENSG00000036672.15,USP2,0.0,0.0,0
ENSG00000235718.8,MFRP,0.0,0.0,0
ENSG00000223953.5,C1QTNF5,0.0,0.0,0
ENSG00000245385.2,RP11-334E6.10,0.0,0.0,0
ENSG00000173456.4,RNF26,0.0,0.0,0
ENSG00000076706.16,MCAM,0.0,0.0,0
ENSG00000110395.6,CBL,0.0,0.0,0
ENSG00000248712.7,CCDC153,0.0,0.0,0
ENSG00000095139.13,ARCN1,0.0,0.0,0
ENSG00000243431.1,RPL5P30,0.0,0.0,0
ENSG00000118096.7,IFT46,0.0,0.0,0
ENSG00000177103.13,DSCAML1,0.0,0.0,0
ENSG00000278768.1,BACE1-AS,0.0,0.0,0
ENSG00000186318.16,BACE1,0.0,0.0,0
ENSG00000167257.10,RNF214,0.0,0.0,0
ENSG00000280143.1,AP000892.6,0.0,0.0,0
ENSG00000160613.12,PCSK7,0.0,0.0,0
ENSG00000149591.16,TAGLN,0.0,0.0,0
ENSG00000149577.15,SIDT2,0.0,0.0,0
ENSG00000168092.13,PAFAH1B2,0.0,0.0,0
ENSG00000234268.1,AP000936.1,0.0,0.0,0
ENSG00000160584.15,SIK3,0.0,0.0016178086,1
ENSG00000235910.1,APOA1-AS,0.0,0.0,0
ENSG00000118137.9,APOA1,0.0,0.0,0
ENSG00000110245.11,APOC3,0.0,0.0,0
ENSG00000110244.6,APOA4,0.0,0.0,0
ENSG00000110243.11,APOA5,0.0,0.0,0
ENSG00000110274.15,CEP164,0.0,0.0,0
ENSG00000137731.13,FXYD2,0.0,0.0,0
ENSG00000149582.15,TMEM25,0.0,0.0,0
ENSG00000137726.16,FXYD6,0.0,0.0,0
ENSG00000172425.10,TTC36,0.0,0.0,0
ENSG00000255435.6,RP11-770J1.3,0.0,0.0,0
ENSG00000118058.20,KMT2A,0.0,0.0,0
ENSG00000167283.7,ATP5L,0.0,0.0,0
ENSG00000254873.1,RP11-770J1.5,0.0,0.0,0
ENSG00000110344.9,UBE4A,0.0,0.0,0
ENSG00000160654.9,CD3G,0.0,0.0,0
ENSG00000167286.9,CD3D,0.0,0.0,0
ENSG00000198851.9,CD3E,0.0,0.0,0
ENSG00000149573.8,MPZL2,0.0,0.0,0
ENSG00000160588.9,MPZL3,0.0,0.0,0
ENSG00000160593.18,JAML,0.0,0.0,0
ENSG00000177098.8,SCN4B,0.0,0.0,0
ENSG00000110324.10,IL10RA,0.0,0.0,0
ENSG00000137747.15,TMPRSS13,0.0,0.0,0
ENSG00000137692.11,DCUN1D5,0.0,0.00049135194,1
ENSG00000262406.2,MMP12,0.0,0.0,0
ENSG00000175582.19,RAB6A,0.0,0.0,0
ENSG00000178301.3,AQP11,0.0,0.0,0
ENSG00000149262.16,INTS4,0.0,0.0,0
ENSG00000255449.1,RP11-91P24.6,0.0,0.0,0
ENSG00000254459.1,RP11-91P24.7,0.0,0.0,0
ENSG00000087884.14,AAMDC,0.0,0.0,0
ENSG00000219529.2,AP000580.1,0.0,0.0,0
ENSG00000227376.1,FTH1P16,0.0,0.00045615798,1
ENSG00000048649.13,RSF1,0.0,0.0,0
ENSG00000074201.8,CLNS1A,0.0,0.0,0
ENSG00000158636.16,EMSY,0.0,0.0,0
ENSG00000149269.9,PAK1,0.0,0.001031331,1
ENSG00000178795.9,GDPD4,0.0,0.0,0
ENSG00000137474.19,MYO7A,0.0,0.0,0
ENSG00000254550.1,OMP,0.0,0.0,0
ENSG00000198488.10,B3GNT6,0.0,0.0,0
ENSG00000078124.11,ACER3,0.0,0.0,0
ENSG00000182704.7,TSKU,0.0,0.0,0
ENSG00000151364.16,KCTD14,0.0,0.0,0
ENSG00000151366.12,NDUFC2,0.0,0.0,0
ENSG00000159063.12,ALG8,0.0,0.0,0
ENSG00000246174.7,KCTD21-AS1,0.0,0.0,0
ENSG00000254551.1,RP11-727A23.7,0.0,0.0,0
ENSG00000255541.1,RP11-727A23.8,0.0,0.0,0
ENSG00000137494.13,ANKRD42,0.0,0.0,0
ENSG00000247137.8,RP11-727A23.5,0.0,0.0,0
ENSG00000165494.11,PCF11,0.0,0.0,0
ENSG00000137502.9,RAB30,0.0,0.0,0
ENSG00000165490.12,DDIAS,0.0,0.0,0
ENSG00000137509.10,PRCP,0.0,0.0,0
ENSG00000227097.5,RPS28P7,0.0,0.00017195448,1
ENSG00000149256.15,TENM4,0.0,0.0,0
ENSG00000137513.9,NARS2,0.0,0.0,0
ENSG00000254420.1,RP11-452H21.1,0.0,0.0,0
ENSG00000033327.12,GAB2,0.0,0.0,0
ENSG00000118369.12,USP35,0.0,0.0,0
ENSG00000188997.7,KCTD21,0.0,0.0,0
ENSG00000137507.11,LRRC32,0.0,0.0,0
ENSG00000137492.7,THAP12,0.0,0.0,0
ENSG00000149968.11,MMP3,0.0,0.0,0
ENSG00000168014.16,C2CD3,0.0,0.0,0
ENSG00000175536.6,LIPT2,0.0,0.0,0
ENSG00000175538.10,KCNE3,0.0,0.0009701308,2
ENSG00000212961.4,HNRNPA1P40,0.0,0.0,0
ENSG00000165434.7,PGM2L1,0.0,0.0,0
ENSG00000206913.1,SNORA7,0.0,0.0,0
ENSG00000149380.11,P4HA3,0.0,0.0,0
ENSG00000214517.9,PPME1,0.0,0.0,0
ENSG00000175567.8,UCP2,0.0,0.0,0
ENSG00000255421.1,CTD-2011F17.2,0.0,0.0,0
ENSG00000255847.5,RP11-167N4.2,0.0,0.0,0
ENSG00000187726.8,DNAJB13,0.0,0.0,0
ENSG00000256898.1,RP11-707G14.8,0.0,0.0,0
ENSG00000175575.12,PAAF1,0.0,0.0,0
ENSG00000181924.6,COA4,0.0,0.0,0
ENSG00000175581.13,MRPL48,0.0,0.0,0
ENSG00000256034.1,RP11-707G14.1,0.0,0.0,0
ENSG00000254837.2,AP001372.2,0.0,0.0,0
ENSG00000077514.8,POLD3,0.0,0.0,0
ENSG00000054938.15,CHRDL2,0.0,0.0,0
ENSG00000227615.1,RP11-864N7.2,0.0,0.0,0
ENSG00000198382.8,UVRAG,0.0,0.00038092077,1
ENSG00000062282.14,DGAT2,0.0,0.0,0
ENSG00000171533.11,MAP6,0.0,0.0,0
ENSG00000149257.13,SERPINH1,0.0,0.0,0
ENSG00000158555.14,GDPD5,0.0,0.0,0
ENSG00000149243.15,KLHL35,0.0,0.0,0
ENSG00000207445.1,SNORD15B,0.0,0.0,0
ENSG00000206941.1,SNORD15A,0.0,0.0,0
ENSG00000149273.14,RPS3,0.0,0.0,0
ENSG00000137486.16,ARRB1,0.0,0.0,0
ENSG00000137491.14,SLCO2B1,0.0,0.0,0
ENSG00000162139.9,NEU3,0.0,0.0,0
ENSG00000118363.11,SPCS2,0.0,0.0,0
ENSG00000166435.15,XRRA1,0.0,0.0,0
ENSG00000166439.5,RNF169,0.0,0.0,0
ENSG00000241020.1,RP11-727A23.1,0.0,0.0,0
ENSG00000137500.9,CCDC90B,0.0,0.0,0
ENSG00000150672.16,DLG2,0.0,0.0,0
ENSG00000134627.11,PIWIL4,0.0,0.0,0
ENSG00000077458.12,FAM76B,0.0,0.0,0
ENSG00000149212.11,SESN3,0.0,0.00062637386,1
ENSG00000149218.4,ENDOD1,0.0,0.0,0
ENSG00000263465.4,SRSF8,0.0,0.0,0
ENSG00000150316.11,CWC15,0.0,0.0,0
ENSG00000166025.17,AMOTL1,0.0,0.0,0
ENSG00000255929.5,RP11-867G2.8,0.0,0.0,0
ENSG00000168876.8,ANKRD49,0.0,0.0,0
ENSG00000213305.3,HNRNPCP6,0.0,0.0,0
ENSG00000020922.12,MRE11,0.0,0.0,0
ENSG00000110218.8,PANX1,0.0,0.0,0
ENSG00000181333.11,HEPHL1,0.0,0.0,0
ENSG00000042429.11,MED17,0.0,0.0,0
ENSG00000182919.14,C11orf54,0.0,0.0,0
ENSG00000210825.1,SNORA40,0.0,0.0,0
ENSG00000207145.1,SNORA18,0.0,0.0,0
ENSG00000087053.18,MTMR2,0.0,0.0,0
ENSG00000184384.13,MAML2,0.0,0.0,0
ENSG00000266192.3,MIR1260B,0.0,0.0,0
ENSG00000149231.11,CCDC82,0.0,0.0,0
ENSG00000196611.4,MMP1,0.0,0.00032821475,1
ENSG00000166670.9,MMP10,0.0,0.0,0
ENSG00000137673.8,MMP7,0.0,0.0,0
ENSG00000152558.14,TMEM123,0.0,0.0,0
ENSG00000110330.8,BIRC2,0.0,0.0,0
ENSG00000023445.13,BIRC3,0.0,0.0,0
ENSG00000254422.1,RP11-864G5.3,0.0,0.0,0
ENSG00000137693.13,YAP1,0.0,0.0,0
ENSG00000137691.12,C11orf70,0.0,0.0,0
ENSG00000110318.13,CEP126,0.0,0.0,0
ENSG00000137672.12,TRPC6,0.0,0.0,0
ENSG00000170647.3,TMEM133,0.0,0.0,0
ENSG00000165895.17,ARHGAP42,0.0,0.0,0
ENSG00000248027.1,CTD-2383M3.1,0.0,0.0,0
ENSG00000183340.6,JRKL,0.0,0.0,0
ENSG00000207304.1,SNORA8,0.0,0.00073499617,2
ENSG00000206834.1,SNORA1,0.0,0.0,0
ENSG00000202314.1,SNORD6,0.0,0.0,0
ENSG00000270510.1,RP11-777F6.3,0.0,0.0,0
ENSG00000174804.3,FZD4,0.0,0.0,0
ENSG00000255203.1,OR7E2P,0.0,0.0,0
ENSG00000269895.1,AP000654.4,0.0,0.0,0
ENSG00000197882.3,OR7E13P,0.0,0.0,0
ENSG00000150687.11,PRSS23,0.0,0.0,0
ENSG00000151376.16,ME3,0.0,0.0,0
ENSG00000149201.9,CCDC81,0.0,0.0,0
ENSG00000149196.15,HIKESHI,0.0,0.00020520641,1
ENSG00000074266.19,EED,0.0,0.0,0
ENSG00000073921.17,PICALM,0.0,0.0,0
ENSG00000137501.17,SYTL2,0.0,0.0,0
ENSG00000179071.4,CCDC89,0.0,0.0,0
ENSG00000137504.13,CREBZF,0.0,0.0,0
ENSG00000171202.6,TMEM126A,0.0,0.0,0
ENSG00000171204.12,TMEM126B,0.0,0.0,0
ENSG00000213287.3,RP11-680L20.1,0.0,0.0,0
ENSG00000109861.15,CTSC,0.0,0.0,0
ENSG00000206799.1,SNORA32,0.0,0.0,0
ENSG00000086991.12,NOX4,0.0,0.0,0
ENSG00000207112.1,SNORA25,0.0,0.0,0
ENSG00000166012.16,TAF1D,0.0,0.0,0
ENSG00000279696.1,RP11-178H8.7,0.0,0.0,0
ENSG00000275146.1,snoU2_19,0.0,0.0,0
ENSG00000254911.3,SCARNA9,0.0,0.0,0
ENSG00000199875.1,Y_RNA,0.0,0.0,0
ENSG00000166004.14,CEP295,0.0,0.0,0
ENSG00000234106.3,RP11-288E14.2,0.0,0.0,0
ENSG00000166002.6,SMCO4,0.0,0.0,0
ENSG00000165325.13,DEUP1,0.0,0.00011235171,1
ENSG00000180773.14,SLC36A4,0.0,0.0,0
ENSG00000165323.15,FAT3,0.0,0.0,0
ENSG00000214391.3,TUBAP2,0.0,0.0,0
ENSG00000110172.11,CHORDC1,0.0,0.0,0
ENSG00000077616.10,NAALAD2,0.0,0.0,0
ENSG00000156738.17,MS4A1,0.0,0.0,0
ENSG00000166927.12,MS4A7,0.0,0.0,0
ENSG00000110079.16,MS4A4A,0.0,0.0,0
ENSG00000177951.17,BET1L,0.0,0.0,0
ENSG00000174885.12,NLRP6,0.0,0.0,0
ENSG00000277290.1,RP11-326C3.16,0.0,0.0,0
ENSG00000185627.17,PSMD13,0.0,0.0,0
ENSG00000142082.14,SIRT3,0.0,0.0,0
ENSG00000177963.14,RIC8A,0.0,0.0,0
ENSG00000254559.1,RP11-304M2.5,0.0,0.0,0
ENSG00000177947.13,ODF3,0.0,0.0,0
ENSG00000230724.9,LINC01001,0.0,0.0001153067,1
ENSG00000130640.13,TUBGCP2,0.0,0.0,0
ENSG00000278518.1,RP11-108K14.12,0.0,0.0,0
ENSG00000130649.9,CYP2E1,0.0,0.0,0
ENSG00000214279.13,SCART1,0.0,0.0001313981,1
ENSG00000148824.18,MTG1,0.0,0.0,0
ENSG00000127884.4,ECHS1,0.0,0.0,0
ENSG00000148803.11,FUOM,0.0,0.0,0
ENSG00000165828.14,PRAP1,0.0,0.0,0
ENSG00000142102.15,PGGHG,0.0,0.0,0
ENSG00000206013.2,IFITM5,0.0,0.0,0
ENSG00000185201.16,IFITM2,0.0,0.0,0
ENSG00000185885.15,IFITM1,0.0,0.0,0
ENSG00000070031.3,SCT,0.0,0.0,0
ENSG00000185507.19,IRF7,0.0,0.0,0
ENSG00000070047.11,PHRF1,0.0,0.0,0
ENSG00000099849.14,RASSF7,0.0,0.0,0
ENSG00000254815.5,RP11-496I9.1,0.0,0.0,0
ENSG00000185522.8,LMNTD2,0.0,0.0,0
ENSG00000161328.10,LRRC56,0.0,0.0,0
ENSG00000174775.16,HRAS,0.0,0.0,0
ENSG00000023191.16,RNH1,0.0,0.0,0
ENSG00000174915.11,PTDSS2,0.0,0.0,0
ENSG00000185101.12,ANO9,0.0,0.0014446403,1
ENSG00000185187.12,SIGIRR,0.0,0.0,0
ENSG00000184363.9,PKP3,0.0,0.0,0
ENSG00000182272.11,B4GALNT4,0.0,0.0,0
ENSG00000142089.15,IFITM3,0.0,0.0,0
ENSG00000198546.14,ZNF511,0.0,0.0,0
ENSG00000151651.15,ADAM8,0.0,0.0,0
ENSG00000107902.13,LHPP,0.0,0.0,0
ENSG00000236991.6,EDRF1-AS1,0.0,0.0,0
ENSG00000150760.12,DOCK1,0.0,0.0,0
ENSG00000148848.14,ADAM12,0.0,0.0,0
ENSG00000203780.10,FANK1,0.0,0.0,0
ENSG00000089876.11,DHX32,0.0,0.0,0
ENSG00000107949.16,BCCIP,0.0,0.00010002781,1
ENSG00000188690.12,UROS,0.0,0.0,0
ENSG00000154485.4,MMP21,0.0,0.0,0
ENSG00000107938.17,EDRF1,0.0,0.0,0
ENSG00000151650.7,VENTX,0.0,0.0,0
ENSG00000273599.1,RP11-59C5.3,0.0,0.0,0
ENSG00000175029.16,CTBP2,0.0,0.0,0
ENSG00000019995.6,ZRANB1,0.0,0.0,0
ENSG00000249456.1,RP11-298J20.4,0.0,0.0,0
ENSG00000165660.7,FAM175B,0.0,0.0,0
ENSG00000203791.14,METTL10,0.0,0.0,0
ENSG00000278831.1,RP11-12J10.4,0.0,0.005347706,2
ENSG00000223528.7,RP11-223P11.3,0.0,0.0,0
ENSG00000188916.8,FAM196A,0.0,0.0,0
ENSG00000180745.4,CLRN3,0.0,0.0,0
ENSG00000132334.16,PTPRE,0.0,0.0,0
ENSG00000171798.17,KNDC1,0.0,0.0,0
ENSG00000171811.13,CFAP46,0.0,0.0,0
ENSG00000068383.18,INPP5A,0.0,0.0,0
ENSG00000171813.13,PWWP2B,0.0,0.0,0
ENSG00000148814.17,LRRC27,0.0,0.0,0
ENSG00000165752.16,STK32C,0.0,0.0,0
ENSG00000151640.12,DPYSL4,0.0,0.00031109812,1
ENSG00000188385.11,JAKMIP3,0.0,0.0,0
ENSG00000176171.11,BNIP3,0.0,0.0,0
ENSG00000175470.18,PPP2R2D,0.0,0.0,0
ENSG00000108010.11,GLRX3,0.0,0.0,0
ENSG00000233122.2,CTAGE7P,0.0,0.0,0
ENSG00000108001.13,EBF3,0.0,0.0,0
ENSG00000170430.9,MGMT,0.0,0.0,0
ENSG00000148773.13,MKI67,0.0,0.0,0
ENSG00000069696.6,DRD4,0.0,0.0,0
ENSG00000177030.16,DEAF1,0.0,0.0,0
ENSG00000177042.14,TMEM80,0.0,0.0,0
ENSG00000183562.3,CTC-343N3.1,0.0,0.0,0
ENSG00000110713.15,NUP98,0.0,0.0,0
ENSG00000189398.5,OR7E12P,0.0,0.0,0
ENSG00000223756.6,TSSC2,0.0,0.0,0
ENSG00000005801.16,ZNF195,0.0,0.0,0
ENSG00000021762.19,OSBPL5,0.0,0.0,0
ENSG00000247473.2,CARS-AS1,0.0,0.0,0
ENSG00000110619.17,CARS,0.0,0.0,0
ENSG00000207008.1,SNORA54,0.0,0.0,0
ENSG00000177156.10,TALDO1,0.0,0.0,0
ENSG00000205531.12,NAP1L4,0.0,0.0,0
ENSG00000181649.5,PHLDA2,0.0,0.0,0
ENSG00000110628.13,SLC22A18,0.0,0.0,0
ENSG00000254827.5,SLC22A18AS,0.0,0.0,0
ENSG00000053918.15,KCNQ1,0.0,0.0,0
ENSG00000184281.14,TSSC4,0.0,0.0,0
ENSG00000110651.11,CD81,0.0,0.00035915265,1
ENSG00000148985.19,PGAP2,0.0,0.0,0
ENSG00000177105.9,RHOG,0.0,0.0,0
ENSG00000167323.11,STIM1,0.0,0.0,0
ENSG00000230593.3,AC090804.1,0.0,0.0,0
ENSG00000181609.5,OR52D1,0.0,0.0,0
ENSG00000187918.4,OR51I2,0.0,0.0,0
ENSG00000167360.4,OR51Q1,0.0,0.0,0
ENSG00000184698.4,OR51M1,0.0,0.0,0
ENSG00000176239.7,OR51B6,0.0,0.0,0
ENSG00000196565.13,HBG2,0.0,0.0,0
ENSG00000213934.6,HBG1,0.0,0.0,0
ENSG00000223609.7,HBD,0.0,0.0,0
ENSG00000244734.3,HBB,0.0,0.0,0
ENSG00000167333.12,TRIM68,0.0,0.0,0
ENSG00000232268.5,OR52I1,0.0,0.0,0
ENSG00000132109.9,TRIM21,0.0,0.0,0
ENSG00000167325.14,RRM1,0.0,0.0,0
ENSG00000224555.3,RP11-438N5.2,0.0,0.0,0
ENSG00000255141.1,HNRNPA1P76,0.0,0.0,0
ENSG00000064201.15,TSPAN32,0.0,0.0,0
ENSG00000167244.18,IGF2,0.0,0.0,0
ENSG00000130600.17,H19,0.0,0.0008025571,2
ENSG00000255177.2,RP11-532E4.2,0.0,0.0,0
ENSG00000215182.8,MUC5AC,0.0,0.0,0
ENSG00000198788.8,MUC2,0.0,0.0,0
ENSG00000184956.15,MUC6,0.0,0.0,0
ENSG00000183020.13,AP2A2,0.0,0.0,0
ENSG00000177830.17,CHID1,0.0,0.0,0
ENSG00000214063.10,TSPAN4,0.0,0.0,0
ENSG00000177700.5,POLR2L,0.0,4.3887972e-05,1
ENSG00000177697.17,CD151,0.0,0.0,0
ENSG00000177666.16,PNPLA2,0.0,0.0,0
ENSG00000199785.1,SNORA52,0.0,0.0,0
ENSG00000177600.8,RPLP2,0.0,0.0,0
ENSG00000177595.17,PIDD1,0.0,0.0,0
ENSG00000177542.10,SLC25A22,0.0,0.0,0
ENSG00000255284.1,AP006621.5,0.0,0.0,0
ENSG00000177225.16,PDDC1,0.0,0.0,0
ENSG00000117983.17,MUC5B,0.0,0.0,0
ENSG00000078902.15,TOLLIP,0.0,0.0,0
ENSG00000214026.10,MRPL23,0.0,0.0,0
ENSG00000174672.15,BRSK2,0.0,0.0,0
ENSG00000130595.17,TNNT3,0.0,0.0,0
ENSG00000283787.1,PRR33,0.0,0.0,0
ENSG00000284594.1,MIR7847,0.0,0.0,0
ENSG00000249086.1,AC051649.12,0.0,0.0,0
ENSG00000130592.15,LSP1,0.0,0.0,0
ENSG00000130598.15,TNNI2,0.0,0.0,0
ENSG00000149043.16,SYT8,0.0,0.0,0
ENSG00000235027.1,AC068580.6,0.0,0.0,0
ENSG00000117984.13,CTSD,0.0,0.0,0
ENSG00000244242.1,IFITM10,0.0,0.0,0
ENSG00000205867.3,KRTAP5-2,0.0,0.0,0
ENSG00000205869.2,KRTAP5-1,0.0,0.0,0
ENSG00000233930.3,KRTAP5-AS1,0.0,0.0,0
ENSG00000184545.10,DUSP8,0.0,0.0,0
ENSG00000182208.13,MOB2,0.0,0.0,0
ENSG00000189319.13,FAM53B,0.0,0.0,0
ENSG00000065154.11,OAT,0.0,0.0,0
ENSG00000229534.1,HNRNPA1P53,0.0,0.0,0
ENSG00000166272.16,WBP1L,0.0,0.0,0
ENSG00000237827.1,RPS15AP29,0.0,0.0,0
ENSG00000076685.18,NT5C2,0.0,0.0,0
ENSG00000148842.17,CNNM2,0.0,0.0,0
ENSG00000214435.7,AS3MT,0.0,0.0,0
ENSG00000166275.15,BORCS7,0.0,0.0,0
ENSG00000282772.1,RP11-753C18.12,0.0,0.0,0
ENSG00000148795.6,CYP17A1,0.0,0.0,0
ENSG00000156398.12,SFXN2,0.0,0.0,0
ENSG00000107872.12,FBXL15,0.0,0.0,0
ENSG00000138175.8,ARL3,0.0,0.0,0
ENSG00000171206.13,TRIM8,0.0,0.0,0
ENSG00000228657.1,RPL23AP58,0.0,0.0,0
ENSG00000107882.11,SUFU,0.0,0.0,0
ENSG00000138107.12,ACTR1A,0.0,0.0,0
ENSG00000138111.14,MFSD13A,0.0,0.0,0
ENSG00000120055.7,C10orf95,0.0,0.0,0
ENSG00000148798.10,INA,0.0,0.0,0
ENSG00000156374.14,PCGF6,0.0,0.0,0
ENSG00000148835.10,TAF5,0.0,0.0,0
ENSG00000173915.14,USMG5,0.0,0.0,0
ENSG00000148700.14,ADD3,0.0,0.0,0
ENSG00000108039.17,XPNPEP1,0.0,0.0,0
ENSG00000120051.14,CFAP58,0.0,0.0,0
ENSG00000148841.15,ITPRIP,0.0,0.0,0
ENSG00000065621.14,GSTO2,0.0,0.0,0
ENSG00000148834.12,GSTO1,0.0,0.0,0
ENSG00000197748.12,CFAP43,0.0,0.0,0
ENSG00000156384.14,SFR1,0.0,0.0,0
ENSG00000065618.18,COL17A1,0.0,0.0,0
ENSG00000065613.13,SLK,0.0,0.0,0
ENSG00000107957.16,SH3PXD2A,0.0,0.0,0
ENSG00000107954.10,NEURL1,0.0,0.0,0
ENSG00000138172.10,CALHM2,0.0,0.0,0
ENSG00000148843.13,PDCD11,0.0,0.0,0
ENSG00000283867.1,MIR1307,0.0,0.0,0
ENSG00000107874.10,CUEDC2,0.0,0.0,0
ENSG00000059915.16,PSD,0.0,0.0,0
ENSG00000182022.17,CHST15,0.0,3.630015e-05,1
ENSG00000099194.5,SCD,0.0,0.0,0
ENSG00000236662.1,RP11-108L7.4,0.0,0.0,0
ENSG00000095539.15,SEMA4G,0.0,0.0,0
ENSG00000055950.16,MRPL43,0.0,0.0,0
ENSG00000119906.11,SLF2,0.0,0.0,0
ENSG00000166135.13,HIF1AN,0.0,0.0,0
ENSG00000166136.15,NDUFB8,0.0,0.0,0
ENSG00000075826.16,SEC31B,0.0,0.0,0
ENSG00000196072.11,BLOC1S2,0.0,0.0,0
ENSG00000077150.18,NFKB2,0.0,0.0,0
ENSG00000230224.1,PHBP9,0.0,0.0,0
ENSG00000212464.1,SNORA12,0.0,0.0,0
ENSG00000095485.16,CWF19L1,0.0,0.0,0
ENSG00000227492.1,RP11-316M21.6,0.0,0.0,0
ENSG00000213341.10,CHUK,0.0,0.0,0
ENSG00000107566.13,ERLIN1,0.0,0.0,0
ENSG00000227695.5,DNMBP-AS1,0.0,0.0,0
ENSG00000107815.7,TWNK,0.0,0.0,0
ENSG00000107816.17,LZTS2,0.0,0.0,0
ENSG00000107819.13,SFXN3,0.0,0.0,0
ENSG00000107821.14,KAZALD1,0.0,0.0,0
ENSG00000107862.4,GBF1,0.0,0.0,0
ENSG00000119915.4,ELOVL3,0.0,0.00022341529,1
ENSG00000166197.16,NOLC1,0.0,0.0,0
ENSG00000148840.10,PPRC1,0.0,0.0,0
ENSG00000198728.10,LDB1,0.0,0.0,0
ENSG00000166189.7,HPS6,0.0,0.0,0
ENSG00000120029.12,C10orf76,0.0,0.0,0
ENSG00000120049.18,KCNIP2,0.0,0.0,0
ENSG00000226009.1,KCNIP2-AS1,0.0,0.0,0
ENSG00000198408.13,MGEA5,0.0,0.0,0
ENSG00000107833.10,NPM3,0.0,0.0,0
ENSG00000107829.13,FBXW4,0.0,0.0,0
ENSG00000166169.16,POLL,0.0,0.0,0
ENSG00000166171.12,DPCD,0.0,0.0,0
ENSG00000166167.17,BTRC,0.0,0.0,0
ENSG00000119950.20,MXI1,0.0,0.0,0
ENSG00000119953.12,SMNDC1,0.0,0.0,0
ENSG00000138166.5,DUSP5,0.0,0.0,0
ENSG00000151929.9,BAG3,0.0,0.00017466006,1
ENSG00000236762.1,RPL19P16,0.0,0.0,0
ENSG00000120008.15,WDR11,0.0,0.0,0
ENSG00000203805.10,PLPP4,0.0,0.0,0
ENSG00000220842.6,RPL21P16,0.0,0.0011796308,1
ENSG00000107651.12,SEC23IP,0.0,0.0,0
ENSG00000197771.12,MCMBP,0.0,0.0,0
ENSG00000198825.12,INPP5F,0.0,0.0,0
ENSG00000151923.17,TIAL1,0.0,0.0,0
ENSG00000108055.9,SMC3,0.0,0.0,0
ENSG00000148908.14,RGS10,0.0,0.0,0
ENSG00000165672.6,PRDX3,0.0,0.0,0
ENSG00000183605.16,SFXN4,0.0,0.0,0
ENSG00000119979.16,FAM45A,0.0,0.0,0
ENSG00000207468.1,SNORA19,0.0,8.916079e-05,1
ENSG00000107581.12,EIF3A,0.0,0.0,0
ENSG00000236058.3,RPL17P36,0.0,0.0,0
ENSG00000066468.22,FGFR2,0.0,0.0,0
ENSG00000107669.17,ATE1,0.0,0.0,0
ENSG00000107672.14,NSMCE4A,0.0,0.0,0
ENSG00000138162.18,TACC2,0.0,0.0,0
ENSG00000213438.2,YBX2P1,0.0,0.0,0
ENSG00000121898.12,CPXM2,0.0,0.0,0
ENSG00000227586.5,RPS26P39,0.0,0.0,0
ENSG00000154473.17,BUB3,0.0,0.0,0
ENSG00000196177.12,ACADSB,0.0,0.0,0
ENSG00000095574.11,IKZF5,0.0,0.0,0
ENSG00000179988.13,PSTK,0.0,0.0,0
ENSG00000119965.12,C10orf88,0.0,0.0,0
ENSG00000255624.2,RP11-564D11.3,0.0,0.0,0
ENSG00000213185.6,FAM24B,0.0,0.0,0
ENSG00000138161.13,CUZD1,0.0,0.0,0
ENSG00000283328.1,RP11-481L19.2,0.0,0.0,0
ENSG00000187908.16,DMBT1,0.0,0.0,0
ENSG00000166033.11,HTRA1,0.0,0.0,0
ENSG00000107679.14,PLEKHA1,0.0,0.0,0
ENSG00000151893.14,CACUL1,0.0,0.0,0
ENSG00000165669.13,FAM204A,0.0,0.0,0
ENSG00000231104.8,RP11-354M20.3,0.0,0.0,0
ENSG00000198924.7,DCLRE1A,0.0,0.0,0
ENSG00000165806.19,CASP7,0.0,0.008382285,3
ENSG00000197893.13,NRAP,0.0,0.0,0
ENSG00000148702.14,HABP2,0.0,0.0022295057,1
ENSG00000233547.1,RP11-57H14.2,0.0,0.0,0
ENSG00000148737.16,TCF7L2,0.0,0.0,0
ENSG00000234017.1,RP11-214N15.5,0.0,0.00074723957,2
ENSG00000151532.13,VTI1A,0.0,0.0,0
ENSG00000023041.11,ZDHHC6,0.0,0.0,0
ENSG00000232934.7,RP11-324O2.3,0.0,0.0,0
ENSG00000119927.13,GPAM,0.0,0.0,0
ENSG00000150594.6,ADRA2A,0.0,0.0,0
ENSG00000108061.11,SHOC2,0.0,0.0,0
ENSG00000214413.7,BBIP1,0.0,0.0,0
ENSG00000150593.17,PDCD4,0.0,3.2499134e-05,1
ENSG00000203867.7,RBM20,0.0,0.0,0
ENSG00000148735.14,PLEKHS1,0.0,0.0,0
ENSG00000196865.4,NHLRC2,0.0,0.0,0
ENSG00000107560.10,RAB11FIP2,0.0,0.0,0
ENSG00000043591.5,ADRB1,0.0,0.0,0
ENSG00000170370.11,EMX2,0.0,0.0,0
ENSG00000165650.11,PDZD8,0.0,0.0,0
ENSG00000165646.11,SLC18A2,0.0,0.0,0
ENSG00000188316.13,ENO4,0.0,0.0,0
ENSG00000165868.13,HSPA12A,0.0,0.0,0
ENSG00000175535.6,PNLIP,0.0,0.0,0
ENSG00000107518.16,ATRNL1,0.0,0.0,0
ENSG00000165832.5,TRUB1,0.0,0.0,0
ENSG00000151553.14,FAM160B1,0.0,0.0009887412,1
ENSG00000228169.3,PPIAP19,0.0,0.0,0
ENSG00000099204.18,ABLIM1,0.0,0.0,0
ENSG00000169129.14,AFAP1L2,0.0,3.094062e-05,1
ENSG00000165816.12,VWA2,0.0,0.0,0
ENSG00000095627.9,TDRD1,0.0,0.0,0
ENSG00000165813.18,CCDC186,0.0,0.0,0
ENSG00000181616.8,OR52H1,0.0,0.0,0
ENSG00000187747.2,OR52B6,0.0,0.0,0
ENSG00000214787.9,MS4A4E,0.0,0.0,0
ENSG00000175104.14,TRAF6,0.0,0.0,0
ENSG00000283393.1,RP11-472I20.5,0.0,0.0,0
ENSG00000149084.12,HSD17B12,0.0,0.0,0
ENSG00000052841.14,TTC17,0.0,0.0,0
ENSG00000254907.1,RP11-484D2.2,0.0,0.0,0
ENSG00000166181.12,API5,0.0,0.0,0
ENSG00000166352.15,C11orf74,0.0,0.0,0
ENSG00000166349.9,RAG1,0.0,0.0,0
ENSG00000135362.13,PRR5L,0.0,0.0,0
ENSG00000149089.12,APIP,0.0,0.0,0
ENSG00000110442.11,COMMD9,0.0,0.0,0
ENSG00000179241.12,LDLRAD3,0.0,0.0,0
ENSG00000166326.6,TRIM44,0.0,0.0,0
ENSG00000179431.6,FJX1,0.0,0.0,0
ENSG00000149090.11,PAMR1,0.0,0.0,0
ENSG00000255443.1,RP1-68D18.4,0.0,0.0,0
ENSG00000026508.17,CD44,0.0,0.0,0
ENSG00000243721.1,RPL23AP63,0.0,0.0,0
ENSG00000254512.1,PHBP2,0.0,0.0,0
ENSG00000283483.1,RP11-472I20.6,0.0,0.0,0
ENSG00000166199.12,ALKBH3,0.0,0.0007589398,1
ENSG00000121680.15,PEX16,0.0,0.0,0
ENSG00000121653.11,MAPK8IP1,0.0,0.0,0
ENSG00000121671.11,CRY2,0.0,0.0,0
ENSG00000181830.8,SLC35C1,0.0,0.0,0
ENSG00000175264.7,CHST1,0.0,0.0,0
ENSG00000019505.7,SYT13,0.0,0.0002440566,1
ENSG00000019485.13,PRDM11,0.0,0.0,0
ENSG00000175274.18,TP53I11,0.0,0.0,0
ENSG00000157570.11,TSPAN18,0.0,0.0,0
ENSG00000254693.1,RP11-58K22.5,0.0,0.0,0
ENSG00000085117.11,CD82,0.0,0.0,0
ENSG00000151348.13,EXT2,0.0,0.0,0
ENSG00000110455.13,ACCS,0.0,0.0,0
ENSG00000187479.5,C11orf96,0.0,0.001482698,1
ENSG00000213693.4,SEC14L1P1,0.0,0.0,0
ENSG00000110435.11,PDHX,0.0,0.0,0
ENSG00000135373.12,EHF,0.0,0.0,0
ENSG00000148943.11,LIN7C,0.0,0.0,0
ENSG00000148950.9,IMMP1L,0.0,0.0,0
ENSG00000270903.1,HNRNPA3P9,0.0,0.0,0
ENSG00000149100.12,EIF3M,0.0,0.0007713186,1
ENSG00000273908.1,WT1-AS_7,0.0,0.0,0
ENSG00000183242.11,WT1-AS,0.0,0.0,0
ENSG00000184937.13,WT1,0.0,0.0,0
ENSG00000049449.8,RCN1,0.0,0.0,0
ENSG00000109911.18,ELP4,0.0,0.0,0
ENSG00000170946.14,DNAJC24,0.0,0.0,0
ENSG00000135374.9,ELF5,0.0,0.0,0
ENSG00000170959.14,DCDC1,0.0,0.0,0
ENSG00000152219.4,ARL14EP,0.0,0.0,0
ENSG00000238149.1,AC104978.1,0.0,0.0,0
ENSG00000169519.20,METTL15,0.0,0.0,0
ENSG00000121621.6,KIF18A,0.0,0.000603149,1
ENSG00000224411.3,HSP90AA2P,0.0,0.0,0
ENSG00000176697.18,BDNF,0.0,0.0,0
ENSG00000186714.12,CCDC73,0.0,0.0006640387,1
ENSG00000135378.3,PRRG4,0.0,0.0,0
ENSG00000060749.14,QSER1,0.0,0.0,0
ENSG00000121690.10,DEPDC7,0.0,0.00019238108,1
ENSG00000121691.4,CAT,0.0,0.0,0
ENSG00000254708.1,RP1-145M24.1,0.0,0.0,0
ENSG00000166016.5,ABTB2,0.0,0.0,0
ENSG00000135372.8,NAT10,0.0,0.0,0
ENSG00000135387.20,CAPRIN1,0.0,0.0,0
ENSG00000135363.11,LMO2,0.0,0.0,0
ENSG00000110429.13,FBXO3,0.0,0.0,0
ENSG00000085063.14,CD59,0.0,0.0,0
ENSG00000110427.14,KIAA1549L,0.0,0.0,0
ENSG00000110422.11,HIPK3,0.0,0.0,0
ENSG00000241255.1,RP1-89D4.1,0.0,0.0012103515,1
ENSG00000176102.11,CSTF3,0.0,0.0,0
ENSG00000280798.1,LINC00294,0.0,0.0,0
ENSG00000213713.3,PIGCP1,0.0,0.0,0
ENSG00000176148.15,TCP11L1,0.0,0.0,0
ENSG00000165905.17,LARGE2,0.0,0.00079276634,3
ENSG00000135365.15,PHF21A,0.0,0.0,0
ENSG00000157613.10,CREB3L1,0.0,0.0,0
ENSG00000149131.15,SERPING1,0.0,0.0,0
ENSG00000233436.7,BTBD18,0.0,0.0,0
ENSG00000211450.9,SELENOH,0.0,1.0716436e-05,1
ENSG00000213592.4,AP000662.9,0.0,0.0,0
ENSG00000213593.9,TMX2,0.0,0.0,0
ENSG00000156603.15,MED19,0.0,0.0,0
ENSG00000156599.10,ZDHHC5,0.0,0.0,0
ENSG00000172409.5,CLP1,0.0,0.0,0
ENSG00000214872.8,SMTNL1,0.0,0.0,0
ENSG00000149091.15,DGKZ,0.0,0.0,0
ENSG00000134809.8,TIMM10,0.0,0.0,0
ENSG00000149150.8,SLC43A1,0.0,0.0,0
ENSG00000186907.7,RTN4RL2,0.0,0.0,0
ENSG00000134802.17,SLC43A3,0.0,0.0,0
ENSG00000186652.9,PRG2,0.0,0.0,0
ENSG00000149136.8,SSRP1,0.0,0.0,0
ENSG00000254662.1,RP11-872D17.4,0.0,0.0,0
ENSG00000198561.13,CTNND1,0.0,0.0,0
ENSG00000110031.12,LPXN,0.0,0.0,0
ENSG00000186660.14,ZFP91,0.0,0.0,0
ENSG00000269570.2,CMB9-55A18.1,0.0,0.0,0
ENSG00000110077.14,MS4A6A,0.0,0.0,0
ENSG00000149534.8,MS4A2,0.0,0.0,0
ENSG00000134827.7,TCN1,0.0,0.0,0
ENSG00000134812.7,GIF,0.0,0.0,0
ENSG00000166902.4,MRPL16,0.0,0.0,0
ENSG00000234964.4,FABP5P7,0.0,0.0,0
ENSG00000166900.15,STX3,0.0,0.0,0
ENSG00000166889.13,PATL1,0.0,0.0,0
ENSG00000110048.11,OSBP,0.0,0.0,0
ENSG00000197629.5,MPEG1,0.0,0.0,0
ENSG00000110042.7,DTX4,0.0,0.0,0
ENSG00000166801.15,FAM111A,0.0,0.0,0
ENSG00000189057.10,FAM111B,0.0,0.0,0
ENSG00000149124.10,GLYAT,0.0,0.0,0
ENSG00000242689.2,CNTF,0.0,0.0,0
ENSG00000149115.13,TNKS1BP1,0.0,0.0,0
ENSG00000134817.10,APLNR,0.0,0.0,0
ENSG00000150244.11,TRIM48,0.0,0.0,0
ENSG00000134574.11,DDB2,0.0,0.0,0
ENSG00000165912.15,PACSIN3,0.0,0.0,0
ENSG00000149182.14,ARFGAP2,0.0,0.00043627532,1
ENSG00000149179.13,C11orf49,0.0,0.0,0
ENSG00000134569.9,LRP4,0.0,0.0,0
ENSG00000247675.6,LRP4-AS1,0.0,0.0,0
ENSG00000212135.1,SNORD67,0.0,0.0,0
ENSG00000175216.14,CKAP5,0.0,0.0,0
ENSG00000180210.14,F2,0.0,0.0,0
ENSG00000175213.2,ZNF408,0.0,0.002103251,1
ENSG00000175220.11,ARHGAP1,0.0,0.0,0
ENSG00000175224.16,ATG13,0.0,0.0,0
ENSG00000180423.4,HARBI1,0.0,0.0,0
ENSG00000244313.3,RP11-425L10.1,0.0,0.0,0
ENSG00000110497.14,AMBRA1,0.0,0.0,0
ENSG00000110492.15,MDK,0.0,0.0,0
ENSG00000243802.2,RP11-390K5.1,0.0,0.0,0
ENSG00000134575.9,ACP2,0.0,0.0,0
ENSG00000086205.16,FOLH1,0.0,0.0,0
ENSG00000025434.18,NR1H3,0.0,0.0,0
ENSG00000271543.1,RP11-692M12.5,0.0,0.0001328046,1
ENSG00000030066.13,NUP160,0.0,0.0,0
ENSG00000109920.12,FNBP4,0.0,0.0,0
ENSG00000165923.15,AGBL2,0.0,0.0,0
ENSG00000109919.9,MTCH2,0.0,0.0,0
ENSG00000231880.2,RP11-76I23.7,0.0,0.0,0
ENSG00000123444.13,KBTBD4,0.0,0.0,0
ENSG00000110536.13,PTPMT1,0.0,5.1263964e-05,1
ENSG00000213619.9,NDUFS3,0.0,0.0,0
ENSG00000149187.17,CELF1,0.0,0.0,0
ENSG00000165917.9,RAPSN,0.0,0.0,0
ENSG00000165916.8,PSMC3,0.0,0.0,0
ENSG00000165915.13,SLC39A13,0.0,6.394366e-05,1
ENSG00000066336.11,SPI1,0.0,0.0,0
ENSG00000110514.19,MADD,0.0,0.0,0
ENSG00000240036.4,RP11-587D21.1,0.0,0.0007546699,1
ENSG00000242527.1,RP11-159H22.1,0.0,0.0,0
ENSG00000121236.20,TRIM6,0.0,0.00016413965,1
ENSG00000166436.15,TRIM66,0.0,0.0,0
ENSG00000176029.13,C11orf16,0.0,0.0,0
ENSG00000166452.11,AKIP1,0.0,0.0,0
ENSG00000254665.1,RP11-152H18.3,0.0,0.0,0
ENSG00000166444.18,ST5,0.0,0.0,0
ENSG00000212607.1,SNORA3B,0.0,0.0,0
ENSG00000200983.1,SNORA3A,0.0,0.0,0
ENSG00000166441.12,RPL27A,0.0,0.0,0
ENSG00000130413.15,STK33,0.0,0.0,0
ENSG00000183378.11,OVCH2,0.0,0.0,0
ENSG00000166405.14,RIC3,0.0,0.0,0
ENSG00000166402.8,TUB,0.0,0.0,0
ENSG00000175390.13,EIF3F,0.0,0.0,0
ENSG00000170688.4,OR5E1P,0.0,0.0,0
ENSG00000182334.1,OR5P3,0.0,0.0,0
ENSG00000183303.2,OR5P2,0.0,0.0,0
ENSG00000166408.4,OR5P1P,0.0,0.0,0
ENSG00000176009.3,ASCL3,0.0,0.0,0
ENSG00000175348.10,TMEM9B,0.0,0.0,0
ENSG00000175352.10,NRIP3,0.0,0.0,0
ENSG00000184014.7,DENND5A,0.0,0.0,0
ENSG00000110315.6,RNF141,0.0,0.0,0
ENSG00000255823.4,MTRNR2L8,0.0,0.0,0
ENSG00000133805.15,AMPD3,0.0,0.0,0
ENSG00000148926.9,ADM,0.0,0.0,0
ENSG00000254765.1,RP11-1H15.1,0.0,0.0,0
ENSG00000133812.15,SBF2,0.0,0.0,0
ENSG00000246273.6,SBF2-AS1,0.0,0.0,0
ENSG00000133789.14,SWAP70,0.0,2.5409556e-05,1
ENSG00000239470.3,RP11-16F15.2,0.0,0.0,0
ENSG00000243964.1,RPL23AP65,0.0,0.0,0
ENSG00000166483.10,WEE1,0.0,0.0,0
ENSG00000166478.9,ZNF143,0.0,0.0,0
ENSG00000205339.9,IPO7,0.0,0.0,0
ENSG00000254884.1,PRR13P2,0.0,0.0,0
ENSG00000166471.10,TMEM41B,0.0,0.0,0
ENSG00000176716.4,OR10AB1P,0.0,0.0,0
ENSG00000166394.14,CYB5R2,0.0,0.0,0
ENSG00000205213.13,LGR4,0.0,0.0,0
ENSG00000170955.9,PRKCDBP,0.0,0.0,0
ENSG00000254595.1,CTD-2010I16.1,0.0,0.0,0
ENSG00000132286.11,TIMM10B,0.0,0.0,0
ENSG00000132254.12,ARFIP2,0.0,0.0,0
ENSG00000110171.19,TRIM3,0.0,0.0,0
ENSG00000110169.10,HPX,0.0,0.0,0
ENSG00000166313.18,APBB1,0.0,0.0,0
ENSG00000166311.9,SMPD1,0.0,0.0,0
ENSG00000132259.12,CNGA4,0.0,0.0,0
ENSG00000166387.11,PPFIBP2,0.0,0.0,0
ENSG00000051009.10,FAM160A2,0.0,0.0,0
ENSG00000180878.2,C11orf42,0.0,0.0,0
ENSG00000181074.3,OR52N4,0.0,0.0,0
ENSG00000181023.6,OR56B1,0.0,0.0,0
ENSG00000132274.15,TRIM22,0.0,0.0,0
ENSG00000132256.18,TRIM5,0.0,0.0,0
ENSG00000258659.6,TRIM34,0.0,0.0,0
ENSG00000179532.12,DNHD1,0.0,0.0,0
ENSG00000132275.10,RRP8,0.0,0.0,0
ENSG00000254400.1,RP11-732A19.8,0.0,0.0,0
ENSG00000166333.13,ILK,0.0,0.0,0
ENSG00000183801.7,OLFML1,0.0,0.0,0
ENSG00000158077.4,NLRP14,0.0,0.0,0
ENSG00000149050.9,ZNF214,0.0,0.0,0
ENSG00000149054.15,ZNF215,0.0,0.0,0
ENSG00000166368.2,OR2D2,0.0,0.0,0
ENSG00000170782.3,OR10A4,0.0,0.0,0
ENSG00000166363.5,OR10A5,0.0,0.0,0
ENSG00000279486.4,OR2AG1,0.0,0.0,0
ENSG00000254838.5,GVINP1,0.0,0.0,0
ENSG00000158042.8,MRPL17,0.0,0.0,0
ENSG00000255410.1,RP11-732A19.6,0.0,0.0,0
ENSG00000166341.7,DCHS1,0.0,0.0,0
ENSG00000166340.15,TPP1,0.0,0.0,0
ENSG00000254641.1,RP11-732A19.2,0.0,0.0,0
ENSG00000166337.9,TAF10,0.0,0.0,0
ENSG00000133800.8,LYVE1,0.0,0.0,0
ENSG00000072952.18,MRVI1,0.0,0.0,0
ENSG00000198730.7,CTR9,0.0,0.0,0
ENSG00000173432.10,SAA1,0.0,0.0,0
ENSG00000151116.16,UEVLD,0.0,0.0,0
ENSG00000074319.12,TSG101,0.0,0.0,0
ENSG00000166800.9,LDHAL6A,0.0,0.0,0
ENSG00000256006.1,AC084117.3,0.0,0.00014939309,1
ENSG00000134333.13,LDHA,0.0,0.0,0
ENSG00000110768.11,GTF2H1,0.0,0.0,0
ENSG00000110756.17,HPS5,0.0,0.0,0
ENSG00000212789.4,ST13P5,0.0,0.0,0
ENSG00000255125.1,RP11-685M7.5,0.0,0.0,0
ENSG00000134339.8,SAA2,0.0,0.0,0
ENSG00000148965.9,SAA4,0.0,0.0,0
ENSG00000166788.9,SAAL1,0.0,0.0,0
ENSG00000129167.9,TPH1,0.0,0.0,0
ENSG00000129158.10,SERGEF,0.0,0.0,0
ENSG00000006611.15,USH1C,0.0,0.0,0
ENSG00000006071.12,ABCC8,0.0,0.0,0
ENSG00000247595.4,SPTY2D1-AS1,0.0,0.0,0
ENSG00000179119.14,SPTY2D1,0.0,0.0,0
ENSG00000151117.8,TMEM86A,0.0,0.0,0
ENSG00000179057.13,IGSF22,0.0,0.0,0
ENSG00000109881.16,CCDC34,0.0,6.7049936e-05,1
ENSG00000129151.8,BBOX1,0.0,0.0,0
ENSG00000176971.3,FIBIN,0.0,0.0,0
ENSG00000169550.12,MUC15,0.0,0.0,0
ENSG00000198168.8,SVIP,0.0,0.0,0
ENSG00000148935.10,GAS2,0.0,0.0,0
ENSG00000183161.4,FANCF,0.0,0.0,0
ENSG00000171714.10,ANO5,0.0,0.0,0
ENSG00000165973.18,NELL1,0.0,0.0,0
ENSG00000185238.12,PRMT3,0.0,0.0,0
ENSG00000109854.13,HTATIP2,0.0,0.0,0
ENSG00000254453.1,NAV2-AS2,0.0,0.0,0
ENSG00000166833.19,NAV2,0.0,0.0,0
ENSG00000129170.8,CSRP3,0.0,0.0,0
ENSG00000177054.13,ZDHHC13,0.0,0.0,0
ENSG00000187486.5,KCNJ11,0.0,0.0,0
ENSG00000188211.8,NCR3LG1,0.0,0.0,0
ENSG00000197149.5,RP11-452G18.2,0.0,0.0,0
ENSG00000197601.12,FAR1,0.0,0.0,0
ENSG00000133794.17,ARNTL,0.0,0.00022564127,1
ENSG00000189431.7,RASSF10,0.0,0.0,0
ENSG00000252329.1,SCARNA16,0.0,0.00013682905,1
ENSG00000187079.16,TEAD1,0.0,0.0,0
ENSG00000197702.11,PARVA,0.0,0.0,0
ENSG00000133808.4,MICALCL,0.0,0.0,0
ENSG00000133816.13,MICAL2,0.0,0.0,0
ENSG00000050165.17,DKK3,0.0,0.0,0
ENSG00000170242.17,USP47,0.0,0.0,0
ENSG00000255351.1,RP11-567I13.1,0.0,0.0,0
ENSG00000254598.2,CSNK2A3,0.0,0.0,0
ENSG00000110328.5,GALNT18,0.0,0.0,0
ENSG00000236287.7,ZBED5,0.0,0.0,0
ENSG00000238622.1,SNORD97,0.0,0.0,0
ENSG00000110321.16,EIF4G2,0.0,0.0,0
ENSG00000148925.10,BTBD10,0.0,0.0,0
ENSG00000262655.3,SPON1,0.0,0.0,0
ENSG00000070081.15,NUCB2,0.0,0.0,0
ENSG00000254418.1,RP11-21L19.1,0.0,0.0,0
ENSG00000240808.1,CTD-3236F5.1,0.0,0.0,0
ENSG00000011405.13,PIK3C2A,0.0,0.0,0
ENSG00000201403.1,SNORD14B,0.0,0.0,0
ENSG00000272034.1,SNORD14A,0.0,0.0,0
ENSG00000110700.6,RPS13,0.0,0.0,0
ENSG00000184669.7,OR7E14P,0.0,0.0,0
ENSG00000110693.17,SOX6,0.0,0.0,0
ENSG00000188487.11,INSC,0.0,0.0,0
ENSG00000110680.12,CALCA,0.0,0.0,0
ENSG00000186104.10,CYP2R1,0.0,0.0,0
ENSG00000255040.1,RP11-677N16.1,0.0,0.0,0
ENSG00000152270.8,PDE3B,0.0,0.0,0
ENSG00000129084.17,PSMA1,0.0,0.0,0
ENSG00000129083.12,COPB1,0.0,0.0,0
ENSG00000133818.13,RRAS2,0.0,0.0,0
ENSG00000196914.8,ARHGEF12,0.0,0.0,0
ENSG00000154114.12,TBCEL,0.0,0.0,0
ENSG00000109927.9,TECTA,0.0,0.0,0
ENSG00000120800.4,UTP20,0.0,0.00015898191,2
ENSG00000111670.14,GNPTAB,0.0,0.0,0
ENSG00000139351.14,SYCP3,0.0,0.0,0
ENSG00000111666.10,CHPT1,0.0,0.0,0
ENSG00000257514.5,RP11-755O11.2,0.0,0.0,0
ENSG00000196091.13,MYBPC1,0.0,0.0,0
ENSG00000166211.7,SPIC,0.0,0.0,0
ENSG00000120805.13,ARL1,0.0,0.0,0
ENSG00000256870.2,SLC5A8,0.0,0.0,0
ENSG00000185046.18,ANKS1B,0.0,0.0,0
ENSG00000151572.16,ANO4,0.0,0.0,0
ENSG00000257803.2,RP11-575G13.2,0.0,0.0,0
ENSG00000139354.10,GAS2L3,0.0,0.0050682873,1
ENSG00000012504.13,NR1H4,0.0,0.0009614935,1
ENSG00000075089.9,ACTR6,0.0,0.0,0
ENSG00000257489.6,RP11-175P13.3,0.0,0.0,0
ENSG00000238105.7,GOLGA2P5,0.0,0.0,0
ENSG00000136048.13,DRAM1,0.0,0.0,0
ENSG00000120860.10,WASHC3,0.0,0.0,0
ENSG00000075188.8,NUP37,0.0,0.0,0
ENSG00000185480.11,PARPBP,0.0,0.0,0
ENSG00000199415.1,RNA5SP370,0.0,0.00029051348,1
ENSG00000120837.7,NFYB,0.0,0.0,0
ENSG00000111727.11,HCFC2,0.0,0.0,0
ENSG00000216285.5,RP11-490H24.5,0.0,0.0,0
ENSG00000120820.12,GLT8D2,0.0,0.0,0
ENSG00000139372.14,TDG,0.0,0.0,0
ENSG00000204954.9,C12orf73,0.0,0.0,0
ENSG00000284503.1,MIR3652,0.0,0.0,0
ENSG00000166598.14,HSP90B1,0.0,0.0,0
ENSG00000111696.11,NT5DC3,0.0,0.0003796447,1
ENSG00000136011.14,STAB2,0.0,0.0,0
ENSG00000139352.3,ASCL1,0.0,0.0,0
ENSG00000171759.9,PAH,0.0,0.0,0
ENSG00000017427.15,IGF1,0.0,0.0,0
ENSG00000183395.4,PMCH,0.0,0.0,0
ENSG00000111647.12,UHRF1BP1L,0.0,0.002314528,1
ENSG00000120868.13,APAF1,0.0,0.0,0
ENSG00000120833.13,SOCS2,0.0,0.00022495489,1
ENSG00000184752.12,NDUFA12,0.0,0.0,0
ENSG00000111142.13,METAP2,0.0,0.0,0
ENSG00000257666.1,CBX3P5,0.0,0.0,0
ENSG00000028203.17,VEZT,0.0,0.00024977315,1
ENSG00000237774.3,RP11-129B9.1,0.0,1.733591e-05,1
ENSG00000257121.1,RP11-129B9.2,0.0,0.0,0
ENSG00000180263.13,FGD6,0.0,0.0,0
ENSG00000120798.16,NR2C1,0.0,0.0,0
ENSG00000283998.1,MIR492,0.0,0.0,0
ENSG00000166130.14,IKBIP,0.0,0.0,0
ENSG00000057704.12,TMCC3,0.0,0.0,0
ENSG00000236349.1,SUCLG2P2,0.0,0.0,0
ENSG00000213250.5,RBMS2P1,0.0,0.0,0
ENSG00000173588.14,CEP83,0.0,0.0,0
ENSG00000258365.1,RP11-1105G2.3,0.0,0.0,0
ENSG00000136040.8,PLXNC1,0.0,0.0,0
ENSG00000169372.12,CRADD,0.0,0.0,0
ENSG00000136014.11,USP44,0.0,0.0,0
ENSG00000257150.3,PGAM1P5,0.0,0.0,0
ENSG00000074527.11,NTN4,0.0,0.0,0
ENSG00000139343.10,SNRPF,0.0,0.0,0
ENSG00000212443.1,SNORA53,0.0,0.000459426,1
ENSG00000075415.12,SLC25A3,0.0,0.0,0
ENSG00000120802.13,TMPO,0.0,0.0,0
ENSG00000257167.2,TMPO-AS1,0.0,0.0,0
ENSG00000227825.4,SLC9A7P1,0.0,0.0,0
ENSG00000139350.11,NEDD1,0.0,0.0,0
ENSG00000188596.10,CFAP54,0.0,0.0,0
ENSG00000257169.1,RP11-117N2.2,0.0,0.00018428547,1
ENSG00000059758.7,CDK17,0.0,0.0,0
ENSG00000258177.1,RP11-394J1.2,0.0,0.0,0
ENSG00000111145.7,ELK3,0.0,0.0,0
ENSG00000257715.1,RP11-256L6.2,0.0,0.0,0
ENSG00000111144.9,LTA4H,0.0,0.0,0
ENSG00000084110.10,HAL,0.0,0.0,0
ENSG00000139344.7,AMDHD1,0.0,0.0,0
ENSG00000198431.15,TXNRD1,0.0,0.0,0
ENSG00000213442.5,RPL18AP3,0.0,0.0,0
ENSG00000255150.2,EID3,0.0,0.0,0
ENSG00000174437.16,ATP2A2,0.0,0.0,0
ENSG00000111237.18,VPS29,0.0,0.0,0
ENSG00000204856.11,FAM216A,0.0,0.0,0
ENSG00000241680.1,RPL31P49,0.0,0.0,0
ENSG00000111231.8,GPN3,0.0,0.0,0
ENSG00000111229.15,ARPC3,0.0,0.0,0
ENSG00000258011.2,HMGA1P3,0.0,0.0,0
ENSG00000196510.12,ANAPC7,0.0,0.0,0
ENSG00000122970.15,IFT81,0.0,0.0,0
ENSG00000171310.10,CHST11,0.0,0.0,0
ENSG00000174456.13,C12orf76,0.0,0.0,0
ENSG00000076513.16,ANKRD13A,0.0,0.0,0
ENSG00000277299.1,RP11-837J7.4,0.0,0.0,0
ENSG00000139436.20,GIT2,0.0,0.0,0
ENSG00000139437.17,TCHP,0.0,0.0,0
ENSG00000139433.9,GLTP,0.0,0.0,0
ENSG00000111199.10,TRPV4,0.0,0.0,0
ENSG00000278993.1,RP3-424M6.4,0.0,0.0,0
ENSG00000151164.18,RAD9B,0.0,0.0,0
ENSG00000196850.5,PPTC7,0.0,0.0,0
ENSG00000204852.15,TCTN1,0.0,0.0,0
ENSG00000089248.6,ERP29,0.0,0.00070624537,2
ENSG00000198270.12,TMEM116,0.0,0.0,0
ENSG00000229186.4,ADAM1A,0.0,0.0,0
ENSG00000089022.13,MAPKAPK5,0.0,0.0,0
ENSG00000111275.12,ALDH2,0.0,0.0,0
ENSG00000111271.14,ACAD10,0.0,0.0,0
ENSG00000258359.1,PCNPP1,0.0,0.0,0
ENSG00000089234.15,BRAP,0.0,0.0,0
ENSG00000238168.5,RP11-686G8.1,0.0,0.0,0
ENSG00000204842.14,ATXN2,0.0,0.0,0
ENSG00000111252.10,SH2B3,0.0,0.0,0
ENSG00000198324.13,FAM109A,0.0,0.0,0
ENSG00000111249.13,CUX2,0.0,3.294106e-05,1
ENSG00000111245.14,MYL2,0.0,0.0,0
ENSG00000186298.11,PPP1CC,0.0,0.0,0
ENSG00000139428.11,MMAB,0.0,0.0,0
ENSG00000151148.13,UBE3B,0.0,0.0,0
ENSG00000110906.12,KCTD10,0.0,0.0,0
ENSG00000151136.14,BTBD11,0.0,0.0,0
ENSG00000120832.9,MTERF2,0.0,0.0,0
ENSG00000151135.9,TMEM263,0.0,0.0,0
ENSG00000111785.19,RIC8B,0.0,0.0,0
ENSG00000257545.4,RP11-144F15.1,0.0,0.0,0
ENSG00000013503.9,POLR3B,0.0,0.0,0
ENSG00000166046.10,TCP11L2,0.0,0.0,0
ENSG00000136026.13,CKAP4,0.0,0.0,0
ENSG00000074590.13,NUAK1,0.0,3.4674908e-05,1
ENSG00000257773.1,ST13P3,0.0,0.0,0
ENSG00000235162.8,C12orf75,0.0,0.0,0
ENSG00000136044.11,APPL2,0.0,0.0,0
ENSG00000136051.13,WASHC4,0.0,0.0,0
ENSG00000136010.13,ALDH1L2,0.0,0.0,0
ENSG00000136052.9,SLC41A2,0.0,0.0,0
ENSG00000258111.1,RP11-43D4.2,0.0,8.564736e-05,1
ENSG00000008405.11,CRY1,0.0,0.0,0
ENSG00000257579.1,RP11-128P10.1,0.0,0.0,0
ENSG00000255655.1,RP11-256L11.3,0.0,0.0,0
ENSG00000136045.11,PWP1,0.0,0.0,0
ENSG00000076555.15,ACACB,0.0,0.0,0
ENSG00000076248.10,UNG,0.0,0.0,0
ENSG00000189046.10,ALKBH2,0.0,0.0,0
ENSG00000135093.12,USP30,0.0,0.0,0
ENSG00000207622.1,MIR619,0.0,0.00064835174,1
ENSG00000084112.14,SSH1,0.0,0.0,0
ENSG00000110880.10,CORO1C,0.0,0.0,0
ENSG00000110876.9,SELPLG,0.0,0.0,0
ENSG00000183160.8,TMEM119,0.0,0.0,0
ENSG00000136003.15,ISCU,0.0,0.0,0
ENSG00000075856.11,SART3,0.0,0.0,0
ENSG00000198855.6,FICD,0.0,0.0,0
ENSG00000174600.13,CMKLR1,0.0,0.0,0
ENSG00000258136.1,RP11-864J10.4,0.0,0.0,0
ENSG00000110851.11,PRDM4,0.0,0.0,0
ENSG00000186076.5,RP11-887P2.3,0.0,0.0,0
ENSG00000198015.12,MRPL42,0.0,0.0,0
ENSG00000135148.11,TRAFD1,0.0,0.0,0
ENSG00000149948.13,HMGA2,0.0,0.0,0
ENSG00000111530.12,CAND1,0.0,0.0,0
ENSG00000155974.11,GRIP1,0.0,0.0,0
ENSG00000225422.4,RBMS1P1,0.0,0.0,0
ENSG00000090376.10,IRAK3,0.0,0.0,0
ENSG00000155957.17,TMBIM4,0.0,0.0,0
ENSG00000139233.6,LLPH,0.0,0.0,0
ENSG00000197301.7,RP11-366L20.2,0.0,0.0,0
ENSG00000215208.3,KRT18P60,0.0,0.0,0
ENSG00000174206.12,C12orf66,0.0,0.00045163734,1
ENSG00000174099.10,MSRB3,0.0,0.0,0
ENSG00000174106.2,LEMD3,0.0,0.0,0
ENSG00000156076.9,WIF1,0.0,0.0,0
ENSG00000111490.12,TBC1D30,0.0,0.0,0
ENSG00000135677.10,GNS,0.0,0.0,0
ENSG00000153179.12,RASSF3,0.0,0.0,0
ENSG00000183735.9,TBK1,0.0,0.0,0
ENSG00000127334.10,DYRK2,0.0,0.0,0
ENSG00000111537.4,IFNG,0.0,0.0,0
ENSG00000111554.14,MDM1,0.0,0.0,0
ENSG00000240087.3,RPSAP12,0.0,0.0,0
ENSG00000127337.6,YEATS4,0.0,0.0,0
ENSG00000257764.2,RP11-1143G9.4,0.0,0.0,0
ENSG00000257818.1,C1GALT1P1,0.0,0.0,0
ENSG00000111605.16,CPSF6,0.0,2.7276395e-05,1
ENSG00000257289.1,RP11-611O2.6,0.0,0.0,0
ENSG00000135678.11,CPM,0.0,0.0,0
ENSG00000256664.1,RP11-611O2.3,0.0,0.0,0
ENSG00000135679.22,MDM2,0.0,0.0,0
ENSG00000175782.9,SLC35E3,0.0,0.0,0
ENSG00000233560.2,KRT8P39,0.0,0.0,0
ENSG00000111581.9,NUP107,0.0,0.0,0
ENSG00000234925.2,ATP5HP4,0.0,0.0,0
ENSG00000206650.1,SNORA70G,0.0,8.534723e-06,1
ENSG00000234040.3,RPL10P12,0.0,0.0,0
ENSG00000127314.17,RAP1B,0.0,0.0,0
ENSG00000184575.11,XPOT,0.0,0.0,0
ENSG00000255817.1,RP11-196H14.4,0.0,0.0,0
ENSG00000177889.9,UBE2N,0.0,0.0,0
ENSG00000135446.16,CDK4,0.0,0.0002417566,1
ENSG00000175215.10,CTDSP2,0.0,0.002147682,1
ENSG00000135407.10,AVIL,0.0,0.0,0
ENSG00000123297.17,TSFM,0.0,0.0,0
ENSG00000123427.16,METTL21B,0.0,0.0,0
ENSG00000037897.16,METTL1,0.0,0.0,0
ENSG00000111012.9,CYP27B1,0.0,0.0,0
ENSG00000139266.5,9-Mar,0.0,0.0,0
ENSG00000135452.9,TSPAN31,0.0,0.0,0
ENSG00000255886.1,RP11-196H14.2,0.0,0.0,0
ENSG00000255737.2,AGAP2-AS1,0.0,0.0,0
ENSG00000135439.11,AGAP2,0.0,0.0,0
ENSG00000257342.1,RP11-571M6.7,0.0,0.0,0
ENSG00000135506.15,OS9,0.0,0.0,0
ENSG00000135454.13,B4GALNT1,0.0,0.0,0
ENSG00000135502.17,SLC26A10,0.0,0.0,0
ENSG00000224713.4,AC025165.8,0.0,0.0,0
ENSG00000166896.7,ATP23,0.0,0.0,0
ENSG00000139263.11,LRIG3,0.0,0.0,0
ENSG00000118596.11,SLC16A7,0.0,0.0,0
ENSG00000135655.15,USP15,0.0,0.0,0
ENSG00000255780.1,RP11-1029F8.1,0.0,0.0,0
ENSG00000242087.2,RPL36AP41,0.0,0.0,0
ENSG00000196935.8,SRGAP1,0.0,0.0,0
ENSG00000255642.1,PABPC1P4,0.0,0.0,0
ENSG00000255850.1,TMEM5-AS1,0.0,0.0,0
ENSG00000118600.11,TMEM5,0.0,0.0,0
ENSG00000177990.11,DPY19L2,0.0,0.0,0
ENSG00000166148.3,AVPR1A,0.0,0.0,0
ENSG00000139239.7,RPL14P1,0.0,0.0,0
ENSG00000213352.3,GAPDHP44,0.0,0.0,0
ENSG00000241941.2,RPL32P26,0.0,0.0,0
ENSG00000111110.11,PPM1H,0.0,0.0,0
ENSG00000199179.3,MIRLET7I,0.0,0.0,0
ENSG00000221949.5,LINC01465,0.0,0.0,0
ENSG00000061987.14,MON2,0.0,0.0,0
ENSG00000166225.8,FRS2,0.0,0.0,0
ENSG00000166226.12,CCT2,0.0,0.0,0
ENSG00000127328.21,RAB3IP,0.0,0.0019259127,1
ENSG00000127720.7,METTL25,0.0,0.0001184021,1
ENSG00000198707.14,CEP290,0.0,0.0,0
ENSG00000133641.17,C12orf29,0.0,0.0,0
ENSG00000133636.10,NTS,0.0,0.0,0
ENSG00000198774.4,RASSF9,0.0,0.0,0
ENSG00000133640.18,LRRIQ1,0.0,0.0,0
ENSG00000231738.10,TSPAN19,0.0,0.0,0
ENSG00000179104.8,TMTC2,0.0,0.0,0
ENSG00000133773.11,CCDC59,0.0,0.0,0
ENSG00000166268.10,MYRFL,0.0,0.0,0
ENSG00000139220.16,PPFIA2,0.0,0.0,0
ENSG00000111058.7,ACSS3,0.0,0.0,0
ENSG00000207763.1,MIR617,0.0,0.0,0
ENSG00000139304.12,PTPRQ,0.0,0.0,0
ENSG00000058272.16,PPP1R12A,0.0,0.0,0
ENSG00000258048.1,RP11-530C5.1,0.0,0.0016469026,1
ENSG00000177425.10,PAWR,0.0,0.0,0
ENSG00000139324.11,TMTC3,0.0,0.0,0
ENSG00000049130.14,KITLG,0.0,0.0,0
ENSG00000139318.7,DUSP6,0.0,0.0,0
ENSG00000274021.1,RP11-823E8.3,0.0,0.0,0
ENSG00000173598.13,NUDT4,0.0,0.0,0
ENSG00000257252.5,RP11-486A14.2,0.0,0.0,0
ENSG00000257195.1,HNRNPA1P50,0.0,0.0,0
ENSG00000258012.1,RP11-603K19.1,0.0,0.0,0
ENSG00000102189.16,EEA1,0.0,0.0,0
ENSG00000187510.8,PLEKHG7,0.0,0.0,0
ENSG00000214215.3,C12orf74,0.0,0.0,0
ENSG00000133639.4,BTG1,0.0,0.0,0
ENSG00000011465.16,DCN,0.0,0.0,0
ENSG00000139329.4,LUM,0.0,0.0,0
ENSG00000083782.7,EPYC,0.0,0.0,0
ENSG00000070961.15,ATP2B1,0.0,0.0,0
ENSG00000257594.3,GALNT4,0.0,0.0,0
ENSG00000226982.4,CENPCP1,0.0,0.0,0
ENSG00000139323.13,POC1B,0.0,0.0,0
ENSG00000257956.1,NOP56P3,0.0,0.0,0
ENSG00000257604.1,RP11-359M6.2,0.0,0.00029877207,1
ENSG00000067715.13,SYT1,0.0,0.0006496353,1
ENSG00000257113.1,RP11-274M17.2,0.0,0.0,0
ENSG00000257802.1,RP11-2H8.4,0.0,0.0,0
ENSG00000121749.15,TBC1D15,0.0,0.0,0
ENSG00000080371.5,RAB21,0.0,0.0,0
ENSG00000139291.13,TMEM19,0.0,0.0,0
ENSG00000173451.6,THAP2,0.0,0.0,0
ENSG00000212461.1,SNORA17,0.0,0.0,0
ENSG00000133858.15,ZFC3H1,0.0,0.0,0
ENSG00000257761.1,RP11-186F10.2,0.0,0.0,0
ENSG00000127324.8,TSPAN8,0.0,0.0,0
ENSG00000153233.12,PTPRR,0.0,0.0,0
ENSG00000277247.1,RP11-785D18.3,0.0,0.0,0
ENSG00000127329.15,PTPRB,0.0,0.0,0
ENSG00000258168.5,RP11-588H23.3,0.0,0.0,0
ENSG00000135643.4,KCNMB4,0.0,0.0,0
ENSG00000111596.11,CNOT2,0.0,0.0,0
ENSG00000072657.8,TRHDE,0.0,0.0,0
ENSG00000253719.3,ATXN7L3B,0.0,0.0,0
ENSG00000067798.14,NAV3,0.0,0.0,0
ENSG00000257386.1,RP11-56G10.2,0.0,0.0,0
ENSG00000165891.15,E2F7,0.0,0.0,0
ENSG00000175183.9,CSRP2,0.0,0.0,0
ENSG00000186908.14,ZDHHC17,0.0,0.0,0
ENSG00000243071.1,RP11-613M5.2,0.0,0.0,0
ENSG00000091039.16,OSBPL8,0.0,0.0,0
ENSG00000179941.6,BBS10,0.0,0.0,0
ENSG00000257941.1,RP11-290L1.4,0.0,0.0,0
ENSG00000187109.13,NAP1L1,0.0,0.0,0
ENSG00000257453.1,RP11-290L1.3,0.0,0.0038175925,2
ENSG00000139289.13,PHLDA1,0.0,0.0002357909,1
ENSG00000258245.1,RPL10P13,0.0,0.0,0
ENSG00000111615.13,KRR1,0.0,0.0,0
ENSG00000139278.9,GLIPR1,0.0,0.0,0
ENSG00000173401.9,GLIPR1L1,0.0,0.0,0
ENSG00000180881.19,CAPS2,0.0,0.0,0
ENSG00000111300.9,NAA25,0.0,0.0,0
ENSG00000173064.12,HECTD4,0.0,0.0,0
ENSG00000178498.15,DTX3,0.0,0.0,0
ENSG00000075673.11,ATP12A,0.0,0.0,0
ENSG00000132932.16,ATP8A2,0.0,0.0,0
ENSG00000139496.15,NUP58,0.0,0.0,0
ENSG00000139505.11,MTMR6,0.0,0.0,0
ENSG00000151846.8,PABPC3,0.0,0.0,0
ENSG00000232858.1,RPL34P27,0.0,0.0,0
ENSG00000273628.1,RP11-756A22.7,0.0,0.0,0
ENSG00000151849.14,CENPJ,0.0,0.0,0
ENSG00000102699.5,PARP4,0.0,0.0,0
ENSG00000232187.1,FTH1P7,0.0,0.0,0
ENSG00000225674.1,IPO7P2,0.0,0.0,0
ENSG00000182957.15,SPATA13,0.0,0.0,0
ENSG00000027001.9,MIPEP,0.0,0.0,0
ENSG00000127863.15,TNFRSF19,0.0,0.0,0
ENSG00000151835.14,SACS,0.0,0.0,0
ENSG00000102683.7,SGCG,0.0,0.0,0
ENSG00000234685.1,NUS1P2,0.0,0.00025718176,1
ENSG00000180730.4,SHISA2,0.0,0.0,0
ENSG00000127870.16,RNF6,0.0,0.0,0
ENSG00000132964.11,CDK8,0.0,0.0,0
ENSG00000132970.12,WASF3,0.0,0.0,0
ENSG00000132963.7,POMP,0.0,0.0,0
ENSG00000102755.11,FLT1,0.0,0.0,0
ENSG00000232587.1,EEF1A1P3,0.0,0.0,0
ENSG00000152520.13,PAN3,0.0,0.0,0
ENSG00000122025.14,FLT3,0.0,0.0,0
ENSG00000180389.6,ATP5EP2,0.0,0.0,0
ENSG00000186184.16,POLR1D,0.0,0.00018725025,1
ENSG00000139517.7,LNX2,0.0,0.0,0
ENSG00000122033.14,MTIF3,0.0,0.0,0
ENSG00000122034.14,GTF3A,0.0,0.0,0
ENSG00000122035.6,RASL11A,0.0,0.0,0
ENSG00000207051.1,SNORA27,0.0,0.0,0
ENSG00000122026.10,RPL21,0.0,0.0,0
ENSG00000152484.13,USP12,0.0,0.00076926366,1
ENSG00000234031.1,RPS3AP44,0.0,0.0,0
ENSG00000262619.1,LINC00621,0.0,0.0,0
ENSG00000102678.6,FGF9,0.0,0.0,0
ENSG00000112787.12,FBRSL1,0.0,0.0,0
ENSG00000198040.10,ZNF84,0.0,0.0,0
ENSG00000196199.13,MPHOSPH8,0.0,0.0,0
ENSG00000238132.2,CASC4P1,0.0,6.273622e-05,1
ENSG00000242756.2,RHOT1P3,0.0,0.0,0
ENSG00000090612.20,ZNF268,0.0,0.0,0
ENSG00000256223.5,ZNF10,0.0,0.0,0
ENSG00000214029.4,ZNF891,0.0,0.0,0
ENSG00000196387.9,ZNF140,0.0,0.0,0
ENSG00000198393.7,ZNF26,0.0,0.0,0
ENSG00000226525.5,RPS7P10,0.0,0.0,0
ENSG00000196458.10,ZNF605,0.0,0.0,0
ENSG00000072609.17,CHFR,0.0,0.0,0
ENSG00000090615.14,GOLGA3,0.0,0.0,0
ENSG00000176915.14,ANKLE2,0.0,0.0,0
ENSG00000247077.6,PGAM5,0.0,0.0,0
ENSG00000176894.9,PXMP2,0.0,0.0,0
ENSG00000177084.16,POLE,0.0,0.0,0
ENSG00000121390.18,PSPC1,0.0,0.0,0
ENSG00000132950.18,ZMYM5,0.0,0.0,0
ENSG00000121741.16,ZMYM2,0.0,0.0,0
ENSG00000165474.5,GJB2,0.0,0.0,0
ENSG00000230022.1,FNTAP2,0.0,0.0,0
ENSG00000165487.13,MICU2,0.0,0.0,0
ENSG00000180776.15,ZDHHC20,0.0,0.0,0
ENSG00000215571.5,GRK6P1,0.0,0.0002800305,1
ENSG00000173141.4,MRPL57,0.0,0.0,0
ENSG00000165480.15,SKA3,0.0,0.0,0
ENSG00000150459.12,SAP18,0.0,0.0,0
ENSG00000150457.8,LATS2,0.0,0.0,0
ENSG00000213621.3,RPSAP54,0.0,0.0,0
ENSG00000132953.16,XPO4,0.0,0.0,0
ENSG00000150456.10,EEF1AKMT1,0.0,0.0,0
ENSG00000238286.1,SLC35E1P1,0.0,0.0,0
ENSG00000032742.17,IFT88,0.0,0.0,0
ENSG00000165475.13,CRYL1,0.0,0.0,0
ENSG00000121742.16,GJB6,0.0,0.0,0
ENSG00000139508.14,SLC46A3,0.0,0.0,0
ENSG00000233588.1,CYP51A1P2,0.0,0.0,0
ENSG00000132938.19,MTUS2,0.0,0.0,0
ENSG00000229473.2,RGS17P1,0.0,0.0,0
ENSG00000102760.12,RGCC,0.0,0.0,0
ENSG00000172766.18,NAA16,0.0,7.1202405e-05,1
ENSG00000120662.15,MTRF1,0.0,0.0,0
ENSG00000120696.8,KBTBD7,0.0,0.0,0
ENSG00000215482.3,CALM2P3,0.0,0.0,0
ENSG00000165572.7,KBTBD6,0.0,0.0,0
ENSG00000120688.8,WBP4,0.0,0.0,0
ENSG00000120690.15,ELF1,0.0,0.0,0
ENSG00000139514.12,SLC7A1,0.0,0.0,0
ENSG00000239827.8,SUGT1P3,0.0,0.0,0
ENSG00000176268.5,CYCSP34,0.0,0.0,0
ENSG00000207652.1,MIR621,0.0,0.0,0
ENSG00000102743.14,SLC25A15,0.0,0.0,0
ENSG00000102738.7,MRPS31,0.0,0.0,0
ENSG00000229456.1,RLIMP1,0.0,0.0,0
ENSG00000150907.7,FOXO1,0.0,0.0,0
ENSG00000102763.17,VWA8,0.0,0.0,0
ENSG00000102780.16,DGKH,0.0,0.0,0
ENSG00000237263.1,MAPK6PS3,0.0,0.0,0
ENSG00000023516.8,AKAP11,0.0,0.0,0
ENSG00000133112.16,TPT1,0.0,0.0,0
ENSG00000180332.6,KCTD4,0.0,0.0,0
ENSG00000188342.11,GTF2F2,0.0,0.0,0
ENSG00000133114.17,GPALPP1,0.0,0.0,0
ENSG00000083635.7,NUFIP1,0.0,0.0,0
ENSG00000102804.14,TSC22D1,0.0,0.0,0
ENSG00000151778.10,SERP2,0.0,0.0,0
ENSG00000179611.3,DGKZP1,0.0,0.0,0
ENSG00000179630.10,LACC1,0.0,0.0,0
ENSG00000151773.12,CCDC122,0.0,0.0,0
ENSG00000120658.13,ENOX1,0.0,0.0,0
ENSG00000120675.5,DNAJC15,0.0,0.0,0
ENSG00000133106.14,EPSTI1,0.0,0.0,0
ENSG00000179813.6,FAM216B,0.0,0.0,0
ENSG00000120659.14,TNFSF11,0.0,0.0,0
ENSG00000133103.16,COG6,0.0,0.0,0
ENSG00000183722.7,LHFP,0.0,0.0,0
ENSG00000188811.13,NHLRC3,0.0,0.0,0
ENSG00000133116.7,KL,0.0,0.0,0
ENSG00000229800.1,ATP8A2P2,0.0,0.0,0
ENSG00000244754.8,N4BP2L2,0.0,0.0,0
ENSG00000139597.17,N4BP2L1,0.0,0.0,0
ENSG00000139618.14,BRCA2,0.0,0.0,0
ENSG00000073910.19,FRY,0.0,0.0,0
ENSG00000187676.7,B3GLCT,0.0,0.0,0
ENSG00000120694.19,HSPH1,0.0,0.0,0
ENSG00000175664.9,TEX26,0.0,0.0,0
ENSG00000102802.9,MEDAG,0.0,0.0,0
ENSG00000132965.9,ALOX5AP,0.0,0.0,0
ENSG00000132952.11,USPL1,0.0,0.0,0
ENSG00000224117.1,PTPN2P2,0.0,0.0,0
ENSG00000189403.14,HMGB1,0.0,0.0,0
ENSG00000102781.13,KATNAL1,0.0,0.0,0
ENSG00000122042.9,UBL3,0.0,0.0,0
ENSG00000083642.18,PDS5B,0.0,0.0,0
ENSG00000133121.20,STARD13,0.0,0.0,0
ENSG00000120685.19,PROSER1,0.0,0.0,0
ENSG00000133119.12,RFC3,0.0,0.0,0
ENSG00000133115.11,STOML3,0.0,0.0,0
ENSG00000150893.10,FREM2,0.0,0.0,0
ENSG00000120686.11,UFM1,0.0,0.0,0
ENSG00000133107.14,TRPC4,0.0,0.0,0
ENSG00000133110.14,POSTN,0.0,0.0,0
ENSG00000102710.19,SUPT20H,0.0,0.0,0
ENSG00000120699.12,EXOSC8,0.0,0.0,0
ENSG00000120697.8,ALG5,0.0,0.0,0
ENSG00000120693.13,SMAD9,0.0,0.0,0
ENSG00000133111.3,RFXAP,0.0,0.0,0
ENSG00000133101.9,CCNA1,0.0,0.0,0
ENSG00000133104.12,SPG20,0.0,0.0,0
ENSG00000133083.14,DCLK1,0.0,0.0,0
ENSG00000180660.7,MAB21L1,0.0,0.0,0
ENSG00000172915.18,NBEA,0.0,0.0,0
ENSG00000187848.12,P2RX2,0.0,0.0,0
ENSG00000184967.6,NOC4L,0.0,0.0,0
ENSG00000257494.1,RP3-521E19.2,0.0,0.0,0
ENSG00000089157.15,RPLP0,0.0,0.0,0
ENSG00000170890.13,PLA2G1B,0.0,0.0,0
ENSG00000089163.4,SIRT4,0.0,0.0,0
ENSG00000200795.1,RNU4-1,0.0,0.0,0
ENSG00000202538.1,RNU4-2,0.0,0.00040882028,1
ENSG00000123009.4,NME2P1,0.0,0.0,0
ENSG00000089159.16,PXN,0.0,0.0,0
ENSG00000255857.5,PXN-AS1,0.0,0.0,0
ENSG00000089154.10,GCN1,0.0,0.0,0
ENSG00000152137.6,HSPB8,0.0,0.0,0
ENSG00000111737.11,RAB35,0.0,0.0,0
ENSG00000255575.1,RP1-267D11.1,0.0,9.884052e-07,1
ENSG00000135127.11,BICDL1,0.0,0.0,0
ENSG00000255692.1,RP1-127H14.3,0.0,0.0,0
ENSG00000122966.15,CIT,0.0,0.0,0
ENSG00000111725.10,PRKAB1,0.0,0.0,0
ENSG00000183273.6,CCDC60,0.0,0.0,0
ENSG00000135097.6,MSI1,0.0,0.0,0
ENSG00000111775.2,COX6A1,0.0,0.0,0
ENSG00000170855.3,TRIAP1,0.0,0.0,0
ENSG00000257218.5,GATC,0.0,0.0,0
ENSG00000089053.12,ANAPC5,0.0,0.0,0
ENSG00000110931.18,CAMKK2,0.0,0.0,0
ENSG00000135124.14,P2RX4,0.0,0.0,0
ENSG00000089041.16,P2RX7,0.0,0.0,0
ENSG00000157895.11,C12orf43,0.0,0.0,0
ENSG00000135100.17,HNF1A,0.0,0.0,0
ENSG00000157837.15,SPPL3,0.0,0.0,0
ENSG00000122971.8,ACADS,0.0,0.0,0
ENSG00000175970.10,UNC119B,0.0,0.0,0
ENSG00000110917.7,MLEC,0.0,0.0025686459,1
ENSG00000167272.10,POP5,0.0,0.0,0
ENSG00000022840.15,RNF10,0.0,0.0,0
ENSG00000110871.14,COQ5,0.0,0.0,0
ENSG00000088986.10,DYNLL1,0.0,0.0,0
ENSG00000111786.8,SRSF9,0.0,0.0,0
ENSG00000213144.2,RP11-64B16.2,0.0,0.0,0
ENSG00000111707.11,SUDS3,0.0,0.0,0
ENSG00000185163.9,DDX51,0.0,0.0,0
ENSG00000186710.11,CFAP73,0.0,0.0,0
ENSG00000135094.10,SDS,0.0,0.0,0
ENSG00000151176.7,PLBD2,0.0,0.0,0
ENSG00000089060.11,SLC8B1,0.0,0.0,0
ENSG00000186815.12,TPCN1,0.0,0.00013104673,1
ENSG00000166578.9,IQCD,0.0,0.0,0
ENSG00000139405.15,RITA1,0.0,0.0,0
ENSG00000123064.12,DDX54,0.0,0.0,0
ENSG00000111344.11,RASAL1,0.0,0.0,0
ENSG00000240342.3,RPS2P5,0.0,0.0,0
ENSG00000135144.7,DTX1,0.0,0.0,0
ENSG00000111335.12,OAS2,0.0,0.0,0
ENSG00000111331.12,OAS3,0.0,0.0014777103,2
ENSG00000257452.1,RP1-71H24.1,0.0,0.0,0
ENSG00000179295.17,PTPN11,0.0,0.0,0
ENSG00000089009.15,RPL6,0.0,0.0005976319,1
ENSG00000213152.5,RPL7AP60,0.0,0.0,0
ENSG00000139410.14,SDSL,0.0,0.0,0
ENSG00000122965.10,RBM19,0.0,0.0,0
ENSG00000257359.1,RP11-780K2.1,0.0,0.0,0
ENSG00000089225.19,TBX5,0.0,0.0,0
ENSG00000135090.13,TAOK3,0.0,0.0,0
ENSG00000089220.4,PEBP1,0.0,0.0,0
ENSG00000274859.1,RP11-136L23.2,0.0,0.00066650205,2
ENSG00000176871.8,WSB2,0.0,0.0,0
ENSG00000277873.1,RP11-33N14.3,0.0,0.0,0
ENSG00000111445.13,RFC5,0.0,0.0,0
ENSG00000089250.18,NOS1,0.0,0.0,0
ENSG00000135108.14,FBXO21,0.0,0.0,0
ENSG00000088992.17,TESC,0.0,0.0005402911,1
ENSG00000174989.12,FBXW8,0.0,0.0001091033,1
ENSG00000135119.14,RNFT2,0.0,0.00042720063,1
ENSG00000111412.5,C12orf49,0.0,0.0,0
ENSG00000196668.3,LINC00173,0.0,0.0,0
ENSG00000123066.7,MED13L,0.0,0.00055889203,1
ENSG00000135111.15,TBX3,0.0,0.0,0
ENSG00000170633.16,RNF34,0.0,0.0,0
ENSG00000089094.18,KDM2B,0.0,0.0,0
ENSG00000276045.2,ORAI1,0.0,0.0,0
ENSG00000280300.1,RP11-338K17.10,0.0,0.0,0
ENSG00000073060.15,SCARB1,0.0,0.0,0
ENSG00000196498.13,NCOR2,0.0,0.0,0
ENSG00000178882.14,RFLNA,0.0,0.0,0
ENSG00000179195.15,ZNF664,0.0,0.0,0
ENSG00000250091.2,DNAH10OS,0.0,0.0,0
ENSG00000119242.8,CCDC92,0.0,0.0,0
ENSG00000197653.15,DNAH10,0.0,0.0,0
ENSG00000185344.13,ATP6V0A2,0.0,0.0,0
ENSG00000188735.12,TMEM120B,0.0,0.00044492324,1
ENSG00000255839.1,RP11-338K17.8,0.0,0.0,0
ENSG00000168778.11,TCTN2,0.0,0.0,0
ENSG00000278861.1,RP11-338K17.6,0.0,0.0,0
ENSG00000111358.13,GTF2H3,0.0,0.0,0
ENSG00000111361.12,EIF2B1,0.0,0.0,0
ENSG00000111364.15,DDX55,0.0,0.0,0
ENSG00000086598.10,TMED2,0.0,0.0,0
ENSG00000150991.14,UBC,0.0,0.0,0
ENSG00000150990.7,DHX37,0.0,0.0,0
ENSG00000184992.10,BRI3BP,0.0,0.00030035462,1
ENSG00000081760.16,AACS,0.0,0.0,0
ENSG00000256804.1,RP13-977J11.5,0.0,0.0,0
ENSG00000185684.12,EP400NL,0.0,6.153931e-05,1
ENSG00000208892.1,SNORA49,0.0,0.0,0
ENSG00000183495.13,EP400,0.0,0.0,0
ENSG00000177192.13,PUS1,0.0,0.0,0
ENSG00000177169.9,ULK1,0.0,0.0,0
ENSG00000198598.6,MMP17,0.0,0.0,0
ENSG00000159387.7,IRX6,0.0,0.0,0
ENSG00000111452.12,ADGRD1,0.0,0.0,0
ENSG00000132341.11,RAN,0.0,0.0,0
ENSG00000256250.1,RP11-989F5.1,0.0,0.0,0
ENSG00000111450.13,STX2,0.0,0.0,0
ENSG00000060709.14,RIMBP2,0.0,0.0,0
ENSG00000111432.4,FZD10,0.0,0.0,0
ENSG00000139370.11,SLC15A4,0.0,0.0,0
ENSG00000247373.3,RP11-486O12.2,0.0,0.00013827215,1
ENSG00000188026.12,RILPL1,0.0,0.0,0
ENSG00000184209.14,SNRNP35,0.0,0.0,0
ENSG00000111011.17,RSRC2,0.0,0.0,0
ENSG00000214760.3,RPL21P1,0.0,0.0,0
ENSG00000130779.19,CLIP1,0.0,0.0,0
ENSG00000139719.9,VPS33A,0.0,0.0,0
ENSG00000184047.16,DIABLO,0.0,0.0,0
ENSG00000176383.8,B3GNT4,0.0,0.0,0
ENSG00000158113.12,LRRC43,0.0,0.0,0
ENSG00000175727.13,MLXIP,0.0,0.0,0
ENSG00000110987.8,BCL7A,0.0,0.0,0
ENSG00000158023.9,WDR66,0.0,0.0,0
ENSG00000110801.13,PSMD9,0.0,0.0,0
ENSG00000256811.1,RP11-7M8.2,0.0,0.0,0
ENSG00000158104.11,HPD,0.0,0.0,0
ENSG00000139718.10,SETD1B,0.0,0.0,0
ENSG00000272849.1,RP11-347I19.8,0.0,0.0,0
ENSG00000139725.7,RHOF,0.0,0.0,0
ENSG00000033030.13,ZCCHC8,0.0,0.0,0
ENSG00000184445.11,KNTC1,0.0,0.0,0
ENSG00000150977.10,RILPL2,0.0,0.0,0
ENSG00000182782.7,HCAR2,0.0,0.0,0
ENSG00000183955.12,KMT5A,0.0,0.0,0
ENSG00000139697.13,SBNO1,0.0,0.0,0
ENSG00000111328.6,CDK2AP1,0.0,0.0,0
ENSG00000130921.7,C12orf65,0.0,0.0,0
ENSG00000280120.1,RP11-546D6.3,0.0,0.0,0
ENSG00000051825.14,MPHOSPH9,0.0,0.0,0
ENSG00000090975.12,PITPNM2,0.0,0.0,0
ENSG00000182196.13,ARL6IP4,0.0,0.0,0
ENSG00000111325.16,OGFOD2,0.0,0.0,0
ENSG00000150967.17,ABCB9,0.0,0.0,0
ENSG00000139722.6,VPS37B,0.0,0.0,0
ENSG00000130787.13,HIP1R,0.0,0.0,0
ENSG00000139726.10,DENR,0.0,0.0,0
ENSG00000196917.5,HCAR1,0.0,0.0,0
ENSG00000255398.2,HCAR3,0.0,0.00014446488,1
ENSG00000240771.6,ARHGEF25,0.0,0.0,0
ENSG00000166908.17,PIP4K2C,0.0,0.0,0
ENSG00000137642.12,SORL1,0.0,0.0,0
ENSG00000069493.14,CLEC2D,0.0,0.0,0
ENSG00000139112.10,GABARAPL1,0.0,0.0,0
ENSG00000173391.8,OLR1,0.0,0.0,0
ENSG00000172243.17,CLEC7A,0.0,0.0,0
ENSG00000150048.10,CLEC1A,0.0,0.0,0
ENSG00000172322.13,CLEC12A,0.0,0.0,0
ENSG00000110852.4,CLEC2B,0.0,0.0,0
ENSG00000110848.8,CD69,0.0,0.0,0
ENSG00000111796.3,KLRB1,0.0,0.0,0
ENSG00000175899.14,A2M,0.0,0.0,0
ENSG00000214776.10,RP11-726G1.1,0.0,0.0,0
ENSG00000214826.5,DDX12P,0.0,0.0,0
ENSG00000256673.1,RP11-599J14.2,0.0,0.0,0
ENSG00000111788.10,RP11-22B23.1,0.0,0.0,0
ENSG00000237248.4,LINC00987,0.0,0.0,0
ENSG00000231503.4,PTMAP4,0.0,0.0,0
ENSG00000283429.1,MIR1244-3,0.0,8.606819e-05,1
ENSG00000213809.8,KLRK1,0.0,0.0,0
ENSG00000183542.5,KLRC4,0.0,0.0,0
ENSG00000205810.8,KLRC3,0.0,0.0,0
ENSG00000205809.9,KLRC2,0.0,0.0,0
ENSG00000256436.1,TAS2R31,0.0,0.0,0
ENSG00000212124.2,TAS2R19,0.0,0.0,0
ENSG00000255837.1,TAS2R20,0.0,0.0,0
ENSG00000212126.3,TAS2R50,0.0,0.0,0
ENSG00000212125.2,TAS2R15P,0.0,0.0,0
ENSG00000212127.5,TAS2R14,0.0,0.0,0
ENSG00000134551.12,PRH2,0.0,0.0,0
ENSG00000212128.2,TAS2R13,0.0,0.0,0
ENSG00000111215.11,PRR4,0.0,0.0,0
ENSG00000121318.2,TAS2R10,0.0,0.0,0
ENSG00000060138.12,YBX3,0.0,0.0,0
ENSG00000111196.9,MAGOHB,0.0,0.0,0
ENSG00000256667.6,KLRA1P,0.0,0.0,0
ENSG00000180574.3,EIF2S3L,0.0,0.0,0
ENSG00000134545.13,KLRC1,0.0,0.0,0
ENSG00000126838.9,PZP,0.0,0.0,0
ENSG00000245105.2,A2M-AS1,0.0,0.0,0
ENSG00000248593.3,DSTNP2,0.0,0.0,0
ENSG00000126749.14,EMG1,0.0,4.2828913e-05,1
ENSG00000139197.10,PEX5,0.0,0.0,0
ENSG00000139182.13,CLSTN3,0.0,0.0,0
ENSG00000139194.7,RBP5,0.0,0.0,0
ENSG00000139178.10,C1RL,0.0,0.0,0
ENSG00000159403.15,C1R,0.0,0.0,0
ENSG00000182326.14,C1S,0.0,0.0,0
ENSG00000111684.10,LPCAT3,0.0,0.0,0
ENSG00000238795.1,SCARNA12,0.0,0.0,0
ENSG00000213049.3,HNRNPA1P34,0.0,0.0,0
ENSG00000215021.8,PHB2,0.0,0.0,0
ENSG00000207708.1,MIR141,0.0,0.0,0
ENSG00000257084.1,U47924.27,0.0,0.0,0
ENSG00000111679.16,PTPN6,0.0,0.0,0
ENSG00000272173.1,U47924.31,0.0,0.0,0
ENSG00000111678.10,C12orf57,0.0,0.0,0
ENSG00000111676.14,ATN1,0.0,0.0,0
ENSG00000177675.8,CD163L1,0.0,0.00044021412,1
ENSG00000255836.1,RP11-157G21.2,0.0,0.00034513633,2
ENSG00000177575.12,CD163,0.0,0.00022207052,1
ENSG00000065970.8,FOXJ2,0.0,0.0,0
ENSG00000139187.9,KLRG1,0.0,0.0,0
ENSG00000003056.7,M6PR,0.0,0.0,0
ENSG00000111752.10,PHC1,0.0,0.0,0
ENSG00000166535.19,A2ML1,0.0,0.0,0
ENSG00000166532.15,RIMKLB,0.0,0.0,0
ENSG00000197614.10,MFAP5,0.0,0.0,0
ENSG00000166523.7,CLEC4E,0.0,0.0006090868,1
ENSG00000243830.2,RP11-113C12.2,0.0,0.0,0
ENSG00000215241.3,RP11-266K4.9,0.0,0.0,0
ENSG00000164845.16,FAM86FP,0.0,0.0,0
ENSG00000254016.2,ALG1L10P,0.0,0.0,0
ENSG00000235602.5,POU5F1P3,0.0,0.0,0
ENSG00000111729.13,CLEC4A,0.0,0.0,0
ENSG00000089818.17,NECAP1,0.0,0.0,0
ENSG00000171860.4,C3AR1,0.0,0.0,0
ENSG00000226761.3,TAS2R46,0.0,0.0,0
ENSG00000256274.1,TAS2R64P,0.0,0.0,0
ENSG00000255374.3,TAS2R43,0.0,0.0,0
ENSG00000048540.14,LMO3,0.0,0.0,0
ENSG00000256663.1,RP11-424C20.2,0.0,0.0,0
ENSG00000172572.6,PDE3A,0.0,0.0,0
ENSG00000240328.1,RP11-841C19.1,0.0,0.0,0
ENSG00000245205.3,EEF1A1P4,0.0,0.0,0
ENSG00000139154.14,AEBP2,0.0,0.0,0
ENSG00000052126.14,PLEKHA5,0.0,0.0,0
ENSG00000139144.9,PIK3C2G,0.0,0.0,0
ENSG00000256238.1,SUPT16HP1,0.0,0.00016277905,1
ENSG00000256188.3,TAS2R30,0.0,0.0,0
ENSG00000008394.12,MGST1,0.0,0.0,0
ENSG00000023697.12,DERA,0.0,0.0,0
ENSG00000023734.10,STRAP,0.0,0.0,0
ENSG00000151491.12,EPS8,0.0,0.0,0
ENSG00000151490.13,PTPRO,0.0,0.0,0
ENSG00000134533.6,RERG,0.0,0.0,0
ENSG00000111348.8,ARHGDIB,0.0,0.0,0
ENSG00000111700.12,SLCO1B3,0.0,0.0,0
ENSG00000134538.2,SLCO1B1,0.0,0.0,0
ENSG00000121350.15,PYROXD1,0.0,0.0,0
ENSG00000256021.1,ELOCP31,0.0,0.0,0
ENSG00000118307.18,CASC1,0.0,0.0,0
ENSG00000258449.1,RP11-713N11.4,0.0,0.0,0
ENSG00000118308.15,LRMP,0.0,0.0,0
ENSG00000060982.14,BCAT1,0.0,0.0,0
ENSG00000134532.15,SOX5,0.0,0.0,0
ENSG00000139163.15,ETNK1,0.0,0.0,0
ENSG00000111731.12,C2CD5,0.0,0.0,0
ENSG00000111726.12,CMAS,0.0,0.0,0
ENSG00000257022.1,RP11-729I10.2,0.0,0.0,0
ENSG00000069431.11,ABCC9,0.0,0.0,0
ENSG00000121361.3,KCNJ8,0.0,0.0,0
ENSG00000255644.1,RP11-59N23.1,0.0,0.0,0
ENSG00000111716.12,LDHB,0.0,0.0,0
ENSG00000111711.9,GOLT1B,0.0,0.0,0
ENSG00000004700.15,RECQL,0.0,0.0,0
ENSG00000139055.6,ERP27,0.0,0.0,0
ENSG00000111341.9,MGP,0.0,0.0,0
ENSG00000084463.7,WBP11,0.0,0.0,0
ENSG00000111269.2,CREBL2,0.0,0.0,0
ENSG00000271370.1,RP11-253I19.4,0.0,0.0,0
ENSG00000165714.10,BORCS5,0.0,0.0,0
ENSG00000111261.13,MANSC1,0.0,0.0,0
ENSG00000270857.1,RP11-757G14.3,0.0,0.0,0
ENSG00000242405.2,RP11-267J23.1,0.0,0.0,0
ENSG00000070018.8,LRP6,0.0,0.0,0
ENSG00000283475.1,MIR1244-4,0.0,0.0017878099,1
ENSG00000198134.3,RP11-267J23.4,0.0,0.0,0
ENSG00000121380.12,BCL2L14,0.0,0.0,0
ENSG00000139083.10,ETV6,0.0,0.00025653295,1
ENSG00000121335.11,PRB2,0.0,0.0,0
ENSG00000251655.6,PRB1,0.0,0.0,0
ENSG00000230657.6,PRB4,0.0,0.0,0
ENSG00000197870.12,PRB3,0.0,0.0,0
ENSG00000186136.1,TAS2R42,0.0,0.0,0
ENSG00000111266.8,DUSP16,0.0,0.0,0
ENSG00000111276.10,CDKN1B,0.0,0.0,0
ENSG00000246705.4,H2AFJ,0.0,0.0,0
ENSG00000275560.1,RP11-180M15.7,0.0,0.0,0
ENSG00000197837.3,HIST4H4,0.0,0.0,0
ENSG00000070019.4,GUCY2C,0.0,6.2340987e-06,1
ENSG00000256751.5,PLBD1-AS1,0.0,0.0,0
ENSG00000121316.10,PLBD1,0.0,6.4755266e-05,1
ENSG00000171681.12,ATF7IP,0.0,0.0,0
ENSG00000134531.9,EMP1,0.0,0.0,0
ENSG00000084444.13,FAM234B,0.0,0.0,0
ENSG00000013583.8,HEBP1,0.0,0.0,0
ENSG00000111291.8,GPRC5D,0.0,0.0,0
ENSG00000283759.1,MIR614,0.0,0.0,0
ENSG00000013588.7,GPRC5A,0.0,0.0,0
ENSG00000234498.3,RPL13AP20,0.0,0.0,0
ENSG00000241352.3,RP11-392P7.1,0.0,0.0,0
ENSG00000213782.7,DDX47,0.0,0.0,0
ENSG00000178878.12,APOLD1,0.0,0.0,0
ENSG00000111674.8,ENO2,0.0,0.0,0
ENSG00000010626.14,LRRC23,0.0,0.0,0
ENSG00000133703.11,KRAS,0.0,0.0,0
ENSG00000120457.11,KCNJ5,0.0,0.0,0
ENSG00000149418.10,ST14,0.0,0.0,0
ENSG00000084234.16,APLP2,0.0,0.00021502058,1
ENSG00000170325.14,PRDM10,0.0,0.0,0
ENSG00000170322.14,NFRKB,0.0,0.0,0
ENSG00000151715.7,TMEM45B,0.0,0.0,0
ENSG00000043039.6,BARX2,0.0,0.0,0
ENSG00000134909.18,ARHGAP32,0.0,0.0,0
ENSG00000151702.16,FLI1,0.0,0.0,0
ENSG00000182934.11,SRPRA,0.0,0.0,0
ENSG00000134954.14,ETS1,0.0,0.0,0
ENSG00000254612.2,RP11-676M6.1,0.0,0.0,0
ENSG00000110080.18,ST3GAL4,0.0,0.0,0
ENSG00000110063.8,DCPS,0.0,0.0,0
ENSG00000255062.1,RP11-712L6.5,0.0,0.0,0
ENSG00000254905.1,RP11-712L6.7,0.0,0.0,0
ENSG00000150455.13,TIRAP,0.0,0.0,0
ENSG00000255220.1,DDX18P5,0.0,0.0,0
ENSG00000134917.9,ADAMTS8,0.0,0.0,0
ENSG00000166106.3,ADAMTS15,0.0,0.0,0
ENSG00000120451.10,SNX19,0.0,0.0,0
ENSG00000111181.12,SLC6A12,0.0,0.0,0
ENSG00000256694.1,RP11-598F7.5,0.0,0.0,0
ENSG00000120645.11,IQSEC3,0.0,0.00010878323,1
ENSG00000226210.3,ABC7-42389800N19.1,0.0,0.0,0
ENSG00000149328.14,GLB1L2,0.0,0.0,0
ENSG00000166105.15,GLB1L3,0.0,0.0,0
ENSG00000151498.11,ACAD8,0.0,0.0,0
ENSG00000151500.14,THYN1,0.0,0.0,0
ENSG00000151502.10,VPS26B,0.0,0.0,0
ENSG00000255348.1,RP11-700F16.3,0.0,0.0,0
ENSG00000151503.12,NCAPD3,0.0,0.0,0
ENSG00000254481.1,PTP4A2P2,0.0,0.0,0
ENSG00000166086.12,JAM3,0.0,0.0,0
ENSG00000080854.14,IGSF9B,0.0,0.0,0
ENSG00000182667.14,NTM,0.0,0.0,0
ENSG00000110074.10,FOXRED1,0.0,0.0,0
ENSG00000197798.8,FAM118B,0.0,0.0,0
ENSG00000111671.9,SPSB2,0.0,0.0,0
ENSG00000254449.1,SF3A3P2,0.0,0.0,0
ENSG00000019102.11,VSIG2,0.0,0.0,0
ENSG00000154146.12,NRGN,0.0,0.0,0
ENSG00000064199.6,SPA17,0.0,0.0,0
ENSG00000110013.12,SIAE,0.0,0.0,0
ENSG00000154144.12,TBRG1,0.0,0.0,0
ENSG00000110002.15,VWA5A,0.0,0.00010136348,1
ENSG00000166261.10,ZNF202,0.0,0.0,0
ENSG00000023171.16,GRAMD1B,0.0,0.0,0
ENSG00000165526.8,RPUSD4,0.0,0.0,0
ENSG00000166250.11,CLMP,0.0,0.0,0
ENSG00000207118.1,SNORD14D,0.0,0.0,0
ENSG00000109971.13,HSPA8,0.0,0.0,0
ENSG00000109944.10,C11orf63,0.0,0.0,0
ENSG00000109943.8,CRTAM,0.0,0.0,0
ENSG00000154127.9,UBASH3B,0.0,0.0,0
ENSG00000259571.1,BLID,0.0,0.0,0
ENSG00000149564.11,ESAM,0.0,0.0,0
ENSG00000120458.10,MSANTD2,0.0,0.0,0
ENSG00000279342.2,RP11-677M14.8,0.0,0.0,0
ENSG00000254509.1,RP11-677M14.6,0.0,0.00044871168,1
ENSG00000064309.14,CDON,0.0,0.0,0
ENSG00000110060.8,PUS3,0.0,0.0,0
ENSG00000198331.10,HYLS1,0.0,0.0,0
ENSG00000149554.12,CHEK1,0.0,0.0,0
ENSG00000134910.12,STT3A,0.0,0.00019142825,1
ENSG00000149547.14,EI24,0.0,0.0,0
ENSG00000149557.12,FEZ1,0.0,0.0,0
ENSG00000165495.15,PKNOX2,0.0,0.0,0
ENSG00000150433.9,TMEM218,0.0,0.0,0
ENSG00000134955.11,SLC37A2,0.0,0.0,0
ENSG00000149548.14,CCDC15,0.0,0.0,0
ENSG00000165478.6,HEPACAM,0.0,0.0,0
ENSG00000254943.1,RP11-664I21.6,0.0,0.0,0
ENSG00000154133.14,ROBO4,0.0,0.0,0
ENSG00000154134.14,ROBO3,0.0,0.0,0
ENSG00000120647.9,CCDC77,0.0,0.0,0
ENSG00000139044.10,B4GALNT3,0.0,0.0,0
ENSG00000171840.11,NINJ2,0.0,0.0,0
ENSG00000139190.16,VAMP1,0.0,0.0,0
ENSG00000010295.19,IFFO1,0.0,0.0,0
ENSG00000269968.1,RP5-940J5.9,0.0,0.0,0
ENSG00000111640.14,GAPDH,0.0,0.0,0
ENSG00000276232.1,SCARNA10,0.0,0.0,0
ENSG00000239002.3,SCARNA10,0.0,0.0,0
ENSG00000010292.12,NCAPD2,0.0,0.0,0
ENSG00000111639.7,MRPL51,0.0,0.0,0
ENSG00000139192.11,TAPBPL,0.0,0.0,0
ENSG00000060237.16,WNK1,0.0,0.0,0
ENSG00000139193.3,CD27,0.0,0.0,0
ENSG00000215039.6,CD27-AS1,0.0,0.0,0
ENSG00000213942.3,RP1-102E24.1,0.0,0.0,0
ENSG00000111321.10,LTBR,0.0,0.0,0
ENSG00000111319.12,SCNN1A,0.0,0.0,0
ENSG00000067182.7,TNFRSF1A,0.0,0.0,0
ENSG00000008323.15,PLEKHG6,0.0,0.0,0
ENSG00000111641.11,NOP2,0.0,0.0,0
ENSG00000111642.14,CHD4,0.0,0.0,0
ENSG00000247853.2,RP5-940J5.6,0.0,0.0,0
ENSG00000251898.1,SCARNA11,0.0,0.0,0
ENSG00000111669.14,TPI1,0.0,0.0,0
ENSG00000111667.13,USP5,0.0,0.0,0
ENSG00000111665.11,CDCA3,0.0,0.0,0
ENSG00000111664.10,GNB3,0.0,0.0,0
ENSG00000110811.19,P3H3,0.0,0.0,0
ENSG00000250510.7,GPR162,0.0,0.0,0
ENSG00000010610.9,CD4,0.0,0.0,0
ENSG00000089692.8,LAG3,0.0,0.0,0
ENSG00000089693.10,MLF2,0.0,0.0,0
ENSG00000111652.9,COPS7A,0.0,0.0,0
ENSG00000126746.17,ZNF384,0.0,0.0,0
ENSG00000219410.5,RP4-761J14.8,0.0,0.0,0
ENSG00000111653.19,ING4,0.0,0.0,0
ENSG00000111644.7,ACRBP,0.0,0.0,0
ENSG00000184574.9,LPAR5,0.0,0.0,0
ENSG00000010278.12,CD9,0.0,0.0,0
ENSG00000110799.13,VWF,0.0,0.0,0
ENSG00000047617.14,ANO2,0.0,0.0,0
ENSG00000171792.10,RHNO1,0.0,0.0,0
ENSG00000283297.1,RP4-816N1.8,0.0,0.0,0
ENSG00000053702.14,NRIP2,0.0,0.0,0
ENSG00000111203.11,ITFG2,0.0,0.0,0
ENSG00000258092.1,RP4-816N1.7,0.0,0.0,0
ENSG00000258325.2,RP4-816N1.6,0.0,0.0,0
ENSG00000004478.7,FKBP4,0.0,0.0,0
ENSG00000246627.6,CACNA1C-AS1,0.0,0.0,0
ENSG00000151067.21,CACNA1C,0.0,0.0,0
ENSG00000151065.13,DCP1B,0.0,0.0,0
ENSG00000243663.1,RPS4XP14,0.0,0.0,0
ENSG00000006831.9,ADIPOR2,0.0,0.0,0
ENSG00000171823.6,FBXL14,0.0,0.0,0
ENSG00000111186.12,WNT5B,0.0,0.0,0
ENSG00000082805.19,ERC1,0.0,0.0,0
ENSG00000002016.17,RAD52,0.0,0.0,0
ENSG00000111206.12,FOXM1,0.0,0.0,0
ENSG00000078246.16,TULP3,0.0,0.0,0
ENSG00000185652.11,NTF3,0.0,0.0,0
ENSG00000197905.8,TEAD4,0.0,0.0,0
ENSG00000130037.4,KCNA5,0.0,0.0,0
ENSG00000139180.10,NDUFA9,0.0,0.0,0
ENSG00000010219.13,DYRK4,0.0,0.0,0
ENSG00000111247.14,RAD51AP1,0.0,0.0,0
ENSG00000047621.11,C12orf4,0.0,0.0,0
ENSG00000213970.3,RP11-264F23.1,0.0,0.0,0
ENSG00000078237.6,TIGAR,0.0,0.0,0
ENSG00000118971.7,CCND2,0.0,0.0,0
ENSG00000256164.1,CCND2-AS1,0.0,0.0,0
ENSG00000118976.5,OTUD4P1,0.0,0.0,0
ENSG00000111224.13,PARP11,0.0,0.0,0
ENSG00000130038.9,CRACR2A,0.0,0.0,0
ENSG00000227081.5,RP11-543P15.1,0.0,0.0,0
ENSG00000011105.12,TSPAN9,0.0,0.0,0
ENSG00000234589.4,RP11-253E3.1,0.0,0.0,0
ENSG00000205707.10,ETFRF1,0.0,0.0,0
ENSG00000123094.15,RASSF8,0.0,0.0,0
ENSG00000155980.11,KIF5A,0.0,0.0,0
ENSG00000197111.15,PCBP2,0.0,0.0,0
ENSG00000257550.1,RP11-793H13.3,0.0,0.0,0
ENSG00000170653.18,ATF7,0.0,0.0,0
ENSG00000139574.8,NPFF,0.0,0.0,0
ENSG00000139546.10,TARBP2,0.0,0.0,0
ENSG00000139625.12,MAP3K12,0.0,0.0,0
ENSG00000273658.1,uc_338,0.0,0.0,0
ENSG00000282977.1,PCBP2-OT1,0.0,0.0,0
ENSG00000205352.10,PRR13,0.0,0.0,0
ENSG00000139626.15,ITGB7,0.0,0.0,0
ENSG00000185591.9,SP1,0.0,0.0,0
ENSG00000170374.5,SP7,0.0,0.0,0
ENSG00000094914.12,AAAS,0.0,0.0,0
ENSG00000139637.13,C12orf10,0.0,0.0,0
ENSG00000257605.2,RP11-680A11.5,0.0,0.0,0
ENSG00000135476.11,ESPL1,0.0,0.0,0
ENSG00000182544.8,MFSD5,0.0,0.0,0
ENSG00000135390.17,ATP5G2,0.0,0.0,0
ENSG00000012822.15,CALCOCO1,0.0,0.0029195354,1
ENSG00000180818.4,HOXC10,0.0,0.0034021798,3
ENSG00000197757.7,HOXC6,0.0,8.480904e-05,1
ENSG00000123360.11,PDE1B,0.0,0.0,0
ENSG00000123338.12,NCKAP1L,0.0,0.0,0
ENSG00000170627.10,GTSF1,0.0,0.0,0
ENSG00000161638.10,ITGA5,0.0,0.0,0
ENSG00000161642.17,ZNF385A,0.0,5.545477e-05,1
ENSG00000139572.3,GPR84,0.0,0.0,0
ENSG00000199122.3,MIR148B,0.0,0.0,0
ENSG00000111481.9,COPZ1,0.0,0.0,0
ENSG00000135486.17,HNRNPA1,0.0,0.0,0
ENSG00000094916.15,CBX5,0.0,0.0,0
ENSG00000123415.15,SMUG1,0.0,0.0,0
ENSG00000172789.3,HOXC5,0.0,0.0,0
ENSG00000198353.7,HOXC4,0.0,0.0,0
ENSG00000037965.5,HOXC8,0.0,0.0,0
ENSG00000180806.4,HOXC9,0.0,0.0,0
ENSG00000172819.16,RARG,0.0,0.0,0
ENSG00000139651.10,ZNF740,0.0,0.0,0
ENSG00000110934.10,BIN2,0.0,0.0,0
ENSG00000123358.19,NR4A1,0.0,0.0,0
ENSG00000257671.1,KRT7-AS,0.0,8.842918e-05,1
ENSG00000135480.15,KRT7,0.0,0.0,0
ENSG00000167767.13,KRT80,0.0,0.0,0
ENSG00000257542.4,OR7E47P,0.0,0.0,0
ENSG00000257663.1,RP11-1100L3.7,0.0,0.0,0
ENSG00000123395.14,ATG101,0.0,0.0,0
ENSG00000259884.1,RP11-1100L3.8,0.0,0.0,0
ENSG00000161835.10,GRASP,0.0,0.0,0
ENSG00000257808.1,RP11-1136G11.8,0.0,0.0,0
ENSG00000135503.12,ACVR1B,0.0,0.0,0
ENSG00000139567.12,ACVRL1,0.0,0.0,0
ENSG00000261308.2,FIGNL2,0.0,0.0,0
ENSG00000260122.1,RP11-923I11.3,0.0,0.0001798169,1
ENSG00000257851.2,HNRNPA3P10,0.0,0.0,0
ENSG00000196876.15,SCN8A,0.0,0.0,0
ENSG00000050438.16,SLC4A8,0.0,0.0,0
ENSG00000170442.11,KRT86,0.0,0.0,0
ENSG00000135477.11,KRT87P,0.0,0.0,0
ENSG00000205426.10,KRT81,0.0,0.0,0
ENSG00000170523.3,KRT83,0.0,0.0,0
ENSG00000139631.18,CSAD,0.0,0.0,0
ENSG00000167779.7,IGFBP6,0.0,0.0,0
ENSG00000167778.8,SPRYD3,0.0,6.40881e-05,1
ENSG00000111077.17,TNS2,0.0,0.0,0
ENSG00000257337.6,RP11-983P16.4,0.0,0.0,0
ENSG00000063046.17,EIF4B,0.0,0.0,0
ENSG00000111057.10,KRT18,0.0,0.0,0
ENSG00000170421.12,KRT8,0.0,0.0,0
ENSG00000170423.12,KRT78,0.0,0.0008553377,2
ENSG00000170477.12,KRT4,0.0,0.0,0
ENSG00000167768.4,KRT1,0.0,0.0,0
ENSG00000186081.11,KRT5,0.0,0.0,0
ENSG00000205420.10,KRT6A,0.0,0.0,0
ENSG00000170465.9,KRT6C,0.0,0.0,0
ENSG00000185479.5,KRT6B,0.0,0.0,0
ENSG00000135447.16,PPP1R1A,0.0,0.0,0
ENSG00000172551.10,MUCL1,0.0,0.0,0
ENSG00000135426.15,TESPA1,0.0,0.0,0
ENSG00000257576.1,HSPD1P4,0.0,0.0,0
ENSG00000198056.13,PRIM1,0.0,0.0,0
ENSG00000196531.10,NACA,0.0,0.0,0
ENSG00000110958.15,PTGES3,0.0,0.0,0
ENSG00000207031.1,SNORD59A,0.0,0.0,0
ENSG00000110955.8,ATP5B,0.0,0.0,0
ENSG00000076108.11,BAZ2A,0.0,0.0,0
ENSG00000076067.12,RBMS2,0.0,0.0,0
ENSG00000135423.12,GLS2,0.0,0.0,0
ENSG00000179899.8,PHC1P1,0.0,0.0,0
ENSG00000176422.13,SPRYD4,0.0,0.0,0
ENSG00000111602.11,TIMELESS,0.0,0.0,0
ENSG00000175336.9,APOF,0.0,0.0,0
ENSG00000170581.13,STAT2,0.0,0.0,0
ENSG00000110944.8,IL23A,0.0,0.0,0
ENSG00000135473.14,PAN2,0.0,0.0,0
ENSG00000257727.5,CNPY2,0.0,0.0,0
ENSG00000025423.11,HSD17B6,0.0,0.0,0
ENSG00000166860.2,ZBTB39,0.0,0.0,0
ENSG00000166866.12,MYO1A,0.0,0.0,0
ENSG00000166881.9,NEMP1,0.0,0.0,0
ENSG00000175203.15,DCTN2,0.0,0.0,0
ENSG00000166987.14,MBD6,0.0,0.0,0
ENSG00000208028.1,MIR616,0.0,0.0,0
ENSG00000175197.11,DDIT3,0.0,0.0,0
ENSG00000166986.14,MARS,0.0,0.0,0
ENSG00000123329.17,ARHGAP9,0.0,0.0,0
ENSG00000111087.9,GLI1,0.0,0.0,0
ENSG00000179912.20,R3HDM2,0.0,0.0,0
ENSG00000185633.10,NDUFA4L2,0.0,0.0,0
ENSG00000182199.10,SHMT2,0.0,0.0,0
ENSG00000182379.9,NXPH4,0.0,0.0,0
ENSG00000259125.1,LRP1-AS,0.0,0.0,0
ENSG00000123384.13,LRP1,0.0,0.0,0
ENSG00000166888.11,STAT6,0.0,0.0,0
ENSG00000166886.12,NAB2,0.0,0.0,0
ENSG00000062485.18,CS,0.0,0.0,0
ENSG00000258260.1,RP11-977G19.14,0.0,0.0,0
ENSG00000135469.13,COQ10A,0.0,0.0,0
ENSG00000237493.3,RP11-603J24.7,0.0,0.0,0
ENSG00000258554.1,RP11-973D8.4,0.0,0.0,0
ENSG00000123374.10,CDK2,0.0,0.0,0
ENSG00000185664.14,PMEL,0.0,0.0,0
ENSG00000065357.19,DGKA,0.0,0.0,0
ENSG00000170473.16,PYM1,0.0,0.0,0
ENSG00000123342.15,MMP19,0.0,0.0,0
ENSG00000182796.13,TMEM198B,0.0,0.0,0
ENSG00000135392.15,DNAJC14,0.0,0.0,0
ENSG00000123353.9,ORMDL2,0.0,0.0,0
ENSG00000205323.8,SARNP,0.0,0.0,0
ENSG00000135414.9,GDF11,0.0,0.0,0
ENSG00000135404.11,CD63,0.0,0.0,0
ENSG00000135437.9,RDH5,0.0,0.0,0
ENSG00000135441.7,BLOC1S1,0.0,0.0,0
ENSG00000170439.6,METTL7B,0.0,0.0,0
ENSG00000111540.15,RAB5B,0.0,0.0,0
ENSG00000139531.12,SUOX,0.0,0.0,0
ENSG00000139645.9,ANKRD52,0.0,0.0,0
ENSG00000197728.9,RPS26,0.0,0.0,0
ENSG00000139540.11,SLC39A5,0.0,0.0,0
ENSG00000139579.12,NABP2,0.0,0.0,0
ENSG00000181852.17,RNF41,0.0,0.0,0
ENSG00000139613.11,SMARCC2,0.0,0.0,0
ENSG00000258199.1,RP11-977G19.5,0.0,0.0,0
ENSG00000092841.18,MYL6,0.0,0.0,0
ENSG00000196465.10,MYL6B,0.0,0.0,0
ENSG00000257809.1,RP11-603J24.14,0.0,0.0,0
ENSG00000258317.1,RP11-603J24.5,0.0,0.0,0
ENSG00000139641.12,ESYT1,0.0,0.0,0
ENSG00000135482.6,ZC3H10,0.0,0.0,0
ENSG00000229117.8,RPL41,0.0,0.0,0
ENSG00000257553.1,RP11-603J24.17,0.0,0.0,0
ENSG00000170515.13,PA2G4,0.0,0.0,0
ENSG00000065361.14,ERBB3,0.0,0.0,0
ENSG00000139629.15,GALNT6,0.0,0.0,0
ENSG00000170545.16,SMAGP,0.0,0.0,0
ENSG00000123095.5,BHLHE41,0.0,0.0,0
ENSG00000139133.6,ALG10,0.0,0.0011080208,1
ENSG00000188906.14,LRRK2,0.0,0.0,0
ENSG00000151229.12,SLC2A13,0.0,0.0,0
ENSG00000173208.3,ABCD2,0.0,0.0,0
ENSG00000139116.18,KIF21A,0.0,0.0,0
ENSG00000139117.13,CPNE8,0.0,0.0,0
ENSG00000175548.8,ALG10B,0.0,0.0,0
ENSG00000245482.2,RP11-847H18.2,0.0,0.0011029448,1
ENSG00000275854.1,RP11-278C7.5,0.0,0.0,0
ENSG00000151743.10,AMN1,0.0,0.0,0
ENSG00000139131.12,YARS2,0.0,0.0,0
ENSG00000257511.1,RP11-278C7.1,0.0,0.0,0
ENSG00000087470.17,DNM1L,0.0,0.0,0
ENSG00000139132.14,FGD4,0.0,0.0,0
ENSG00000151746.13,BICD1,0.0,0.0,0
ENSG00000257530.1,RP11-843B15.2,0.0,0.0,0
ENSG00000174718.11,KIAA1551,0.0,0.0,0
ENSG00000018236.14,CNTN1,0.0,0.0,0
ENSG00000165966.14,PDZRN4,0.0,0.0,0
ENSG00000151233.10,GXYLT1,0.0,0.0,0
ENSG00000015153.14,YAF2,0.0,0.0,0
ENSG00000111371.15,SLC38A1,0.0,0.0,0
ENSG00000139218.17,SCAF11,0.0,0.0,0
ENSG00000189079.15,ARID2,0.0,0.0,0
ENSG00000177119.15,ANO6,0.0,0.0,0
ENSG00000134297.6,PLEKHA8P1,0.0,0.0,0
ENSG00000184613.10,NELL2,0.0,0.0005986854,1
ENSG00000139173.9,TMEM117,0.0,0.0,0
ENSG00000151239.13,TWF1,0.0,0.0,0
ENSG00000198001.13,IRAK4,0.0,0.0,0
ENSG00000129317.14,PUS7L,0.0,0.0,0
ENSG00000257225.1,RP11-328C8.4,0.0,0.0,0
ENSG00000139174.11,PRICKLE1,0.0,0.0008395744,1
ENSG00000257376.1,RP11-328C8.2,0.0,0.0,0
ENSG00000139168.7,ZCRB1,0.0,0.0,0
ENSG00000134283.17,PPHLN1,0.0,0.0,0
ENSG00000242314.1,RPL12P32,0.0,2.3673549e-05,1
ENSG00000139160.13,ETFBKMT,0.0,0.0,0
ENSG00000183283.15,DAZAP2,0.0,0.0,0
ENSG00000256625.1,RP11-582E3.4,0.0,0.0,0
ENSG00000174236.3,REP15,0.0,0.0,0
ENSG00000256377.5,RP11-1060J15.4,0.0,0.0,0
ENSG00000256056.1,RP11-709A23.2,0.0,0.0003363079,1
ENSG00000110841.13,PPFIBP1,0.0,0.0,0
ENSG00000165935.9,SMCO2,0.0,0.0,0
ENSG00000029153.14,ARNTL2,0.0,0.0,0
ENSG00000211455.7,STK38L,0.0,0.0,0
ENSG00000214700.5,C12orf71,0.0,0.00030981173,1
ENSG00000225349.2,RP11-820K3.2,0.0,0.0,0
ENSG00000152944.8,MED21,0.0,0.0006440171,1
ENSG00000064115.10,TM7SF3,0.0,0.0,0
ENSG00000111790.13,FGFR1OP2,0.0,0.0,0
ENSG00000064102.14,INTS13,0.0,0.0,0
ENSG00000123104.11,ITPR2,0.0,0.0,0
ENSG00000255750.5,RP11-283G6.5,0.0,0.0,0
ENSG00000123096.11,SSPN,0.0,0.0,0
ENSG00000061794.12,MRPS35,0.0,0.0,0
ENSG00000205693.3,MANSC4,0.0,0.0,0
ENSG00000256747.1,RP11-860B13.1,0.0,0.0,0
ENSG00000087448.9,KLHL42,0.0,0.0,0
ENSG00000170456.15,DENND5B,0.0,0.0,0
ENSG00000256176.1,RP11-627K11.3,0.0,0.0,0
ENSG00000243517.1,RP11-627K11.1,0.0,0.0,0
ENSG00000013573.16,DDX11,0.0,0.0,0
ENSG00000110900.14,TSPAN11,0.0,0.0,0
ENSG00000110888.17,CAPRIN2,0.0,0.0,0
ENSG00000133704.9,IPO8,0.0,0.0,0
ENSG00000133687.15,TMTC1,0.0,0.0,0
ENSG00000187950.8,OVCH1,0.0,0.0,0
ENSG00000087502.17,ERGIC2,0.0,0.0,0
ENSG00000273680.1,RP11-996F15.6,0.0,0.0003690521,1
ENSG00000064763.10,FAR2,0.0,0.0,0
ENSG00000123106.10,CCDC91,0.0,0.0,0
ENSG00000257042.1,RP11-993B23.3,0.0,0.0,0
ENSG00000087494.15,PTHLH,0.0,0.0,0
ENSG00000134294.13,SLC38A2,0.0,0.0,0
ENSG00000139209.15,SLC38A4,0.0,0.00029457372,1
ENSG00000139211.6,AMIGO2,0.0,0.0,0
ENSG00000257243.1,RP11-133N21.7,0.0,0.0,0
ENSG00000110881.11,ASIC1,0.0,0.0,0
ENSG00000161800.12,RACGAP1,0.0,0.0,0
ENSG00000161798.6,AQP5,0.0,0.0,0
ENSG00000186666.5,BCDIN3D,0.0,0.0,0
ENSG00000258057.5,BCDIN3D-AS1,0.0,0.0006724438,1
ENSG00000167566.16,NCKAP5L,0.0,0.0,0
ENSG00000161791.13,FMNL3,0.0,0.0,0
ENSG00000135436.8,FAM186B,0.0,0.0,0
ENSG00000179715.12,PCED1B,0.0,0.0,0
ENSG00000110844.13,PRPF40B,0.0,0.0,0
ENSG00000187778.13,MCRS1,0.0,0.0,0
ENSG00000135519.6,KCNH3,0.0,0.0,0
ENSG00000257954.1,RP11-161H23.10,0.0,0.0,0
ENSG00000123352.17,SPATS2,0.0,0.0,0
ENSG00000178401.14,DNAJC22,0.0,0.0,0
ENSG00000135451.12,TROAP,0.0,0.0,0
ENSG00000066117.14,SMARCD1,0.0,0.0,0
ENSG00000167588.12,GPD1,0.0,0.0,0
ENSG00000178449.8,COX14,0.0,0.0,0
ENSG00000272368.2,RP4-605O3.4,0.0,0.0,0
ENSG00000184271.16,POU6F1,0.0,0.0,0
ENSG00000257246.1,PHBP19,0.0,0.0,0
ENSG00000135457.9,TFCP2,0.0,0.0,0
ENSG00000110925.6,CSRNP2,0.0,0.0,0
ENSG00000050426.15,LETMD1,0.0,0.0,0
ENSG00000110911.14,SLC11A2,0.0,0.0,0
ENSG00000274797.1,RP11-407N8.5,0.0,0.0,0
ENSG00000214511.3,HIGD1C,0.0,0.0,0
ENSG00000185432.11,METTL7A,0.0,0.0,0
ENSG00000123268.8,ATF1,0.0,0.0,0
ENSG00000066084.12,DIP2B,0.0,0.0,0
ENSG00000161813.21,LARP4,0.0,0.0010252631,1
ENSG00000185958.9,FAM186A,0.0,0.0,0
ENSG00000050405.13,LIMA1,0.0,0.0,0
ENSG00000139624.12,CERS5,0.0,0.0,0
ENSG00000258334.1,RP11-161H23.9,0.0,0.0,0
ENSG00000258232.2,RP11-161H23.5,0.0,0.0,0
ENSG00000167553.15,TUBA1C,0.0,0.0,0
ENSG00000221491.2,SNORA2C,0.0,0.0,0
ENSG00000167528.12,ZNF641,0.0,0.0,0
ENSG00000172640.3,OR10AD1,0.0,0.0,0
ENSG00000177981.10,ASB8,0.0,0.0,0
ENSG00000152556.15,PFKM,0.0,0.00063001626,1
ENSG00000226138.4,RP1-228P16.7,0.0,0.0,0
ENSG00000079387.13,SENP1,0.0,0.0,0
ENSG00000139219.17,COL2A1,0.0,0.0,0
ENSG00000134291.11,TMEM106C,0.0,0.0,0
ENSG00000111424.10,VDR,0.0,0.0,0
ENSG00000268069.2,RP5-1057I20.4,0.0,0.0,0
ENSG00000061273.17,HDAC7,0.0,0.0,0
ENSG00000079337.15,RAPGEF3,0.0,0.0,0
ENSG00000257433.5,RP1-197B17.3,0.0,0.0,0
ENSG00000005175.9,RPAP3,0.0,0.0,0
ENSG00000258352.1,RP11-23J18.1,0.0,0.0,0
ENSG00000139620.12,KANSL2,0.0,0.0,0
ENSG00000281842.2,MIR1291,0.0,0.0,0
ENSG00000167552.13,TUBA1A,0.0,0.0,0
ENSG00000206612.1,SNORA2A,0.0,0.00033770388,1
ENSG00000258017.1,RP11-386G11.10,0.0,0.0,0
ENSG00000123416.15,TUBA1B,0.0,0.0,0
ENSG00000167550.10,RHEBL1,0.0,0.0,0
ENSG00000167548.14,KMT2D,0.0,0.0,0
ENSG00000181929.11,PRKAG1,0.0,0.0,0
ENSG00000134287.9,ARF3,0.0,0.0,0
ENSG00000134285.10,FKBP11,0.0,0.0,0
ENSG00000139537.10,CCDC65,0.0,0.0,0
ENSG00000239617.1,RP11-302B13.1,0.0,0.0,0
ENSG00000172602.9,RND1,0.0,0.0,0
ENSG00000174243.9,DDX23,0.0,0.0,0
ENSG00000167535.7,CACNB3,0.0,0.0,0
ENSG00000174233.11,ADCY6,0.0,0.0,0
ENSG00000129315.10,CCNT1,0.0,0.0,0
ENSG00000207313.1,SNORA2B,0.0,0.0,0
ENSG00000176842.14,IRX5,0.0,0.0,0
ENSG00000103051.18,COG4,0.0,0.0,0
ENSG00000087245.12,MMP2,0.0,0.0,0
ENSG00000125967.16,NECAB3,0.0,0.0,0
ENSG00000125970.11,RALY,0.0,0.0,0
ENSG00000101421.3,CHMP4B,0.0,0.0,0
ENSG00000230837.1,RPL31P2,0.0,0.0,0
ENSG00000131061.13,ZNF341,0.0,0.0,0
ENSG00000101417.11,PXMP4,0.0,0.0,0
ENSG00000101412.12,E2F1,0.0,0.0,0
ENSG00000149609.5,C20orf144,0.0,0.0,0
ENSG00000101400.5,SNTA1,0.0,0.0,0
ENSG00000149600.11,COMMD7,0.0,0.0,0
ENSG00000101391.20,CDK5RAP1,0.0,0.0,0
ENSG00000125999.10,BPIFB1,0.0,0.0,0
ENSG00000198183.11,BPIFA1,0.0,0.0,0
ENSG00000131050.10,BPIFA2,0.0,0.0,0
ENSG00000078898.6,BPIFB2,0.0,0.0,0
ENSG00000215529.12,EFCAB8,0.0,0.0,0
ENSG00000101367.8,MAPRE1,0.0,0.0,0
ENSG00000125977.6,EIF2S2,0.0,0.0,0
ENSG00000250917.1,RP4-785G19.5,0.0,0.0,0
ENSG00000236456.1,RP4-785G19.2,0.0,0.00015002368,1
ENSG00000101444.12,AHCY,0.0,0.0,0
ENSG00000100991.11,TRPC4AP,0.0,0.0,0
ENSG00000207635.1,MIR499A,0.0,0.0,0
ENSG00000078814.15,MYH7B,0.0,0.0,0
ENSG00000100983.9,GSS,0.0,0.0,0
ENSG00000131069.19,ACSS2,0.0,0.0,0
ENSG00000078804.12,TP53INP2,0.0,0.0,0
ENSG00000198646.13,NCOA6,0.0,0.0,0
ENSG00000101464.10,PIGU,0.0,0.0,0
ENSG00000101460.12,MAP1LC3A,0.0,0.0,0
ENSG00000125971.16,DYNLRB1,0.0,0.0,0
ENSG00000277558.1,RP3-468O1.6,0.0,0.0,0
ENSG00000181741.7,FDX1P1,0.0,0.0,0
ENSG00000207997.1,MIR644A,0.0,0.0,0
ENSG00000234933.1,CDC42P1,0.0,0.0,0
ENSG00000078747.14,ITCH,0.0,0.0,0
ENSG00000088305.18,DNMT3B,0.0,0.0,0
ENSG00000175730.8,BAK1P1,0.0,0.0,0
ENSG00000197586.12,ENTPD6,0.0,0.0,0
ENSG00000284419.1,MIR663A,0.0,0.0,0
ENSG00000101294.16,HM13,0.0,0.0,0
ENSG00000088320.3,REM1,0.0,0.0,0
ENSG00000149531.15,FRG1BP,0.0,0.0,0
ENSG00000282995.1,FRG1EP,0.0,0.0,0
ENSG00000282842.1,FRG2EP,0.0,7.852076e-05,1
ENSG00000282870.1,FRG1DP,0.0,0.0,0
ENSG00000282826.1,FRG1CP,0.0,0.0,0
ENSG00000226465.1,RP13-401N8.1,0.0,0.0,0
ENSG00000236772.1,RP5-1184F4.5,0.0,0.0,0
ENSG00000130684.13,ZNF337,0.0,0.0,0
ENSG00000213742.6,ZNF337-AS1,0.0,0.0,0
ENSG00000170191.4,NANP,0.0,0.0,0
ENSG00000101004.14,NINL,0.0,0.0,0
ENSG00000101003.9,GINS1,0.0,0.0,0
ENSG00000227379.2,PPIAP2,0.0,0.0,0
ENSG00000100997.18,ABHD12,0.0,0.0,0
ENSG00000101898.5,MCTS2P,0.0,0.0,0
ENSG00000125968.8,ID1,0.0,0.0,0
ENSG00000131055.4,COX4I2,0.0,0.0,0
ENSG00000171552.12,BCL2L1,0.0,0.0,0
ENSG00000197183.14,NOL4L,0.0,0.0,0
ENSG00000171456.16,ASXL1,0.0,0.0,0
ENSG00000101350.7,KIF3B,0.0,0.0,0
ENSG00000101346.13,POFUT1,0.0,0.0,0
ENSG00000126003.6,PLAGL2,0.0,0.0,0
ENSG00000101337.15,TM9SF4,0.0,0.0,0
ENSG00000101336.13,HCK,0.0,0.0,0
ENSG00000226239.1,RP1-310O13.7,0.0,0.00027104674,1
ENSG00000101331.15,CCM2L,0.0,0.0,0
ENSG00000088356.5,PDRG1,0.0,0.0,0
ENSG00000131044.16,TTLL9,0.0,0.0,0
ENSG00000179772.7,FOXS1,0.0,0.0,0
ENSG00000101306.10,MYLK2,0.0,0.0,0
ENSG00000088325.15,TPX2,0.0,0.0,0
ENSG00000281376.1,ABALON,0.0,0.0,0
ENSG00000088298.12,EDEM2,0.0,0.0,0
ENSG00000101000.5,PROCR,0.0,0.0,0
ENSG00000278367.1,RP11-42O4.2,0.0,0.0,0
ENSG00000235408.5,SNORA71B,0.0,0.0,0
ENSG00000101442.9,ACTR5,0.0,0.00022317035,1
ENSG00000124143.10,ARHGAP40,0.0,2.4899744e-05,1
ENSG00000199266.1,SNORA60,0.0,0.0,0
ENSG00000274309.1,SNORA71E,0.0,0.0,0
ENSG00000200354.1,SNORA71D,0.0,0.0004488835,2
ENSG00000201512.1,SNORA71C,0.0,0.0,0
ENSG00000225091.3,SNORA71A,0.0,0.0,0
ENSG00000129988.5,LBP,0.0,0.0,0
ENSG00000229230.3,MT1P3,0.0,0.0003295482,1
ENSG00000149633.11,KIAA1755,0.0,0.0,0
ENSG00000198959.11,TGM2,0.0,0.0,0
ENSG00000101413.11,RPRD1B,0.0,0.0,0
ENSG00000101407.12,TTI1,0.0,0.0,0
ENSG00000132792.18,CTNNBL1,0.0,0.0,0
ENSG00000053438.8,NNAT,0.0,0.0,0
ENSG00000166619.12,BLCAP,0.0,0.0,0
ENSG00000101445.9,PPP1R16B,0.0,0.0,0
ENSG00000101447.14,FAM83D,0.0,0.0,0
ENSG00000101452.14,DHX35,0.0,0.0,0
ENSG00000223864.1,NPM1P19,0.0,0.0,0
ENSG00000124191.17,TOX2,0.0,0.0,0
ENSG00000101057.15,MYBL2,0.0,0.0,0
ENSG00000101052.12,IFT52,0.0,0.0,0
ENSG00000101049.14,SGK2,0.0,0.0,0
ENSG00000185513.14,L3MBTL1,0.0,0.0,0
ENSG00000124193.14,SRSF6,0.0,0.0,0
ENSG00000196090.12,PTPRT,0.0,0.0,0
ENSG00000232493.2,RPL12P11,0.0,0.0,0
ENSG00000124177.14,CHD6,0.0,0.0,0
ENSG00000132793.11,LPIN3,0.0,0.0,0
ENSG00000174306.21,ZHX3,0.0,0.0,0
ENSG00000124181.14,PLCG1,0.0,0.0,0
ENSG00000226648.1,PLCG1-AS1,0.0,0.0,0
ENSG00000198900.5,TOP1,0.0,0.0,0
ENSG00000204103.3,MAFB,0.0,0.00020395064,1
ENSG00000197122.11,SRC,0.0,0.0,0
ENSG00000101363.12,MANBAL,0.0,0.0,0
ENSG00000118705.16,RPN2,0.0,0.0,0
ENSG00000219608.3,HIGD1AP16,0.0,0.0,0
ENSG00000131051.22,RBM39,0.0,0.0,0
ENSG00000125995.15,ROMO1,0.0,0.0,0
ENSG00000244005.12,NFS1,0.0,0.0,0
ENSG00000244462.7,RBM12,0.0,0.0,0
ENSG00000214078.12,CPNE1,0.0,0.0,0
ENSG00000061656.9,SPAG4,0.0,0.0,0
ENSG00000227401.1,RPL37P1,0.0,9.5728996e-05,1
ENSG00000088340.15,FER1L4,0.0,0.0,0
ENSG00000125991.19,ERGIC3,0.0,0.0,0
ENSG00000230155.6,RP3-477O4.14,0.0,0.0,0
ENSG00000126001.15,CEP250,0.0,0.0,0
ENSG00000101019.21,UQCC1,0.0,0.0,0
ENSG00000242372.6,EIF6,0.0,0.0,0
ENSG00000279253.1,RP4-614O4.13,0.0,0.0,0
ENSG00000125966.9,MMP24,0.0,0.0,0
ENSG00000025293.16,PHF20,0.0,0.00019560051,1
ENSG00000171222.10,SCAND1,0.0,0.0,0
ENSG00000101353.14,MROH8,0.0,0.0006808251,1
ENSG00000260032.1,NORAD,0.0,0.0,0
ENSG00000226144.2,RPS27AP3,0.0,0.0,0
ENSG00000080839.11,RBL1,0.0,0.0,0
ENSG00000101347.8,SAMHD1,0.0,0.0,0
ENSG00000101342.9,TLDC2,0.0,0.0,0
ENSG00000149639.14,SOGA1,0.0,0.0,0
ENSG00000149636.15,DSN1,0.0,0.0,0
ENSG00000101079.20,NDRG3,0.0,0.0,0
ENSG00000227688.2,HNRNPA3P2,0.0,0.0,0
ENSG00000101084.17,C20orf24,0.0,0.0,0
ENSG00000118707.9,TGIF2,0.0,7.164241e-05,1
ENSG00000101335.9,MYL9,0.0,0.0,0
ENSG00000232907.7,DLGAP4-AS1,0.0,0.0,0
ENSG00000080845.17,DLGAP4,0.0,0.0,0
ENSG00000131043.11,AAR2,0.0,0.0,0
ENSG00000088367.21,EPB41L1,0.0,0.0,0
ENSG00000100994.11,PYGB,0.0,0.0,0
ENSG00000154930.14,ACSS1,0.0,0.0,0
ENSG00000132823.10,OSER1,0.0,0.0,0
ENSG00000125901.5,MRPS26,0.0,0.0,0
ENSG00000088836.12,SLC4A11,0.0,0.0,0
ENSG00000125877.12,ITPA,0.0,0.0,0
ENSG00000198171.12,DDRGK1,0.0,0.0,0
ENSG00000088899.14,LZTS3,0.0,0.00025155713,1
ENSG00000215251.3,FASTKD5,0.0,0.0,0
ENSG00000185019.16,UBOX5,0.0,0.0,0
ENSG00000101405.3,OXT,0.0,0.0,0
ENSG00000125787.11,GNRH2,0.0,0.0,0
ENSG00000212498.1,SNORD86,0.0,0.0,0
ENSG00000132670.20,PTPRA,0.0,0.0,0
ENSG00000215305.9,VPS16,0.0,0.0,0
ENSG00000132635.16,PCED1A,0.0,0.0,0
ENSG00000088882.7,CPXM1,0.0,0.0,0
ENSG00000088881.20,EBF4,0.0,0.0,0
ENSG00000101365.20,IDH3B,0.0,0.0,0
ENSG00000226572.1,SNORD57,0.0,0.0,0
ENSG00000088854.12,C20orf194,0.0,0.0,0
ENSG00000226632.1,UBE2V1P1,0.0,0.0,0
ENSG00000088812.17,ATRN,0.0,0.0,0
ENSG00000230568.1,SF3A3P1,0.0,0.00050221325,1
ENSG00000089063.14,TMEM230,0.0,0.0,0
ENSG00000089057.14,SLC23A2,0.0,0.0,0
ENSG00000101265.15,RASSF2,0.0,0.0,0
ENSG00000088826.17,SMOX,0.0,0.0,0
ENSG00000226608.3,FTLP3,0.0,0.0,0
ENSG00000101236.16,RNF24,0.0,0.0,0
ENSG00000125779.21,PANK2,0.0,0.0,0
ENSG00000088888.17,MAVS,0.0,0.0,0
ENSG00000125843.10,AP5S1,0.0,0.0,0
ENSG00000101224.17,CDC25B,0.0,0.0,0
ENSG00000125817.7,CENPB,0.0,0.0,0
ENSG00000101220.17,C20orf27,0.0,0.0,0
ENSG00000132622.10,HSPA12B,0.0,0.0,0
ENSG00000088827.12,SIGLEC1,0.0,0.0,0
ENSG00000149451.17,ADAM33,0.0,0.0,0
ENSG00000229686.1,SNORD56,0.0,0.0,0
ENSG00000271798.1,SNORA51,0.0,0.0,0
ENSG00000101474.11,APMAP,0.0,0.0,0
ENSG00000196476.11,C20orf96,0.0,0.0,0
ENSG00000101266.17,CSNK2A1,0.0,0.0,0
ENSG00000125875.13,TBC1D20,0.0,0.0,0
ENSG00000125826.20,RBCK1,0.0,0.0,0
ENSG00000101255.10,TRIB3,0.0,0.0,0
ENSG00000125841.12,NRSN2,0.0,0.0006928589,1
ENSG00000177732.8,SOX12,0.0,0.0,0
ENSG00000247315.3,ZCCHC3,0.0,0.0,0
ENSG00000099326.8,MZF1,0.0,0.0,0
ENSG00000221116.1,SNORD110,0.0,0.0,0
ENSG00000267858.5,MZF1-AS1,0.0,0.00072934706,1
ENSG00000130725.7,UBE2M,0.0,0.00023562946,1
ENSG00000130724.8,CHMP2A,0.0,0.0,0
ENSG00000130726.11,TRIM28,0.0,0.0,0
ENSG00000119574.12,ZBTB45,0.0,0.0,0
ENSG00000273901.1,CTD-2619J13.27,0.0,0.0,0
ENSG00000083807.9,SLC27A5,0.0,0.0,0
ENSG00000271303.1,SRXN1,0.0,0.0,0
ENSG00000101276.14,SLC52A3,0.0,0.0,0
ENSG00000125898.12,FAM110A,0.0,0.0,0
ENSG00000101278.6,RPS10P5,0.0,0.0,0
ENSG00000101361.16,NOP56,0.0,0.0,0
ENSG00000088876.11,ZNF343,0.0,0.0,0
ENSG00000125835.18,SNRPB,0.0,0.0,0
ENSG00000125780.11,TGM3,0.0,0.0,0
ENSG00000125834.12,STK35,0.0,0.0,0
ENSG00000198053.11,SIRPA,0.0,0.0,0
ENSG00000089012.14,SIRPG,0.0,0.0,0
ENSG00000101307.15,SIRPB1,0.0,0.0,0
ENSG00000196209.12,SIRPB2,0.0,0.0,0
ENSG00000088833.17,NSFL1C,0.0,0.0,0
ENSG00000088832.16,FKBP1A,0.0,0.0,0
ENSG00000125775.14,SDCBP2,0.0,0.0,0
ENSG00000101298.13,SNPH,0.0,0.0,0
ENSG00000125895.5,TMEM74B,0.0,0.0,0
ENSG00000125818.17,PSMF1,0.0,0.0,0
ENSG00000132646.10,PCNA,0.0,0.0,0
ENSG00000101290.13,CDS2,0.0,0.0,0
ENSG00000225022.1,UBE2D3P1,0.0,0.0,0
ENSG00000101310.14,SEC23B,0.0,0.0,0
ENSG00000089101.17,CFAP61,0.0,0.0,0
ENSG00000101343.14,CRNKL1,0.0,0.0,0
ENSG00000173418.11,NAA20,0.0,0.0,0
ENSG00000236992.2,RPL12P12,0.0,0.0,0
ENSG00000185052.11,SLC24A3,0.0,0.0,0
ENSG00000125821.11,DTD1,0.0,0.0,0
ENSG00000232388.4,LINC00493,0.0,0.0,0
ENSG00000214612.3,RPS19P1,0.0,0.0,0
ENSG00000125772.12,GPCPD1,0.0,0.0,0
ENSG00000089050.15,RBBP9,0.0,0.0,0
ENSG00000225419.1,RPL21P3,0.0,0.0,0
ENSG00000132664.11,POLR3F,0.0,0.0,0
ENSG00000089091.16,DZANK1,0.0,0.0,0
ENSG00000125846.15,ZNF133,0.0,0.0,0
ENSG00000149474.13,KAT14,0.0,0.0,0
ENSG00000232838.3,PET117,0.0,0.0,0
ENSG00000188559.13,RALGAPA2,0.0,0.0,0
ENSG00000213384.2,EIF4E2P1,0.0,0.0,0
ENSG00000088970.15,KIZ,0.0,0.0,0
ENSG00000214535.3,RPS15AP1,0.0,0.0,0
ENSG00000077984.5,CST7,0.0,0.0,0
ENSG00000149435.12,GGTLC1,0.0,0.0,0
ENSG00000236168.1,RP5-831C21.1,0.0,0.0,0
ENSG00000170369.3,CST2,0.0,0.0,0
ENSG00000170373.8,CST1,0.0,0.0,0
ENSG00000101441.4,CST4,0.0,0.0,0
ENSG00000101439.8,CST3,0.0,0.0,0
ENSG00000125814.17,NAPB,0.0,0.0,0
ENSG00000125812.15,GZF1,0.0,0.0,0
ENSG00000132661.3,NXT1,0.0,0.0,0
ENSG00000125810.9,CD93,0.0,0.0,0
ENSG00000178726.6,THBD,0.0,0.0,0
ENSG00000125798.14,FOXA2,0.0,0.0,0
ENSG00000088930.7,XRN2,0.0,0.0,0
ENSG00000275457.1,RP1-198K11.5,0.0,0.0,0
ENSG00000218902.3,PTMAP3,0.0,0.0,0
ENSG00000125871.13,MGME1,0.0,0.0,0
ENSG00000212232.1,SNORD17,0.0,0.0,0
ENSG00000149346.14,SLX4IP,0.0,0.0,0
ENSG00000132623.15,ANKEF1,0.0,0.0,0
ENSG00000125869.9,LAMP5,0.0,0.0003407173,2
ENSG00000101333.16,PLCB4,0.0,0.0,0
ENSG00000182621.17,PLCB1,0.0,0.0,0
ENSG00000125827.8,TMX4,0.0,0.0,0
ENSG00000101323.4,HAO1,0.0,0.0,0
ENSG00000215586.2,RP5-836E8.1,0.0,0.0,0
ENSG00000125845.6,BMP2,0.0,0.0,0
ENSG00000101311.15,FERMT1,0.0,0.0,0
ENSG00000125872.7,LRRN4,0.0,0.0,0
ENSG00000088766.11,CRLS1,0.0,8.977645e-05,1
ENSG00000125885.13,MCM8,0.0,0.0,0
ENSG00000089195.14,TRMT6,0.0,0.0,0
ENSG00000089199.9,CHGB,0.0,6.104879e-05,1
ENSG00000233578.1,EIF4EP1,0.0,0.0,0
ENSG00000125863.18,MKKS,0.0,0.0,0
ENSG00000235036.4,RP5-1099D15.1,0.0,0.0,0
ENSG00000125850.10,OVOL2,0.0,0.0,0
ENSG00000101384.11,JAG1,0.0,0.0,0
ENSG00000089006.16,SNX5,0.0,0.0,0
ENSG00000125868.15,DSTN,0.0,0.0,0
ENSG00000232333.1,RPS27AP2,0.0,0.0,0
ENSG00000125864.13,BFSP1,0.0,0.0,0
ENSG00000125851.9,PCSK2,0.0,0.0,0
ENSG00000089177.18,KIF16B,0.0,0.0,0
ENSG00000125848.9,FLRT3,0.0,0.0,0
ENSG00000172264.16,MACROD2,0.0,0.0,0
ENSG00000089048.14,ESF1,0.0,0.0,0
ENSG00000236811.1,GAPDHP2,0.0,0.0,0
ENSG00000089123.15,TASP1,0.0,0.0,0
ENSG00000101230.5,ISM1,0.0,0.0,0
ENSG00000172296.12,SPTLC3,0.0,0.0,0
ENSG00000236526.1,RP4-742J24.2,0.0,0.0,0
ENSG00000132640.14,BTBD3,0.0,0.0,0
ENSG00000149596.6,JPH2,0.0,0.0,0
ENSG00000124194.16,GDAP1L1,0.0,0.0,0
ENSG00000183486.12,MX2,0.0,0.00020470544,2
ENSG00000188992.11,LIPI,0.0,0.0,0
ENSG00000154639.18,CXADR,0.0,0.0,0
ENSG00000155313.15,USP25,0.0,0.0,0
ENSG00000279390.1,AF127577.13,0.0,0.0,0
ENSG00000180530.10,NRIP1,0.0,0.0,0
ENSG00000155307.17,SAMSN1,0.0,0.0,0
ENSG00000155304.5,HSPA13,0.0,0.0,0
ENSG00000185272.13,RBM11,0.0,0.0,0
ENSG00000249493.1,ANKRD20A18P,0.0,0.0,0
ENSG00000280800.1,CH507-513H4.6,0.0,0.0,0
ENSG00000203616.2,RHOT1P2,0.0,0.0,0
ENSG00000215559.8,ANKRD20A11P,0.0,0.0,0
ENSG00000187172.15,BAGE2,0.0,0.0,0
ENSG00000275945.1,EIF3FP1,0.0,0.0,0
ENSG00000279208.1,bP-21264C1.1,0.0,0.0,0
ENSG00000188681.11,TEKT4P2,0.0,0.0,0
ENSG00000278931.1,bP-2189O9.2,0.0,0.0,0
ENSG00000232260.2,BTF3L4P1,0.0,0.0,0
ENSG00000154640.14,BTG3,0.0,0.0,0
ENSG00000154642.10,C21orf91,0.0,0.0,0
ENSG00000154645.13,CHODL,0.0,0.0,0
ENSG00000156253.6,RWDD2B,0.0,0.0,0
ENSG00000198862.13,LTN1,0.0,0.0,0
ENSG00000156239.11,N6AMT1,0.0,0.0,0
ENSG00000154736.5,ADAMTS5,0.0,0.0027655787,1
ENSG00000154734.14,ADAMTS1,0.0,0.0,0
ENSG00000166265.11,CYYR1,0.0,0.0,0
ENSG00000142192.20,APP,0.0,0.0,0
ENSG00000154727.10,GABPA,0.0,0.0,0
ENSG00000154723.12,ATP5J,0.0,0.0,0
ENSG00000154721.14,JAM2,0.0,0.0,0
ENSG00000154719.13,MRPL39,0.0,0.0,0
ENSG00000213885.3,RPL13AP7,0.0,0.0039974917,3
ENSG00000154654.14,NCAM2,0.0,0.0,0
ENSG00000198618.5,PPIAP22,0.0,0.0,0
ENSG00000154646.8,TMPRSS15,0.0,0.00034744682,1
ENSG00000281383.1,CH507-513H4.5,0.0,0.0,0
ENSG00000275464.4,CH507-9B2.5,0.0,0.0,0
ENSG00000060491.16,OGFR,0.0,0.0,0
ENSG00000101210.10,EEF1A2,0.0,0.0,0
ENSG00000243509.4,TNFRSF6B,0.0,0.0,0
ENSG00000258366.7,RTEL1,0.0,0.0,0
ENSG00000197457.9,STMN3,0.0,0.00016086544,1
ENSG00000101216.10,GMEB2,0.0,0.0,0
ENSG00000130589.16,HELZ2,0.0,0.0,0
ENSG00000101213.6,PTK6,0.0,0.0,0
ENSG00000125534.9,PPDPF,0.0,0.0,0
ENSG00000101199.12,ARFGAP1,0.0,0.0,0
ENSG00000280071.3,CH507-9B2.3,0.0,0.0,0
ENSG00000101197.12,BIRC7,0.0,0.0,0
ENSG00000149658.17,YTHDF1,0.0,0.0,0
ENSG00000101194.17,SLC17A9,0.0,0.0,0
ENSG00000101193.7,GID8,0.0,0.0,0
ENSG00000101191.16,DIDO1,0.0,0.0,0
ENSG00000233838.5,DPH3P1,0.0,0.0,0
ENSG00000101190.12,TCFL5,0.0,0.0,0
ENSG00000101246.19,ARFRP1,0.0,0.0,0
ENSG00000197114.11,ZGPAT,0.0,0.0,0
ENSG00000203896.9,LIME1,0.0,0.0,0
ENSG00000125520.13,SLC2A4RG,0.0,0.0,0
ENSG00000203880.11,PCMTD2,0.0,0.0,0
ENSG00000196132.11,MYT1,0.0,0.0,0
ENSG00000125510.15,OPRL1,0.0,0.0,0
ENSG00000171700.13,RGS19,0.0,0.00014747478,1
ENSG00000171703.16,TCEA2,0.0,0.0,0
ENSG00000203883.6,SOX18,0.0,0.0,0
ENSG00000101161.7,PRPF6,0.0,0.0,0
ENSG00000130590.13,SAMD10,0.0,0.0,0
ENSG00000196700.8,ZNF512B,0.0,0.0,0
ENSG00000207554.1,MIR647,0.0,0.0,0
ENSG00000198276.15,UCKL1,0.0,0.0,0
ENSG00000101150.17,TPD52L2,0.0,0.0,0
ENSG00000183260.7,ABHD16B,0.0,0.0,0
ENSG00000268858.2,RP4-591C20.9,0.0,0.0,0
ENSG00000130584.10,ZBTB46,0.0,0.0,0
ENSG00000273254.1,RP1-100J12.1,0.0,0.0,0
ENSG00000156256.14,USP16,0.0,0.0,0
ENSG00000156261.12,CCT8,0.0,0.0,0
ENSG00000159231.5,CBR3,0.0,0.0,0
ENSG00000159263.15,SIM2,0.0,0.0,0
ENSG00000223741.1,PSMD4P1,0.0,0.0,0
ENSG00000159261.10,CLDN14,0.0,0.0,0
ENSG00000159259.7,CHAF1B,0.0,0.0,0
ENSG00000159256.12,MORC3,0.0,0.0,0
ENSG00000228149.1,RPL3P1,0.0,0.0,0
ENSG00000142197.12,DOPEY2,0.0,0.0,0
ENSG00000214889.3,RPS9P1,0.0,0.0,0
ENSG00000156265.15,MAP3K7CL,0.0,0.0,0
ENSG00000236830.6,CBR3-AS1,0.0,0.0,0
ENSG00000226054.2,MEMO1P1,0.0,0.0,0
ENSG00000159228.12,CBR1,0.0,0.0,0
ENSG00000230212.6,AP000688.14,0.0,0.0,0
ENSG00000189089.5,RIMKLBP1,0.0,0.0,0
ENSG00000185917.13,SETD4,0.0,0.0,0
ENSG00000214914.3,RPL23AP3,0.0,0.0025753358,2
ENSG00000159267.14,HLCS,0.0,0.0,0
ENSG00000185808.13,PIGP,0.0,0.0,0
ENSG00000182670.13,TTC3,0.0,0.0,0
ENSG00000228677.1,TTC3-AS1,0.0,0.0006383579,1
ENSG00000280109.1,PLAC4,0.0,0.0,0
ENSG00000182240.15,BACE2,0.0,0.0,0
ENSG00000183036.10,PCP4,0.0,0.0,0
ENSG00000157578.13,LCA5L,0.0,0.0,0
ENSG00000182093.14,WRB,0.0,0.0,0
ENSG00000205581.10,HMGN1,0.0,0.0,0
ENSG00000255568.3,BRWD1-AS2,0.0,0.0,0
ENSG00000185658.13,BRWD1,0.0,0.0,0
ENSG00000183527.11,PSMG1,0.0,0.0013525818,1
ENSG00000157557.11,ETS2,0.0,0.0,0
ENSG00000157554.18,ERG,0.0,0.0,0
ENSG00000231123.1,SPATA20P1,0.0,0.00049465406,2
ENSG00000157551.17,KCNJ15,0.0,0.0,0
ENSG00000157540.19,DYRK1A,0.0,0.0,0
ENSG00000157538.13,DSCR3,0.0,0.0,0
ENSG00000159212.12,CLIC6,0.0,0.0,0
ENSG00000159200.17,RCAN1,0.0,0.00026518543,1
ENSG00000225555.1,AP000320.6,0.0,0.0,0
ENSG00000159082.17,SYNJ1,0.0,0.0,0
ENSG00000242220.6,TCP10L,0.0,0.0,0
ENSG00000229007.1,EXOSC3P1,0.0,0.0,0
ENSG00000166979.12,EVA1C,0.0,0.0,0
ENSG00000200792.1,SNORA80A,0.0,0.0,0
ENSG00000142207.6,URB1,0.0,0.0,0
ENSG00000232623.1,AP000266.7,0.0,0.0,0
ENSG00000170262.12,MRAP,0.0,0.0,0
ENSG00000159055.3,MIS18A,0.0,0.0,0
ENSG00000142149.8,HUNK,0.0,0.0,0
ENSG00000273271.1,AP000254.8,0.0,0.0,0
ENSG00000142168.14,SOD1,0.0,0.0,0
ENSG00000156299.13,TIAM1,0.0,0.0,0
ENSG00000171189.17,GRIK1,0.0,0.0,0
ENSG00000248476.1,BACH1-IT1,0.0,0.0,0
ENSG00000156273.15,BACH1,0.0,0.0,0
ENSG00000159079.18,C21orf59,0.0,0.0,0
ENSG00000238197.5,PAXBP1-AS1,0.0,0.0,0
ENSG00000159197.3,KCNE2,0.0,0.0,0
ENSG00000159086.14,PAXBP1,0.0,0.0,0
ENSG00000198743.6,SLC5A3,0.0,0.0,0
ENSG00000243927.5,MRPS6,0.0,0.0,0
ENSG00000241837.6,ATP5O,0.0,0.0,0
ENSG00000205726.14,ITSN1,0.0,0.0,0
ENSG00000205758.11,CRYZL1,0.0,0.0,0
ENSG00000159147.17,DONSON,0.0,0.0,0
ENSG00000159140.19,SON,0.0,0.0,0
ENSG00000159131.16,GART,0.0,0.0005374469,1
ENSG00000177692.11,DNAJC28,0.0,0.0,0
ENSG00000142188.16,TMEM50B,0.0,0.0,0
ENSG00000159128.14,IFNGR2,0.0,0.0,0
ENSG00000142166.12,IFNAR1,0.0,0.00022485774,1
ENSG00000243646.9,IL10RB,0.0,0.0,0
ENSG00000159110.19,IFNAR2,0.0,0.0,0
ENSG00000205929.10,C21orf62,0.0,0.0,0
ENSG00000092758.15,COL9A3,0.0,0.0,0
ENSG00000101189.6,MRGBP,0.0,0.0,0
ENSG00000197296.5,FITM2,0.0,0.0,0
ENSG00000197496.5,SLC2A10,0.0,0.0,0
ENSG00000124126.13,PREX1,0.0,0.0,0
ENSG00000255438.2,CTD-2653D5.1,0.0,0.0,0
ENSG00000196562.14,SULF2,0.0,0.0,0
ENSG00000124151.18,NCOA3,0.0,0.00054846227,1
ENSG00000267882.2,RP4-569M23.5,0.0,0.0,0
ENSG00000101040.19,ZMYND8,0.0,0.0,0
ENSG00000064655.18,EYA2,0.0,0.0,0
ENSG00000172315.5,TP53RK,0.0,0.0,0
ENSG00000100979.14,PLTP,0.0,0.0,0
ENSG00000198185.11,ZNF334,0.0,0.0,0
ENSG00000062598.17,ELMO2,0.0,0.0,0
ENSG00000080189.14,SLC35C2,0.0,0.0,0
ENSG00000101017.13,CD40,0.0,0.0,0
ENSG00000124160.11,NCOA5,0.0,0.0,0
ENSG00000204044.6,RP11-465L10.10,0.0,0.0,0
ENSG00000100985.7,MMP9,0.0,0.0,0
ENSG00000124198.8,ARFGEF2,0.0,0.0001035084,1
ENSG00000124207.16,CSE1L,0.0,0.0,0
ENSG00000124214.19,STAU1,0.0,0.0,0
ENSG00000226284.1,ARPC3P1,0.0,0.0,0
ENSG00000240849.10,TMEM189,0.0,0.0,0
ENSG00000244687.11,UBE2V1,0.0,0.0,0
ENSG00000124216.3,SNAI1,0.0,0.0,0
ENSG00000229222.1,KRT18P4,0.0,0.0,0
ENSG00000124226.10,RNF114,0.0,0.0,0
ENSG00000158480.10,SPATA2,0.0,0.0,0
ENSG00000237788.1,RP5-1041C10.3,0.0,0.0,0
ENSG00000197818.11,SLC9A8,0.0,0.0,0
ENSG00000231878.1,SNRPFP1,0.0,0.0,0
ENSG00000158470.5,B4GALT5,0.0,0.0,0
ENSG00000124212.5,PTGIS,0.0,0.0,0
ENSG00000222365.1,SNORD12B,0.0,0.0,0
ENSG00000209042.1,SNORD12C,0.0,0.0,0
ENSG00000177410.12,ZFAS1,0.0,0.0,0
ENSG00000124228.14,DDX27,0.0,0.001256317,1
ENSG00000198026.7,ZNF335,0.0,0.0,0
ENSG00000271984.1,RP3-337O18.9,0.0,0.0,0
ENSG00000232803.1,SLCO4A1-AS1,0.0,0.0,0
ENSG00000101104.12,PABPC1L,0.0,0.0,0
ENSG00000124157.6,SEMG2,0.0,0.0,0
ENSG00000124233.11,SEMG1,0.0,0.0,0
ENSG00000124102.4,PI3,0.0,0.0,0
ENSG00000168703.5,WFDC12,0.0,0.0,0
ENSG00000175121.11,WFDC5,0.0,0.0,0
ENSG00000101109.11,STK4,0.0,0.0,0
ENSG00000025772.7,TOMM34,0.0,0.0,0
ENSG00000166913.12,YWHAB,0.0,4.153873e-05,1
ENSG00000064601.16,CTSA,0.0,0.0,0
ENSG00000064205.10,WISP2,0.0,0.0,0
ENSG00000196839.12,ADA,0.0,0.0,0
ENSG00000168734.13,PKIG,0.0,0.0,0
ENSG00000132824.13,SERINC3,0.0,0.0,0
ENSG00000124120.10,TTPAL,0.0,0.0,0
ENSG00000226243.1,RPL37AP1,0.0,0.0,0
ENSG00000101076.16,HNF4A,0.0,0.0,0
ENSG00000124107.5,SLPI,0.0,0.0,0
ENSG00000124145.6,SDC4,0.0,0.0,0
ENSG00000204070.9,SYS1,0.0,0.0,0
ENSG00000124251.10,TP53TG5,0.0,0.0,0
ENSG00000124257.6,NEURL2,0.0,0.0,0
ENSG00000149634.4,SPATA25,0.0,0.0,0
ENSG00000132801.6,ZSWIM3,0.0,0.0,0
ENSG00000101473.16,ACOT8,0.0,0.0,0
ENSG00000124104.18,SNX21,0.0,0.0,0
ENSG00000175063.16,UBE2C,0.0,0.0,0
ENSG00000101457.12,DNTTIP1,0.0,0.0,0
ENSG00000124116.18,WFDC3,0.0,0.0,0
ENSG00000226188.2,HNRNPA1P3,0.0,0.0,0
ENSG00000149651.3,SPINT4,0.0,0.0,0
ENSG00000168634.4,WFDC13,0.0,0.0,0
ENSG00000182931.9,WFDC10B,0.0,0.0,0
ENSG00000101443.17,WFDC2,0.0,0.0,0
ENSG00000124155.17,PIGT,0.0,0.0,0
ENSG00000244274.7,DBNDD2,0.0,0.0,0
ENSG00000277449.1,CEBPB-AS1,0.0,0.0,0
ENSG00000172216.5,CEBPB,0.0,0.0,0
ENSG00000224397.5,SMIM25,0.0,0.0,0
ENSG00000235590.7,GNAS-AS1,0.0,0.0,0
ENSG00000124203.6,ZNF831,0.0,0.0,0
ENSG00000101166.15,PRELID3B,0.0,0.0,0
ENSG00000124172.9,ATP5E,0.0,0.0,0
ENSG00000101162.3,TUBB1,0.0,0.0,0
ENSG00000101160.13,CTSZ,0.0,0.0,0
ENSG00000101158.13,NELFCD,0.0,0.0,0
ENSG00000087460.24,GNAS,0.0,0.0,0
ENSG00000215440.11,NPEPL1,0.0,0.0,0
ENSG00000196396.9,PTPN1,0.0,0.0,0
ENSG00000124222.22,STX16,0.0,0.0,0
ENSG00000124164.15,VAPB,0.0,0.0,0
ENSG00000124209.3,RAB22A,0.0,0.0,0
ENSG00000124224.16,PPP4R1L,0.0,0.0,0
ENSG00000124237.5,C20orf85,0.0,0.0,0
ENSG00000124225.15,PMEPA1,0.0,0.0015192227,1
ENSG00000124256.14,ZBP1,0.0,0.0,0
ENSG00000087495.16,PHACTR3,0.0,0.0,0
ENSG00000196074.12,SYCP2,0.0,0.0,0
ENSG00000196227.10,FAM217B,0.0,0.0,0
ENSG00000124215.16,CDH26,0.0,0.0,0
ENSG00000101187.15,SLCO4A1,0.0,0.0,0
ENSG00000130701.3,RBBP8NL,0.0,0.0,0
ENSG00000149679.11,CABLES2,0.0,0.0,0
ENSG00000171858.17,RPS21,0.0,0.0,0
ENSG00000228812.7,LAMA5-AS1,0.0,0.0,0
ENSG00000130702.15,LAMA5,0.0,0.0,0
ENSG00000226332.2,RP11-157P1.4,0.0,0.0,0
ENSG00000130706.12,ADRM1,0.0,0.0,0
ENSG00000130703.15,OSBPL2,0.0,0.0,0
ENSG00000101181.17,MTG2,0.0,0.0,0
ENSG00000184402.14,SS18L1,0.0,0.0,0
ENSG00000101182.14,PSMA7,0.0,0.0,0
ENSG00000149657.19,LSM14B,0.0,0.0,0
ENSG00000130699.18,TAF4,0.0,0.0,0
ENSG00000207802.1,MIR646,0.0,0.0,0
ENSG00000124253.10,PCK1,0.0,9.1385606e-05,1
ENSG00000124097.7,HMGB1P1,0.0,0.0,0
ENSG00000132819.16,RBM38,0.0,0.0006309134,2
ENSG00000182463.15,TSHZ2,0.0,0.0,0
ENSG00000020256.19,ZFP64,0.0,0.0,0
ENSG00000101115.12,SALL4,0.0,0.0,0
ENSG00000054793.13,ATP9A,0.0,0.0,0
ENSG00000101096.19,NFATC2,0.0,0.0,0
ENSG00000232358.1,RP5-955M13.4,0.0,0.0,0
ENSG00000124217.4,MOCS3,0.0,0.0,0
ENSG00000000419.12,DPM1,0.0,0.0,0
ENSG00000228663.1,PSMD10P1,0.0,0.0,0
ENSG00000101126.15,ADNP,0.0,0.0,0
ENSG00000230043.1,TMSB4XP6,0.0,0.0,0
ENSG00000124243.17,BCAS4,0.0,0.0,0
ENSG00000124171.8,PARD6B,0.0,0.0,0
ENSG00000042062.11,FAM65C,0.0,0.0,0
ENSG00000208018.1,MIR645,0.0,0.0,0
ENSG00000232043.1,RP4-530I15.9,0.0,0.0,0
ENSG00000233347.1,ERP29P1,0.0,0.0,0
ENSG00000271774.1,RP4-678D15.1,0.0,0.0,0
ENSG00000218018.2,RP4-800J21.3,0.0,0.0,0
ENSG00000171940.13,ZNF217,0.0,0.0,0
ENSG00000101146.12,RAE1,0.0,0.0,0
ENSG00000101144.12,BMP7,0.0,0.0,0
ENSG00000087510.6,TFAP2C,0.0,0.0,0
ENSG00000124103.8,FAM209A,0.0,0.0,0
ENSG00000124091.9,GCNT7,0.0,0.0,0
ENSG00000022277.12,RTFDC1,0.0,0.0,0
ENSG00000087589.16,CASS4,0.0,0.0,0
ENSG00000101138.11,CSTF1,0.0,0.0,0
ENSG00000087586.17,AURKA,0.0,0.0,0
ENSG00000124098.9,FAM210B,0.0,0.0,0
ENSG00000185834.10,RPL12P4,0.0,0.0027596503,2
ENSG00000101134.11,DOK5,0.0,0.0,0
ENSG00000101132.9,PFDN4,0.0,0.0,0
ENSG00000019186.9,CYP24A1,0.0,0.0,0
ENSG00000064787.13,BCAS1,0.0,0.0,0
ENSG00000083838.15,ZNF446,0.0,0.0,0
ENSG00000083812.11,ZNF324,0.0,0.0,0
ENSG00000249471.7,ZNF324B,0.0,0.0,0
ENSG00000159917.15,ZNF235,0.0,0.0,0
ENSG00000186567.12,CEACAM19,0.0,0.0,0
ENSG00000073008.14,PVR,0.0,0.0,0
ENSG00000167384.10,ZNF180,0.0,0.0003712727,1
ENSG00000278318.4,ZNF229,0.0,0.0,0
ENSG00000267508.5,ZNF285,0.0,0.0,0
ENSG00000062370.16,ZNF112,0.0,0.0,0
ENSG00000159915.12,ZNF233,0.0,0.0,0
ENSG00000131115.15,ZNF227,0.0,0.0,0
ENSG00000159882.12,ZNF230,0.0,0.0,0
ENSG00000167380.16,ZNF226,0.0,0.0,0
ENSG00000263002.7,ZNF234,0.0,0.0,0
ENSG00000256294.7,ZNF225,0.0,0.0,0
ENSG00000186019.10,AC084219.4,0.0,0.0,0
ENSG00000267680.5,ZNF224,0.0,0.0,0
ENSG00000186026.6,ZNF284,0.0,0.0,0
ENSG00000178386.12,ZNF223,0.0,0.0,0
ENSG00000069399.14,BCL3,0.0,0.0,0
ENSG00000142273.10,CBLC,0.0,0.0,0
ENSG00000187244.10,BCAM,0.0,0.0,0
ENSG00000130202.9,NECTIN2,0.0,0.0,0
ENSG00000104866.10,PPP1R37,0.0,0.0,0
ENSG00000007047.14,MARK4,0.0,0.0,0
ENSG00000142252.10,GEMIN7,0.0,0.00020144293,1
ENSG00000267348.2,CTB-179K24.3,0.0,0.0,0
ENSG00000170684.8,ZNF296,0.0,0.0,0
ENSG00000104859.14,CLASRP,0.0,0.0,0
ENSG00000104856.13,RELB,0.0,0.0,0
ENSG00000104853.15,CLPTM1,0.0,0.0,0
ENSG00000234906.9,APOC2,0.0,0.0,0
ENSG00000267467.3,APOC4,0.0,0.0,0
ENSG00000214855.9,APOC1P1,0.0,0.0,0
ENSG00000130208.9,APOC1,0.0,0.0,0
ENSG00000130203.9,APOE,0.0,0.0,0
ENSG00000130204.12,TOMM40,0.0,0.0,0
ENSG00000267282.1,CTB-129P6.4,0.0,0.0,0
ENSG00000159885.13,ZNF222,0.0,0.0,0
ENSG00000266921.1,RP11-15A1.7,0.0,0.0,0
ENSG00000105404.10,RABAC1,0.0,0.0,0
ENSG00000079462.7,PAFAH1B3,0.0,0.0,0
ENSG00000079385.21,CEACAM1,0.0,0.0,0
ENSG00000189377.8,CXCL17,0.0,0.0,0
ENSG00000079435.9,LIPE,0.0,0.0,0
ENSG00000213904.8,LIPE-AS1,0.0,0.0,0
ENSG00000105427.9,CNFN,0.0,0.0,0
ENSG00000105429.12,MEGF8,0.0,0.0,0
ENSG00000167619.11,TMEM145,0.0,0.0,0
ENSG00000079432.7,CIC,0.0,0.0,0
ENSG00000204920.10,ZNF155,0.0,0.0,0
ENSG00000105722.9,ERF,0.0,0.0,0
ENSG00000105723.11,GSK3A,0.0,0.0,0
ENSG00000167625.10,ZNF526,0.0,0.0,0
ENSG00000160570.13,DEDD2,0.0,0.0,0
ENSG00000028277.21,POU2F2,0.0,0.0,0
ENSG00000105732.12,ZNF574,0.0,0.0,0
ENSG00000105737.9,GRIK5,0.0,0.0,0
ENSG00000204936.9,CD177,0.0,0.0,0
ENSG00000124466.8,LYPD3,0.0,0.0,0
ENSG00000176531.10,PHLDB3,0.0,0.0,0
ENSG00000105755.7,ETHE1,0.0,0.0,0
ENSG00000159905.14,ZNF221,0.0,0.0,0
ENSG00000124459.11,ZNF45,0.0,0.0,0
ENSG00000176222.8,ZNF404,0.0,0.0,0
ENSG00000167637.16,ZNF283,0.0,0.0,0
ENSG00000104783.11,KCNN4,0.0,0.0,0
ENSG00000105771.13,SMG9,0.0,0.0,0
ENSG00000011422.11,PLAUR,0.0,0.0,0
ENSG00000105767.2,CADM4,0.0,0.0,0
ENSG00000131116.11,ZNF428,0.0,7.4212476e-05,1
ENSG00000226763.4,SRRM5,0.0,0.0,0
ENSG00000124444.15,ZNF576,0.0,0.0,0
ENSG00000234465.10,PINLYP,0.0,0.0,0
ENSG00000269583.1,L34079.4,0.0,0.0,0
ENSG00000073050.11,XRCC1,0.0,0.0,0
ENSG00000176472.10,ZNF575,0.0,0.0,0
ENSG00000267346.1,EIF5AP3,0.0,0.0,0
ENSG00000007255.10,TRAPPC6A,0.0,0.00053406064,2
ENSG00000189114.6,BLOC1S3,0.0,7.257868e-05,1
ENSG00000142230.11,SAE1,0.0,0.0,0
ENSG00000105419.17,MEIS3,0.0,0.0,0
ENSG00000134815.18,DHX34,0.0,0.0,0
ENSG00000134830.5,C5AR2,0.0,0.0,0
ENSG00000197405.7,C5AR1,0.0,0.0,0
ENSG00000257704.3,INAFM1,0.0,0.0,0
ENSG00000105321.12,CCDC9,0.0,0.0,0
ENSG00000105327.17,BBC3,0.0,0.00014018442,1
ENSG00000130749.9,ZC3H4,0.0,0.0,0
ENSG00000283632.2,EXOC3L2,0.0,0.0,0
ENSG00000130748.6,TMEM160,0.0,0.0,0
ENSG00000160007.18,ARHGAP35,0.0,0.0,0
ENSG00000042753.11,AP2S1,0.0,0.0,0
ENSG00000275719.1,CTB-147N14.6,0.0,0.0,0
ENSG00000105281.12,SLC1A5,0.0,0.0,0
ENSG00000181027.10,FKRP,0.0,0.0,0
ENSG00000269487.1,CTB-174O21.2,0.0,0.0,0
ENSG00000118162.13,KPTN,0.0,0.0,0
ENSG00000268061.5,NAPA-AS1,0.0,8.152173e-05,1
ENSG00000105402.7,NAPA,0.0,0.0,0
ENSG00000279861.1,RP11-43N16.4,0.0,0.0,0
ENSG00000105464.3,GRIN2D,0.0,0.0,0
ENSG00000105438.8,KDELR1,0.0,0.0,0
ENSG00000161558.10,TMEM143,0.0,0.0,0
ENSG00000142227.10,EMP3,0.0,0.0,0
ENSG00000105479.15,CCDC114,0.0,0.00012110752,1
ENSG00000178150.9,ZNF114,0.0,0.0,0
ENSG00000105483.17,CARD8,0.0,0.0,0
ENSG00000185453.12,C19orf68,0.0,0.0,0
ENSG00000105486.13,LIG1,0.0,0.0,0
ENSG00000105499.13,PLA2G4C,0.0,0.0,0
ENSG00000105398.3,SULT2A1,0.0,0.0,0
ENSG00000178980.14,SELENOW,0.0,0.0,0
ENSG00000105373.18,GLTSCR2,0.0,0.0,0
ENSG00000024422.11,EHD2,0.0,0.0,0
ENSG00000063169.10,GLTSCR1,0.0,0.0,0
ENSG00000090372.14,STRN4,0.0,0.0,0
ENSG00000105287.12,PRKD2,0.0,0.0,0
ENSG00000197380.10,DACT3,0.0,0.0,0
ENSG00000104936.17,DMPK,0.0,0.0,0
ENSG00000259605.3,AC074212.5,0.0,0.0,0
ENSG00000177045.7,SIX5,0.0,0.0,0
ENSG00000177051.5,FBXO46,0.0,0.0,0
ENSG00000011478.11,QPCTL,0.0,0.0,0
ENSG00000010310.8,GIPR,0.0,0.0,0
ENSG00000125746.16,EML2,0.0,0.0,0
ENSG00000125753.13,VASP,0.0,0.0,0
ENSG00000213889.10,PPM1N,0.0,0.0,0
ENSG00000125744.11,RTN2,0.0,0.0,0
ENSG00000125740.13,FOSB,0.0,0.0,0
ENSG00000012061.15,ERCC1,0.0,0.0,0
ENSG00000104881.15,PPP1R13L,0.0,0.0,0
ENSG00000104884.14,ERCC2,0.0,0.0,0
ENSG00000104892.16,KLC3,0.0,0.0,0
ENSG00000104879.4,CKM,0.0,0.0,0
ENSG00000267395.5,AC074212.6,0.0,0.0,0
ENSG00000185800.11,DMWD,0.0,0.0,0
ENSG00000160013.8,PTGIR,0.0,0.0,0
ENSG00000125755.18,SYMPK,0.0,3.6691512e-05,1
ENSG00000269292.1,CTB-12A17.3,0.0,0.00028175564,1
ENSG00000160014.16,CALM3,0.0,0.0,0
ENSG00000249210.1,GAPDHP38,0.0,0.0,0
ENSG00000182013.17,PNMAL1,0.0,0.0,0
ENSG00000169515.5,CCDC8,0.0,0.0,0
ENSG00000011485.14,PPP5C,0.0,0.0,0
ENSG00000124440.15,HIF3A,0.0,0.0,0
ENSG00000188293.5,IGFL1,0.0,0.0,0
ENSG00000204866.8,IGFL2,0.0,0.0,0
ENSG00000008438.4,PGLYRP1,0.0,0.0,0
ENSG00000104983.8,CCDC61,0.0,0.0,0
ENSG00000104967.6,NOVA2,0.0,0.0,0
ENSG00000176182.5,MYPOP,0.0,0.0,0
ENSG00000170604.4,IRF2BP1,0.0,0.0,0
ENSG00000170608.2,FOXA3,0.0,0.0,0
ENSG00000105409.16,ATP1A3,0.0,0.0008935256,1
ENSG00000076928.17,ARHGEF1,0.0,0.0,0
ENSG00000171574.17,ZNF584,0.0,0.0,0
ENSG00000167642.12,SPINT2,0.0,0.0,0
ENSG00000099341.11,PSMD8,0.0,0.0,0
ENSG00000266963.1,AC005625.1,0.0,0.0,0
ENSG00000099338.22,CATSPERG,0.0,0.0009504974,1
ENSG00000099337.4,KCNK6,0.0,0.0,0
ENSG00000167645.16,YIF1B,0.0,0.0,0
ENSG00000167644.11,C19orf33,0.0,0.0,0
ENSG00000167641.10,PPP1R14A,0.0,0.0,0
ENSG00000105738.10,SIPA1L3,0.0,0.0,0
ENSG00000171827.10,ZNF570,0.0,0.0,0
ENSG00000171804.10,WDR87,0.0,0.0,0
ENSG00000267422.1,CTD-2554C21.1,0.0,0.0,0
ENSG00000189144.13,ZNF573,0.0,0.0,0
ENSG00000198182.12,ZNF607,0.0,0.0,0
ENSG00000120784.15,ZFP30,0.0,0.0,0
ENSG00000180479.13,ZNF571,0.0,0.0,0
ENSG00000171817.16,ZNF540,0.0,0.0,0
ENSG00000179168.14,GGN,0.0,0.0,0
ENSG00000267090.1,AC005789.9,0.0,0.0,0
ENSG00000130244.12,FAM98C,0.0,0.0,0
ENSG00000171777.15,RASGRP4,0.0,0.0033232016,1
ENSG00000104825.16,NFKBIB,0.0,0.0,0
ENSG00000068903.19,SIRT2,0.0,0.0,0
ENSG00000187994.13,RINL,0.0,8.0698264e-05,1
ENSG00000104824.16,HNRNPL,0.0,0.0,0
ENSG00000104823.8,ECH1,0.0,0.0,0
ENSG00000171747.8,LGALS4,0.0,0.0,0
ENSG00000178934.4,LGALS7B,0.0,0.0,0
ENSG00000267892.1,CTD-2540F13.2,0.0,0.0,0
ENSG00000182472.8,CAPN12,0.0,0.0,0
ENSG00000130402.11,ACTN4,0.0,0.0,0
ENSG00000178982.9,EIF3K,0.0,0.0,0
ENSG00000267291.1,CTB-186G2.1,0.0,0.0,0
ENSG00000104814.12,MAP4K1,0.0,0.0,0
ENSG00000269445.1,AC067969.1,0.0,0.0,0
ENSG00000196218.12,RYR1,0.0,0.0,0
ENSG00000188227.12,ZNF793,0.0,0.0,0
ENSG00000196437.10,ZNF569,0.0,0.0,0
ENSG00000105369.9,CD79A,0.0,0.0,0
ENSG00000105258.8,POLR2I,0.0,0.0,0
ENSG00000181007.8,ZFP82,0.0,0.0,0
ENSG00000142065.13,ZFP14,0.0,0.0,0
ENSG00000167635.11,ZNF146,0.0,0.0,0
ENSG00000196357.11,ZNF565,0.0,0.0,0
ENSG00000126247.10,CAPNS1,0.0,0.0,0
ENSG00000279504.1,AD001527.4,0.0,0.0,0
ENSG00000105254.11,TBCB,0.0,0.0,0
ENSG00000075702.16,WDR62,0.0,0.0,0
ENSG00000189164.14,ZNF527,0.0,0.0,0
ENSG00000161277.10,THAP8,0.0,0.0,0
ENSG00000105270.14,CLIP3,0.0,0.0,0
ENSG00000267698.1,AC002116.7,0.0,0.0,0
ENSG00000239382.10,ALKBH6,0.0,0.0,0
ENSG00000181392.14,SYNE4,0.0,0.0,0
ENSG00000205138.3,SDHAF1,0.0,0.0,0
ENSG00000126243.8,LRFN3,0.0,0.0,0
ENSG00000186017.14,ZNF566,0.0,0.0,0
ENSG00000267309.1,CTD-2630F21.1,0.0,0.0,0
ENSG00000254004.6,ZNF260,0.0,0.0,0
ENSG00000186020.12,ZNF529,0.0,0.0,0
ENSG00000181666.17,HKR1,0.0,0.0,0
ENSG00000188283.11,ZNF383,0.0,0.0,0
ENSG00000245680.9,ZNF585B,0.0,0.0,0
ENSG00000267437.1,CTC-454I21.4,0.0,0.0,0
ENSG00000196967.10,ZNF585A,0.0,0.0,0
ENSG00000197050.10,ZNF420,0.0,0.0,0
ENSG00000198453.12,ZNF568,0.0,0.0,0
ENSG00000185869.14,ZNF829,0.0,0.0,0
ENSG00000251247.10,ZNF345,0.0,0.0,0
ENSG00000197863.8,ZNF790,0.0,0.0,0
ENSG00000267041.5,ZNF850,0.0,0.0,0
ENSG00000189042.13,ZNF567,0.0,0.0,0
ENSG00000197808.11,ZNF461,0.0,0.0,0
ENSG00000161298.17,ZNF382,0.0,0.0017616035,1
ENSG00000233527.8,ZNF529-AS1,0.0,0.0,0
ENSG00000104835.14,SARS2,0.0,0.0,0
ENSG00000128626.11,MRPS12,0.0,0.0,0
ENSG00000269190.5,FBXO17,0.0,0.0,0
ENSG00000261857.6,MIA,0.0,0.0,0
ENSG00000197408.8,CYP2B6,0.0,0.0,0
ENSG00000256612.7,CYP2B7P,0.0,0.0,0
ENSG00000198077.10,CYP2A7,0.0,0.0,0
ENSG00000255974.7,CYP2A6,0.0,0.0,0
ENSG00000237118.2,CYP2F2P,0.0,0.0,0
ENSG00000233622.1,CYP2T1P,0.0,0.0,0
ENSG00000269858.5,EGLN2,0.0,0.0,0
ENSG00000077312.8,SNRPA,0.0,0.0,0
ENSG00000161243.8,FBXO27,0.0,0.0,0
ENSG00000188493.14,C19orf54,0.0,0.0,0
ENSG00000086544.2,ITPKC,0.0,0.0,0
ENSG00000123815.11,COQ8B,0.0,0.0,0
ENSG00000105245.9,NUMBL,0.0,0.0,0
ENSG00000090006.17,LTBP4,0.0,0.0,0
ENSG00000160410.14,SHKBP1,0.0,0.0002597672,1
ENSG00000160460.15,SPTBN4,0.0,0.0,0
ENSG00000197446.8,CYP2F1,0.0,0.0,0
ENSG00000167600.13,CYP2S1,0.0,0.0,0
ENSG00000167601.11,AXL,0.0,0.0,0
ENSG00000105323.16,HNRNPUL1,0.0,0.0,0
ENSG00000105372.6,RPS19,0.0,0.0,0
ENSG00000086548.8,CEACAM6,0.0,0.0,0
ENSG00000105388.15,CEACAM5,0.0,0.0,0
ENSG00000105352.10,CEACAM4,0.0,0.0,0
ENSG00000007129.17,CEACAM21,0.0,0.0,0
ENSG00000269800.1,PLEKHA3P1,0.0,0.0012639974,1
ENSG00000105341.18,ATP5SL,0.0,0.0,0
ENSG00000177191.2,B3GNT8,0.0,0.0,0
ENSG00000268475.1,CTC-435M10.6,0.0,0.0,0
ENSG00000248098.11,BCKDHA,0.0,0.0,0
ENSG00000077348.8,EXOSC5,0.0,0.0,0
ENSG00000123810.7,B9D2,0.0,0.0,0
ENSG00000142046.14,TMEM91,0.0,0.0,0
ENSG00000142039.3,CCDC97,0.0,0.0,0
ENSG00000105329.9,TGFB1,0.0,0.0,0
ENSG00000090013.9,BLVRB,0.0,0.0,0
ENSG00000167565.12,SERTAD3,0.0,0.0,0
ENSG00000197019.4,SERTAD1,0.0,0.0,0
ENSG00000186838.13,SELENOV,0.0,0.0,0
ENSG00000105197.10,TIMM50,0.0,0.0,0
ENSG00000196235.13,SUPT5H,0.0,0.0,0
ENSG00000105193.8,RPS16,0.0,0.0,0
ENSG00000090924.14,PLEKHG2,0.0,0.0,0
ENSG00000128016.5,ZFP36,0.0,0.00016663424,1
ENSG00000063322.13,MED29,0.0,0.0,0
ENSG00000006712.14,PAF1,0.0,0.0,0
ENSG00000179134.15,SAMD4B,0.0,0.0,0
ENSG00000130755.12,GMFG,0.0,0.0,0
ENSG00000268262.1,CTC-246B18.8,0.0,0.0,0
ENSG00000128011.4,LRFN1,0.0,0.0,0
ENSG00000188505.4,NCCRP1,0.0,0.0,0
ENSG00000130669.17,PAK4,0.0,0.0,0
ENSG00000183760.10,ACP7,0.0,0.0,0
ENSG00000267992.1,CTB-189B5.3,0.0,0.0,0
ENSG00000090932.10,DLL3,0.0,0.0,0
ENSG00000269792.1,CTB-60E11.9,0.0,0.0,0
ENSG00000105227.14,PRX,0.0,0.0,0
ENSG00000176396.10,EID2,0.0,0.0,0
ENSG00000105223.19,PLD3,0.0,0.0,0
ENSG00000160392.13,C19orf47,0.0,0.0,0
ENSG00000207631.1,MIR641,0.0,0.0,0
ENSG00000205041.1,CTC-425O23.2,0.0,0.0,0
ENSG00000105221.16,AKT2,0.0,0.0,0
ENSG00000130758.7,MAP3K10,0.0,0.0,0
ENSG00000197782.14,ZNF780A,0.0,0.0,0
ENSG00000128000.15,ZNF780B,0.0,0.0,0
ENSG00000269069.1,CTC-471F3.5,0.0,0.0,0
ENSG00000187187.13,ZNF546,0.0,0.0,0
ENSG00000013275.7,PSMC4,0.0,0.0,0
ENSG00000187534.6,PRR13P5,0.0,0.0,0
ENSG00000275395.4,FCGBP,0.0,0.0,0
ENSG00000105202.8,FBL,0.0,0.0,0
ENSG00000105204.13,DYRK1B,0.0,0.0,0
ENSG00000105447.12,GRWD1,0.0,0.0,0
ENSG00000105443.13,CYTH2,0.0,0.0,0
ENSG00000142235.8,LMTK3,0.0,0.0,0
ENSG00000125498.19,KIR2DL1,0.0,0.00047286955,1
ENSG00000160439.15,RDH13,0.0,0.0,0
ENSG00000088053.11,GP6,0.0,0.0,0
ENSG00000022556.15,NLRP2,0.0,0.0,0
ENSG00000189430.12,NCR1,0.0,0.0,0
ENSG00000186431.18,FCAR,0.0,0.00048177395,1
ENSG00000240403.5,KIR3DL2,0.0,0.0,0
ENSG00000189013.14,KIR2DL4,0.0,0.0,0
ENSG00000243772.7,KIR2DL3,0.0,4.485549e-05,1
ENSG00000167613.15,LAIR1,0.0,0.0,0
ENSG00000186818.12,LILRB4,0.0,0.0,0
ENSG00000224730.1,AC009892.10,0.0,0.0,0
ENSG00000104972.15,LILRB1,0.0,0.0,0
ENSG00000104974.11,LILRA1,0.0,0.0,0
ENSG00000167618.9,LAIR2,0.0,0.0,0
ENSG00000275183.1,LENG9,0.0,0.0,0
ENSG00000167615.16,LENG8,0.0,0.0,0
ENSG00000131037.14,EPS8L1,0.0,0.0021309138,2
ENSG00000125503.12,PPP1R12C,0.0,0.0,0
ENSG00000105048.16,TNNT1,0.0,0.0,0
ENSG00000129991.12,TNNI3,0.0,0.0,0
ENSG00000197483.9,ZNF628,0.0,0.0,0
ENSG00000063241.7,ISOC2,0.0,0.0,0
ENSG00000108106.13,UBE2S,0.0,0.0,0
ENSG00000108107.14,RPL28,0.0,0.0030498363,1
ENSG00000233493.3,TMEM238,0.0,0.0,0
ENSG00000269275.1,CTD-2105E13.15,0.0,0.0,0
ENSG00000160472.4,TMEM190,0.0,0.0,0
ENSG00000133247.13,KMT5C,0.0,0.0,0
ENSG00000180061.9,TMEM150B,0.0,0.0,0
ENSG00000160469.16,BRSK1,0.0,0.0,0
ENSG00000133265.10,HSPBP1,0.0,0.0,0
ENSG00000105063.18,PPP6R1,0.0,0.0,0
ENSG00000180089.5,TMEM86B,0.0,0.0,0
ENSG00000080031.9,PTPRH,0.0,0.0,0
ENSG00000167646.13,DNAAF3,0.0,0.0,0
ENSG00000167614.13,TTYH1,0.0,0.0,0
ENSG00000239961.2,LILRA4,0.0,0.0,0
ENSG00000088002.11,SULT2B1,0.0,0.0,0
ENSG00000213799.11,ZNF845,0.0,0.0,0
ENSG00000198346.10,ZNF813,0.0,0.00044797297,1
ENSG00000160336.14,ZNF761,0.0,0.0,0
ENSG00000241015.2,TPM3P9,0.0,9.9110985e-05,1
ENSG00000239912.1,RPL39P36,0.0,0.00019169417,1
ENSG00000196417.12,ZNF765,0.0,0.0,0
ENSG00000241069.1,CTD-3141N22.1,0.0,0.0,0
ENSG00000203326.11,ZNF525,0.0,0.0,0
ENSG00000267809.1,NDUFV2P1,0.0,0.0,0
ENSG00000187116.13,LILRA5,0.0,0.0,0
ENSG00000197497.10,ZNF665,0.0,0.0,0
ENSG00000197937.12,ZNF347,0.0,0.0,0
ENSG00000170954.11,ZNF415,0.0,0.0,0
ENSG00000170949.17,ZNF160,0.0,0.0,0
ENSG00000269526.1,ERVV-1,0.0,0.0,0
ENSG00000242779.6,ZNF702P,0.0,0.0,0
ENSG00000180257.13,ZNF816,0.0,0.0,0
ENSG00000250731.1,TPM3P6,0.0,0.0,0
ENSG00000130844.16,ZNF331,0.0,0.0,0
ENSG00000142405.21,NLRP12,0.0,0.00032729327,1
ENSG00000179820.15,MYADM,0.0,0.0,0
ENSG00000131042.14,LILRB2,0.0,0.0,0
ENSG00000105609.16,LILRB5,0.0,0.0002451034,1
ENSG00000244482.10,LILRA6,0.0,0.0005722447,1
ENSG00000204577.11,LILRB3,0.0,0.0,0
ENSG00000170889.13,RPS9,0.0,0.0,0
ENSG00000170892.10,TSEN34,0.0,0.0,0
ENSG00000125505.16,MBOAT7,0.0,0.0,0
ENSG00000167608.11,TMC4,0.0,0.0,0
ENSG00000105617.3,LENG1,0.0,0.0,0
ENSG00000237017.1,AC012314.8,0.0,0.0,0
ENSG00000105618.13,PRPF31,0.0,0.0,0
ENSG00000105619.13,TFPT,0.0,0.0009262388,2
ENSG00000170906.15,NDUFA3,0.0,0.0,0
ENSG00000170909.13,OSCAR,0.0,0.0,0
ENSG00000126583.10,PRKCG,0.0,0.0,0
ENSG00000090971.4,NAT14,0.0,0.0,0
ENSG00000179954.15,SSC5D,0.0,0.0,0
ENSG00000218891.4,ZNF579,0.0,0.0,0
ENSG00000083814.13,ZNF671,0.0,0.0,0
ENSG00000270804.1,CTD-2583A14.11,0.0,0.0,0
ENSG00000198466.11,ZNF587,0.0,0.0,0
ENSG00000269304.1,FKBP1AP1,0.0,0.0,0
ENSG00000269343.6,ZNF587B,0.0,0.0,0
ENSG00000178935.5,ZNF552,0.0,0.0,0
ENSG00000083828.15,ZNF586,0.0,0.0,0
ENSG00000152443.12,ZNF776,0.0,0.0,0
ENSG00000179909.15,ZNF154,0.0,0.0,0
ENSG00000171443.6,ZNF524,0.0,0.0,0
ENSG00000204519.10,ZNF551,0.0,2.9669307e-05,1
ENSG00000121417.13,ZNF211,0.0,0.0,0
ENSG00000213762.11,ZNF134,0.0,0.0,0
ENSG00000183647.10,ZNF530,0.0,0.0,0
ENSG00000171649.11,ZIK1,0.0,0.0,0
ENSG00000083817.8,ZNF416,0.0,0.0,0
ENSG00000251369.8,ZNF550,0.0,0.0,0
ENSG00000173480.10,ZNF417,0.0,0.0,0
ENSG00000196724.12,ZNF418,0.0,0.0,0
ENSG00000152454.3,ZNF256,0.0,0.0,0
ENSG00000177025.3,C19orf18,0.0,0.0,0
ENSG00000083845.8,RPS5,0.0,0.0,0
ENSG00000152475.6,ZNF837,0.0,0.0,0
ENSG00000268049.1,CTD-2619J13.9,0.0,0.0,0
ENSG00000279611.1,CTD-2619J13.5,0.0,0.0,0
ENSG00000268895.5,A1BG-AS1,0.0,0.0,0
ENSG00000121410.11,A1BG,0.0,0.0,0
ENSG00000182318.5,ZSCAN22,0.0,0.0,0
ENSG00000278129.1,ZNF8,0.0,0.0,0
ENSG00000198131.13,ZNF544,0.0,0.0,0
ENSG00000171606.17,ZNF274,0.0,0.0,0
ENSG00000181894.14,ZNF329,0.0,0.0,0
ENSG00000121413.12,ZSCAN18,0.0,0.0,0
ENSG00000176293.19,ZNF135,0.0,0.0,0
ENSG00000176593.7,CTD-2368P22.1,0.0,0.0,0
ENSG00000166704.11,ZNF606,0.0,0.0,0
ENSG00000121406.8,ZNF549,0.0,0.0,0
ENSG00000152439.12,ZNF773,0.0,0.0,0
ENSG00000105136.20,ZNF419,0.0,0.0,0
ENSG00000196867.7,ZFP28,0.0,0.0,0
ENSG00000276578.1,LLNLR-285B5.1,0.0,0.0,0
ENSG00000166770.10,ZNF667-AS1,0.0,0.0,0
ENSG00000198440.9,ZNF583,0.0,0.00043293549,1
ENSG00000267459.1,AC006116.27,0.0,0.0,0
ENSG00000267776.1,AC006116.24,0.0,0.0,0
ENSG00000018869.16,ZNF582,0.0,0.0,0
ENSG00000240225.10,ZNF542P,0.0,0.0,0
ENSG00000167685.14,ZNF444,0.0,0.0,0
ENSG00000142409.5,ZNF787,0.0,0.0,0
ENSG00000063245.14,EPN1,0.0,0.0,0
ENSG00000063244.12,U2AF2,0.0,0.0,0
ENSG00000173581.7,CCDC106,0.0,0.0,0
ENSG00000171425.9,ZNF581,0.0,0.0,0
ENSG00000179922.5,ZNF784,0.0,0.0,0
ENSG00000261221.3,ZNF865,0.0,0.0,0
ENSG00000196263.7,ZNF471,0.0,0.0,0
ENSG00000197016.11,ZNF470,0.0,0.0,0
ENSG00000197128.11,ZNF772,0.0,0.0,0
ENSG00000197951.8,ZNF71,0.0,0.0,0
ENSG00000178201.4,VN1R1,0.0,0.0,0
ENSG00000186230.6,ZNF749,0.0,0.0,0
ENSG00000186272.12,ZNF17,0.0,0.0,0
ENSG00000188785.11,ZNF548,0.0,0.0,0
ENSG00000256060.2,TRAPPC2B,0.0,0.0,0
ENSG00000152433.14,ZNF547,0.0,0.0,0
ENSG00000131845.14,ZNF304,0.0,0.0,0
ENSG00000178229.7,ZNF543,0.0,0.0,0
ENSG00000197714.8,ZNF460,0.0,0.0,0
ENSG00000204524.6,ZNF805,0.0,0.0,0
ENSG00000105146.12,AURKC,0.0,0.0,0
ENSG00000083844.10,ZNF264,0.0,0.0,0
ENSG00000198300.12,PEG3,0.0,0.0,0
ENSG00000269699.5,ZIM2,0.0,0.000403648,1
ENSG00000268568.1,AC007228.9,0.0,0.0,0
ENSG00000213801.4,ZNF321P,0.0,0.0,0
ENSG00000213793.5,ZNF888,0.0,0.0,0
ENSG00000182986.12,ZNF320,0.0,0.0,0
ENSG00000126464.13,PRR12,0.0,0.0,0
ENSG00000268677.1,CTB-33G10.6,0.0,0.0,0
ENSG00000224420.3,ADM5,0.0,0.0,0
ENSG00000126457.21,PRMT1,0.0,0.0,0
ENSG00000126453.9,BCL2L12,0.0,0.0,0
ENSG00000126456.15,IRF3,0.0,0.0,0
ENSG00000126461.14,SCAF1,0.0,0.0,0
ENSG00000126458.3,RRAS,0.0,0.0,0
ENSG00000126460.10,PRRG2,0.0,0.0,0
ENSG00000131401.11,NAPSB,0.0,0.0,0
ENSG00000142546.13,NOSIP,0.0,0.0,0
ENSG00000142552.7,RCN3,0.0,0.0,0
ENSG00000200530.1,SNORD35B,0.0,0.0,0
ENSG00000142534.6,RPS11,0.0,0.0,0
ENSG00000200259.1,SNORD35A,0.0,0.0,0
ENSG00000202503.1,SNORD34,0.0,0.0,0
ENSG00000199631.1,SNORD33,0.0,0.0,0
ENSG00000243829.1,CTB-33G10.1,0.0,0.0,0
ENSG00000196961.12,AP2A1,0.0,0.0,0
ENSG00000010361.13,FUZ,0.0,0.0,0
ENSG00000269194.1,AC006942.4,0.0,0.0,0
ENSG00000131398.13,KCNC3,0.0,0.0,0
ENSG00000105357.15,MYH14,0.0,0.0,0
ENSG00000142528.15,ZNF473,0.0,0.0,0
ENSG00000105053.10,VRK3,0.0,4.164382e-05,1
ENSG00000161640.15,SIGLEC11,0.0,0.0,0
ENSG00000169136.10,ATF5,0.0,0.0,0
ENSG00000213024.11,NUP62,0.0,0.0,0
ENSG00000104951.15,IL4I1,0.0,0.0,0
ENSG00000104946.12,TBC1D17,0.0,0.0,0
ENSG00000204673.10,AKT1S1,0.0,0.0,0
ENSG00000039650.11,PNKP,0.0,0.0,0
ENSG00000269352.1,PTOV1-AS2,0.0,0.0,0
ENSG00000268047.1,AC018766.6,0.0,0.0,0
ENSG00000104960.15,PTOV1,0.0,0.0,0
ENSG00000268006.1,PTOV1-AS1,0.0,0.0,0
ENSG00000201675.1,SNORD32A,0.0,0.0,0
ENSG00000142541.16,RPL13A,0.0,0.0,0
ENSG00000161618.9,ALDH16A1,0.0,0.0,0
ENSG00000104804.7,TULP2,0.0,0.0,0
ENSG00000105559.11,PLEKHA4,0.0,0.0010472715,1
ENSG00000087076.8,HSD17B14,0.0,0.0,0
ENSG00000105552.14,BCAT2,0.0,0.0,0
ENSG00000174951.10,FUT1,0.0,0.0,0
ENSG00000182264.8,IZUMO1,0.0,0.0,0
ENSG00000105538.9,RASIP1,0.0,0.0,0
ENSG00000176909.11,MAMSTR,0.0,0.0,0
ENSG00000176920.11,FUT2,0.0,0.0,0
ENSG00000063180.8,CA11,0.0,0.0,0
ENSG00000105516.10,DBP,0.0,0.0,0
ENSG00000063176.15,SPHK2,0.0,0.0,0
ENSG00000268093.1,AC022154.7,0.0,0.0,0
ENSG00000063177.12,RPL18,0.0,0.0,0
ENSG00000177202.2,SPACA4,0.0,0.0,0
ENSG00000105523.3,FAM83E,0.0,0.0,0
ENSG00000087074.7,PPP1R15A,0.0,0.0,0
ENSG00000104805.15,NUCB1,0.0,0.0,0
ENSG00000104872.10,PIH1D1,0.0,0.0,0
ENSG00000235191.1,NUCB1-AS1,0.0,0.0,0
ENSG00000074219.13,TEAD2,0.0,0.0,0
ENSG00000104894.11,CD37,0.0,0.0,0
ENSG00000063127.15,SLC6A16,0.0,0.0,0
ENSG00000130529.15,TRPM4,0.0,0.0,0
ENSG00000130528.11,HRC,0.0,0.0,0
ENSG00000177380.13,PPFIA3,0.0,0.0006500926,1
ENSG00000104863.11,LIN7B,0.0,0.0,0
ENSG00000104852.14,SNRNP70,0.0,0.0,0
ENSG00000225950.8,NTF4,0.0,0.0,0
ENSG00000104826.12,LHB,0.0,0.0,0
ENSG00000183207.13,RUVBL2,0.0,0.0,0
ENSG00000104812.14,GYS1,0.0,0.0,0
ENSG00000087086.14,FTL,0.0,0.0,0
ENSG00000087088.19,BAX,0.0,0.0,0
ENSG00000104808.7,DHDH,0.0,0.0,0
ENSG00000131408.13,NR1H2,0.0,0.0,0
ENSG00000131400.7,NAPSA,0.0,0.0,0
ENSG00000204604.9,ZNF468,0.0,0.0,0
ENSG00000176024.17,ZNF613,0.0,0.0,0
ENSG00000243680.1,RPL37P23,0.0,0.00029586017,1
ENSG00000204611.6,ZNF616,0.0,0.0,0
ENSG00000197608.11,ZNF841,0.0,0.0,0
ENSG00000256087.6,ZNF432,0.0,0.0,0
ENSG00000142556.18,ZNF614,0.0,0.0,0
ENSG00000197619.13,ZNF615,0.0,0.0,0
ENSG00000256683.6,ZNF350,0.0,0.0,0
ENSG00000198093.10,ZNF649,0.0,0.0,0
ENSG00000062822.12,POLD1,0.0,0.0,0
ENSG00000161551.14,ZNF577,0.0,0.0,0
ENSG00000187474.4,FPR3,0.0,0.0,0
ENSG00000171049.8,FPR2,0.0,0.000445008,2
ENSG00000105509.10,HAS1,0.0,0.0,0
ENSG00000208008.1,MIR125A,0.0,0.0,0
ENSG00000198972.3,MIRLET7E,0.0,0.0,0
ENSG00000254415.3,SIGLEC14,0.0,0.0,0
ENSG00000196267.12,ZNF836,0.0,0.0,0
ENSG00000105568.17,PPP2R1A,0.0,0.0,0
ENSG00000196214.10,ZNF766,0.0,0.0,0
ENSG00000198464.13,ZNF480,0.0,0.0,0
ENSG00000255875.2,CTD-2102P23.1,0.0,0.0,0
ENSG00000198538.10,ZNF28,0.0,0.0,0
ENSG00000189190.9,ZNF600,0.0,0.0,0
ENSG00000213020.9,ZNF611,0.0,0.0,0
ENSG00000269825.1,CTD-3099C6.9,0.0,0.0,0
ENSG00000167766.18,ZNF83,0.0,0.0,0
ENSG00000123870.10,ZNF137P,0.0,0.0,0
ENSG00000268886.1,CTD-3099C6.7,0.0,0.0,0
ENSG00000242255.1,RPL39P34,0.0,0.0,0
ENSG00000167562.12,ZNF701,0.0,0.0,0
ENSG00000198482.11,ZNF808,0.0,0.0,0
ENSG00000269349.1,CTD-3099C6.5,0.0,0.0,0
ENSG00000258405.9,ZNF578,0.0,0.0,0
ENSG00000167555.13,ZNF528,0.0,0.0,0
ENSG00000221923.8,ZNF880,0.0,0.0,0
ENSG00000105501.12,SIGLEC5,0.0,0.0,0
ENSG00000105497.7,ZNF175,0.0,0.0,0
ENSG00000105492.15,SIGLEC6,0.0,0.0,0
ENSG00000268906.1,CTC-518B2.9,0.0,6.7704284e-05,1
ENSG00000167757.13,KLK11,0.0,0.0,0
ENSG00000129451.11,KLK10,0.0,0.0,0
ENSG00000269495.1,CTB-147C22.8,0.0,0.0,0
ENSG00000167754.12,KLK5,0.0,0.0,0
ENSG00000167749.11,KLK4,0.0,0.0,0
ENSG00000221241.1,SNORD88A,0.0,0.0,0
ENSG00000105472.12,CLEC11A,0.0,0.0,0
ENSG00000131409.12,LRRC4B,0.0,0.0,0
ENSG00000204653.9,ASPDH,0.0,0.0,0
ENSG00000161677.11,JOSD2,0.0,0.0,0
ENSG00000268854.1,CTD-2545M3.2,0.0,0.0,0
ENSG00000161671.16,EMC10,0.0,0.0,0
ENSG00000142530.10,FAM71E1,0.0,0.0,0
ENSG00000086967.9,MYBPC2,0.0,0.0,0
ENSG00000269404.6,SPIB,0.0,0.0,0
ENSG00000186474.15,KLK12,0.0,0.0,0
ENSG00000167759.12,KLK13,0.0,0.00038269087,1
ENSG00000254521.6,SIGLEC12,0.0,0.0,0
ENSG00000129437.9,KLK14,0.0,0.00016224539,1
ENSG00000105366.15,SIGLEC8,0.0,0.0,0
ENSG00000255441.1,CTD-2616J11.2,0.0,0.0008051932,1
ENSG00000254760.1,CTD-2616J11.3,0.0,0.0,0
ENSG00000142512.14,SIGLEC10,0.0,0.0,0
ENSG00000262874.1,C19orf84,0.0,0.0,0
ENSG00000105374.9,NKG7,0.0,0.0,0
ENSG00000160318.6,CLDND2,0.0,0.0,0
ENSG00000105379.9,ETFB,0.0,0.0,0
ENSG00000267984.1,CTD-2616J11.9,0.0,0.0,0
ENSG00000267905.5,CTD-2616J11.16,0.0,0.0,0
ENSG00000186806.5,VSIG10L,0.0,0.0,0
ENSG00000105383.14,CD33,0.0,0.0,0
ENSG00000171101.13,SIGLEC17P,0.0,0.0,0
ENSG00000168995.13,SIGLEC7,0.0,0.0,0
ENSG00000129450.8,SIGLEC9,0.0,0.0,0
ENSG00000183844.16,FAM3B,0.0,0.0,0
ENSG00000157601.13,MX1,0.0,0.0,0
ENSG00000126264.9,HCST,0.0,0.0,0
ENSG00000001497.16,LAS1L,0.0,0.0,0
ENSG00000228328.2,RP11-516A11.1,0.0,0.0,0
ENSG00000079482.12,OPHN1,0.0,0.0,0
ENSG00000169083.16,AR,0.0,0.0,0
ENSG00000089472.16,HEPH,0.0,0.0,0
ENSG00000155659.14,VSIG4,0.0,0.0,0
ENSG00000274536.6,RP6-159A1.4,0.0,0.00081861595,2
ENSG00000147065.16,MSN,0.0,0.0,0
ENSG00000228158.2,TLE1P1,0.0,0.0,0
ENSG00000231831.1,MTHFD1P1,0.0,4.4247474e-05,1
ENSG00000102053.12,ZC3H12B,0.0,0.0,0
ENSG00000126970.15,ZC4H2,0.0,0.0,0
ENSG00000102043.15,MTMR8,0.0,0.0,0
ENSG00000184675.9,AMER1,0.0,0.0,0
ENSG00000131089.15,ARHGEF9,0.0,0.0,0
ENSG00000186767.6,SPIN4,0.0,0.0,0
ENSG00000198205.6,ZXDA,0.0,0.0,0
ENSG00000181704.11,YIPF6,0.0,0.0,0
ENSG00000236735.3,RPL31P63,0.0,0.0,0
ENSG00000130052.13,STARD8,0.0,0.0005989007,1
ENSG00000213740.2,SERBP1P1,0.0,0.0,0
ENSG00000196338.12,NLGN3,0.0,0.0,0
ENSG00000184634.15,MED12,0.0,0.0,0
ENSG00000204165.5,CXorf65,0.0,0.0,0
ENSG00000184481.16,FOXO4,0.0,0.0,0
ENSG00000147164.11,SNX12,0.0,0.0,0
ENSG00000230629.2,RPS23P8,0.0,0.0,0
ENSG00000082458.11,DLG3,0.0,0.0,0
ENSG00000090889.11,KIF4A,0.0,0.0,0
ENSG00000120509.10,PDZD11,0.0,0.0,0
ENSG00000186912.6,P2RY4,0.0,0.0,0
ENSG00000204195.3,AWAT1,0.0,0.0,0
ENSG00000220925.2,IGBP1-AS2,0.0,0.0,0
ENSG00000089289.15,IGBP1,0.0,0.0,0
ENSG00000181191.11,PJA1,0.0,0.0,0
ENSG00000090776.5,EFNB1,0.0,0.0,0
ENSG00000198455.4,ZXDB,0.0,0.0,0
ENSG00000165591.6,FAAH2,0.0,0.00024757016,1
ENSG00000204382.11,XAGE1B,0.0,0.0,0
ENSG00000072506.12,HSD17B10,0.0,0.0,0
ENSG00000102302.7,FGD1,0.0,0.0,0
ENSG00000158526.7,TSR2,0.0,0.0,0
ENSG00000196632.10,WNK3,0.0,0.0,0
ENSG00000184083.11,FAM120C,0.0,0.0,0
ENSG00000172943.19,PHF8,0.0,0.0,0
ENSG00000271886.1,MIR98,0.0,0.0,0
ENSG00000086758.15,HUWE1,0.0,0.0,0
ENSG00000158423.16,RIBC1,0.0,0.0,0
ENSG00000147059.8,SPIN2A,0.0,0.0,0
ENSG00000072501.17,SMC1A,0.0,0.0,0
ENSG00000124313.13,IQSEC2,0.0,0.0,0
ENSG00000126012.11,KDM5C,0.0,0.0,0
ENSG00000227329.2,RP11-258C19.4,0.0,0.0,0
ENSG00000231340.1,ACTG1P10,0.0,0.0,0
ENSG00000235224.1,RP11-236P24.1,0.0,0.0,0
ENSG00000184205.14,TSPYL2,0.0,0.0,0
ENSG00000130119.15,GNL3L,0.0,0.0,0
ENSG00000102316.16,MAGED2,0.0,0.0,0
ENSG00000221716.1,SNORA11,0.0,0.0,0
ENSG00000067445.20,TRO,0.0,0.0,0
ENSG00000186787.8,SPIN2B,0.0,0.0,0
ENSG00000237748.1,UQCRBP1,0.0,0.0,0
ENSG00000188021.8,UBQLN2,0.0,0.0,0
ENSG00000234135.2,RPL23AP83,0.0,0.00021364163,1
ENSG00000102349.17,KLF8,0.0,0.0,0
ENSG00000083750.12,RRAGB,0.0,0.0001121513,1
ENSG00000247746.4,USP51,0.0,0.0,0
ENSG00000187601.4,MAGEH1,0.0,0.0,0
ENSG00000182518.13,FAM104B,0.0,0.0,0
ENSG00000234068.6,PAGE2,0.0,0.0,0
ENSG00000238269.8,PAGE2B,0.0,0.0,0
ENSG00000158578.18,ALAS2,0.0,0.0,0
ENSG00000169188.4,APEX2,0.0,0.0,0
ENSG00000158571.10,PFKFB1,0.0,0.0,0
ENSG00000221750.1,SNORA11,0.0,0.0,0
ENSG00000169562.9,GJB1,0.0,0.0,0
ENSG00000147130.14,ZMYM3,0.0,0.0,0
ENSG00000147166.10,ITGB1BP2,0.0,0.0,0
ENSG00000187325.4,TAF9B,0.0,0.0,0
ENSG00000131171.12,SH3BGRL,0.0,0.0008278058,1
ENSG00000198157.10,HMGN5,0.0,0.0,0
ENSG00000225715.1,RP11-325E14.5,0.0,0.0,0
ENSG00000165288.10,BRWD3,0.0,0.0,0
ENSG00000078596.10,ITM2A,0.0,0.0,0
ENSG00000078589.12,P2RY10,0.0,0.0,0
ENSG00000173198.5,CYSLTR1,0.0,0.0,0
ENSG00000102144.13,PGK1,0.0,0.0,0
ENSG00000224208.1,AL590762.6,0.0,0.00033561158,3
ENSG00000165240.18,ATP7A,0.0,0.0,0
ENSG00000131174.4,COX7B,0.0,0.0,0
ENSG00000102158.19,MAGT1,0.0,0.0,0
ENSG00000085224.21,ATRX,0.0,0.0,0
ENSG00000198934.4,MAGEE1,0.0,0.0,0
ENSG00000102390.10,PBDC1,0.0,0.0,0
ENSG00000215105.4,TTC3P1,0.0,0.0,0
ENSG00000072133.10,RPS6KA6,0.0,0.0,0
ENSG00000165259.13,HDX,0.0,0.0,0
ENSG00000155008.13,APOOL,0.0,0.0,0
ENSG00000184788.12,SATL1,0.0,0.0,0
ENSG00000000003.14,TSPAN6,0.0,0.0,0
ENSG00000000005.5,TNMD,0.0,0.0,0
ENSG00000165194.15,PCDH19,0.0,0.0,0
ENSG00000204086.4,RPA4,0.0,0.0,0
ENSG00000147202.17,DIAPH2,0.0,0.0,0
ENSG00000179083.6,FAM133A,0.0,0.0,0
ENSG00000186310.9,NAP1L3,0.0,0.0,0
ENSG00000229132.2,EIF4A1P10,0.0,6.972033e-05,1
ENSG00000102290.22,PCDH11X,0.0,0.0,0
ENSG00000174740.7,PABPC5,0.0,0.0,0
ENSG00000237506.3,RPSAP15,0.0,0.0,0
ENSG00000102271.13,KLHL4,0.0,0.0,0
ENSG00000188419.13,CHM,0.0,0.0,0
ENSG00000124429.17,POF1B,0.0,0.0,0
ENSG00000147180.16,ZNF711,0.0,0.0,0
ENSG00000233254.1,RPL21P134,0.0,0.0,0
ENSG00000094841.13,UPRT,0.0,0.0,0
ENSG00000131269.15,ABCB7,0.0,0.0,0
ENSG00000270641.1,TSIX,0.0,0.0,0
ENSG00000186462.8,NAP1L2,0.0,0.0,0
ENSG00000067177.14,PHKA1,0.0,0.0,0
ENSG00000147099.19,HDAC8,0.0,0.0,0
ENSG00000125931.10,CITED1,0.0,0.0,0
ENSG00000198034.10,RPS4X,0.0,0.0,0
ENSG00000186871.6,ERCC6L,0.0,0.0,0
ENSG00000102309.12,PIN4,0.0,0.0,0
ENSG00000242732.4,RGAG4,0.0,0.0,0
ENSG00000196933.5,RPS26P11,0.0,0.0,0
ENSG00000204131.9,NHSL2,0.0,0.0024237076,1
ENSG00000186810.7,CXCR3,0.0,0.0,0
ENSG00000147174.11,GCNA,0.0,0.0,0
ENSG00000147162.13,OGT,0.0,0.0,0
ENSG00000213018.2,AL590762.11,0.0,0.0,0
ENSG00000147133.15,TAF1,0.0,0.0,0
ENSG00000204116.11,CHIC1,0.0,0.0,0
ENSG00000229807.10,XIST,0.0,0.0,0
ENSG00000131263.12,RLIM,0.0,0.0,0
ENSG00000277577.1,Xist_exon4,0.0,0.0,0
ENSG00000230673.3,PABPC1P3,0.0,0.0,0
ENSG00000231206.2,HNRNPA1P25,0.0,0.0,0
ENSG00000147100.10,SLC16A2,0.0,0.0,0
ENSG00000207820.1,MIR545,0.0,0.0,0
ENSG00000228492.2,RAB11FIP1P1,0.0,0.0,0
ENSG00000204113.6,BMP2KL,0.0,0.0,0
ENSG00000231549.1,USMG5P1,0.0,0.0,0
ENSG00000224430.2,MKRN5P,0.0,0.0,0
ENSG00000230986.1,DDX3P2,0.0,0.0,0
ENSG00000232928.2,DDX3P1,0.0,0.0,0
ENSG00000223650.1,UHRF2P1,0.0,0.0,0
ENSG00000234969.1,RP13-33H18.1,0.0,0.0,0
ENSG00000203397.2,RP13-36G14.3,0.0,0.0,0
ENSG00000233984.1,RPSAP14,0.0,0.0,0
ENSG00000278039.1,Xist_exon1,0.0,0.0,0
ENSG00000184194.5,GPR173,0.0,0.0,0
ENSG00000204379.10,XAGE1A,0.0,0.0,0
ENSG00000102362.15,SYTL4,0.0,0.0,0
ENSG00000147027.3,TMEM47,0.0,0.0,0
ENSG00000147041.11,SYTL5,0.0,0.0,0
ENSG00000165169.10,DYNLT3,0.0,0.0,0
ENSG00000165168.7,CYBB,0.0,0.0,0
ENSG00000047597.5,XK,0.0,0.0,0
ENSG00000130962.17,PRRG1,0.0,0.0,0
ENSG00000223723.1,BX842568.2,0.0,0.0,0
ENSG00000165164.13,CFAP47,0.0,0.0,0
ENSG00000226781.1,TBCAP1,0.0,0.00039638527,1
ENSG00000099399.5,MAGEB2,0.0,0.0,0
ENSG00000236285.1,NPM1P8,0.0,0.0,0
ENSG00000198947.15,DMD,0.0,0.0,0
ENSG00000235512.1,TAB3-AS2,0.0,0.0,0
ENSG00000157625.15,TAB3,0.0,0.0,0
ENSG00000243055.1,GK-AS1,0.0,0.0,0
ENSG00000198814.12,GK,0.0,0.0,0
ENSG00000232368.1,FTLP2,0.0,1.6122722e-05,1
ENSG00000101955.14,SRPX,0.0,0.001516168,1
ENSG00000156313.12,RPGR,0.0,0.0,0
ENSG00000036473.6,OTC,0.0,0.0,0
ENSG00000156298.12,TSPAN7,0.0,8.9479014e-05,1
ENSG00000069535.13,MAOB,0.0,7.0843926e-05,1
ENSG00000189221.9,MAOA,0.0,0.0,0
ENSG00000171657.5,GPR82,0.0,0.0,0
ENSG00000171659.13,GPR34,0.0,0.0,0
ENSG00000217624.2,RP11-204C16.4,0.0,0.0,0
ENSG00000147044.20,CASK,0.0,0.0,0
ENSG00000215301.9,DDX3X,0.0,0.0,0
ENSG00000124486.12,USP9X,0.0,0.0,0
ENSG00000234636.2,MED14OS,0.0,0.0,0
ENSG00000180182.10,MED14,0.0,0.0,0
ENSG00000185753.12,CXorf38,0.0,0.0,0
ENSG00000182220.14,ATP6AP2,0.0,0.0,0
ENSG00000183337.16,BCOR,0.0,0.0,0
ENSG00000228232.1,GAPDHP1,0.0,0.0,0
ENSG00000165175.15,MID1IP1,0.0,0.0011299605,1
ENSG00000120280.5,CXorf21,0.0,0.0,0
ENSG00000228519.3,RP11-298C3.2,0.0,0.0,0
ENSG00000155622.6,XAGE2,0.0,0.0,0
ENSG00000131828.13,PDHA1,0.0,0.0,0
ENSG00000177189.12,RPS6KA3,0.0,0.0,0
ENSG00000201592.1,snoU2_19,0.0,0.0,0
ENSG00000173674.10,EIF1AX,0.0,0.0,0
ENSG00000184368.15,MAP7D2,0.0,0.0,0
ENSG00000173681.16,CXorf23,0.0,0.0,0
ENSG00000147010.17,SH3KBP1,0.0,0.0,0
ENSG00000180815.14,MAP3K15,0.0,0.0,0
ENSG00000173698.17,ADGRG2,0.0,0.0,0
ENSG00000232472.1,EEF1B2P3,0.0,0.00036688853,1
ENSG00000044446.11,PHKA2,0.0,0.0,0
ENSG00000237836.5,PHKA2-AS1,0.0,0.0,0
ENSG00000086717.18,PPEF1,0.0,0.0,0
ENSG00000008086.11,CDKL5,0.0,0.0,0
ENSG00000131831.17,RAI2,0.0,0.0021018044,1
ENSG00000047634.14,SCML1,0.0,0.00040371862,1
ENSG00000188158.14,NHS,0.0,0.0,0
ENSG00000149970.14,CNKSR2,0.0,0.0,0
ENSG00000091482.5,SMPX,0.0,0.0,0
ENSG00000012174.11,MBTPS2,0.0,0.0,0
ENSG00000230797.2,YY2,0.0,0.0,0
ENSG00000251869.1,SCARNA23,0.0,0.0,0
ENSG00000101868.10,POLA1,0.0,0.0,0
ENSG00000067992.12,PDK3,0.0,0.0,0
ENSG00000130741.10,EIF2S3,0.0,0.0,0
ENSG00000174010.9,KLHL15,0.0,0.0,0
ENSG00000238103.4,RPL9P7,0.0,0.0,0
ENSG00000184831.13,APOO,0.0,0.0,0
ENSG00000130066.16,SAT1,0.0,0.0,0
ENSG00000123130.16,ACOT9,0.0,0.0,0
ENSG00000123131.12,PRDX4,0.0,0.0,0
ENSG00000226774.1,RP11-654E17.2,0.0,0.0,0
ENSG00000165186.11,PTCHD1,0.0,0.0,0
ENSG00000174028.6,FAM3C2,0.0,0.0,0
ENSG00000102174.8,PHEX,0.0,0.0,0
ENSG00000102172.15,SMS,0.0,0.00043965396,1
ENSG00000183690.12,EFHC2,0.0,0.0,0
ENSG00000214018.3,RRM2P3,0.0,0.0,0
ENSG00000069509.5,FUNDC1,0.0,0.0,0
ENSG00000126768.12,TIMM17B,0.0,0.0,0
ENSG00000068323.16,TFE3,0.0,0.0,0
ENSG00000068400.13,GRIPAP1,0.0,0.0,0
ENSG00000102057.9,KCND1,0.0,0.0,0
ENSG00000068308.13,OTUD5,0.0,0.0,0
ENSG00000102096.9,PIM2,0.0,0.0,0
ENSG00000102100.15,SLC35A2,0.0,0.0,0
ENSG00000102103.15,PQBP1,0.0,0.0,0
ENSG00000102109.8,PCSK1N,0.0,0.0,0
ENSG00000147050.14,KDM6A,0.0,0.0,0
ENSG00000094631.18,HDAC6,0.0,0.0,0
ENSG00000102145.13,GATA1,0.0,0.0,0
ENSG00000233585.1,AC115617.2,0.0,0.0,0
ENSG00000232828.1,AF196970.3,0.0,0.0,0
ENSG00000101945.16,SUV39H1,0.0,0.0,0
ENSG00000015285.10,WAS,0.0,0.0,0
ENSG00000101940.17,WDR13,0.0,0.0,0
ENSG00000147144.12,CCDC120,0.0,0.0,0
ENSG00000243279.3,PRAF2,0.0,0.0,0
ENSG00000196998.17,WDR45,0.0,0.0,0
ENSG00000068394.10,GPKOW,0.0,0.0,0
ENSG00000179222.17,MAGED1,0.0,0.0,0
ENSG00000158352.15,SHROOM4,0.0,0.0,0
ENSG00000147082.17,CCNB3,0.0,0.0,0
ENSG00000171365.15,CLCN5,0.0,5.9160917e-05,1
ENSG00000273820.1,USP27X,0.0,0.0,0
ENSG00000189064.8,GAGE2A,0.0,0.0,0
ENSG00000049769.12,PPP1R3F,0.0,0.0,0
ENSG00000049768.14,FOXP3,0.0,0.0,0
ENSG00000101997.12,CCDC22,0.0,0.0,0
ENSG00000230216.1,HSPB1P2,0.0,0.0,0
ENSG00000102001.12,CACNA1F,0.0,0.0,0
ENSG00000102003.10,SYP,0.0,0.0,0
ENSG00000012211.12,PRICKLE3,0.0,0.0,0
ENSG00000102007.10,PLP2,0.0,0.0,0
ENSG00000269313.5,MAGIX,0.0,0.0,0
ENSG00000102317.17,RBM3,0.0,0.0,0
ENSG00000204620.3,RP11-1148L6.9,0.0,0.0,0
ENSG00000068354.15,TBC1D25,0.0,0.0,0
ENSG00000102226.9,USP11,0.0,0.0,0
ENSG00000224975.1,INE1,0.0,0.0028959883,1
ENSG00000130985.16,UBA1,0.0,0.0,0
ENSG00000182872.15,RBM10,0.0,0.0,0
ENSG00000147123.10,NDUFB11,0.0,0.0,0
ENSG00000130988.12,RGN,0.0,0.0,0
ENSG00000102221.13,JADE3,0.0,0.0,0
ENSG00000102218.5,RP2,0.0,0.0,0
ENSG00000215284.2,RP11-198M15.1,0.0,0.0,0
ENSG00000147119.3,CHST7,0.0,0.0,0
ENSG00000251192.7,ZNF674,0.0,0.0,0
ENSG00000224072.1,RP11-75A9.3,0.0,0.0,0
ENSG00000147121.15,KRBOX4,0.0,0.0,0
ENSG00000235587.2,GAPDHP65,0.0,0.0,0
ENSG00000207870.1,MIR221,0.0,0.0,0
ENSG00000147113.16,CXorf36,0.0,0.0,0
ENSG00000102225.15,CDK16,0.0,0.0,0
ENSG00000147124.12,ZNF41,0.0,0.0,0
ENSG00000147155.10,EBP,0.0,0.0,0
ENSG00000196741.5,LINC01560,0.0,0.0,0
ENSG00000102312.21,PORCN,0.0,0.0,0
ENSG00000068438.14,FTSJ1,0.0,0.0,0
ENSG00000017483.14,SLC38A5,0.0,0.0,0
ENSG00000221994.10,ZNF630,0.0,0.0,0
ENSG00000147118.11,ZNF182,0.0,0.0,0
ENSG00000224401.2,RPL7P57,0.0,0.0001657703,1
ENSG00000197779.13,ZNF81,0.0,0.0,0
ENSG00000188459.4,WASF4P,0.0,0.0,0
ENSG00000126756.11,UXT,0.0,0.0,0
ENSG00000126767.17,ELK1,0.0,0.0,0
ENSG00000126759.13,CFP,0.0,8.113672e-05,1
ENSG00000102265.11,TIMP1,0.0,0.0,0
ENSG00000008056.13,SYN1,0.0,0.0,0
ENSG00000078061.12,ARAF,0.0,0.0,0
ENSG00000235636.1,NUS1P1,0.0,0.0,0
ENSG00000102359.6,SRPX2,0.0,0.0,0
ENSG00000101811.13,CSTF2,0.0,0.0,0
ENSG00000228318.3,AP001610.5,0.0,0.0,0
ENSG00000160131.13,VMA21,0.0,0.0,0
ENSG00000213401.9,MAGEA12,0.0,0.00010654039,1
ENSG00000198930.12,CSAG1,0.0,9.323933e-05,1
ENSG00000221867.8,MAGEA3,0.0,0.0,0
ENSG00000011677.12,GABRA3,0.0,0.0,0
ENSG00000284363.1,MIR224,0.0,0.0,0
ENSG00000102287.18,GABRE,0.0,0.0,0
ENSG00000147381.11,MAGEA4,0.0,0.0,0
ENSG00000102195.9,GPR50,0.0,0.0,0
ENSG00000235703.5,LINC00894,0.0,0.0,0
ENSG00000029993.14,HMGB3,0.0,0.0,0
ENSG00000228728.1,RP11-316K19.3,0.0,0.0,0
ENSG00000102181.20,CD99L2,0.0,0.0,0
ENSG00000063601.16,MTMR1,0.0,0.0,0
ENSG00000171100.14,MTM1,0.0,0.0,0
ENSG00000013619.13,MAMLD1,0.0,0.0,0
ENSG00000234825.3,XRCC6P2,0.0,0.0,0
ENSG00000268916.6,CSAG3,0.0,0.0,0
ENSG00000197172.10,MAGEA6,0.0,0.00015413213,1
ENSG00000147400.8,CETN2,0.0,0.0,0
ENSG00000147383.10,NSDHL,0.0,0.0,0
ENSG00000067840.12,PDZD4,0.0,0.0,0
ENSG00000067829.18,IDH3G,0.0,0.0,0
ENSG00000184343.10,SRPK3,0.0,0.0,0
ENSG00000198753.11,PLXNB3,0.0,0.0,0
ENSG00000101986.11,ABCD1,0.0,0.0,0
ENSG00000185825.15,BCAP31,0.0,0.0,0
ENSG00000130821.15,SLC6A8,0.0,0.0,0
ENSG00000130829.17,DUSP9,0.0,0.0,0
ENSG00000262919.7,FAM58A,0.0,0.0,0
ENSG00000182492.15,BGN,0.0,0.0,0
ENSG00000213397.10,HAUS7,0.0,0.0,0
ENSG00000183479.12,TREX2,0.0,0.0,0
ENSG00000198681.6,MAGEA1,0.0,0.0,0
ENSG00000183837.9,PNMA3,0.0,0.0,0
ENSG00000147394.18,ZNF185,0.0,0.0,0
ENSG00000183171.5,RP11-49C9.2,0.0,0.0,0
ENSG00000197021.8,CXorf40B,0.0,0.0,0
ENSG00000134590.13,FAM127A,0.0,0.0,0
ENSG00000022267.16,FHL1,0.0,0.0,0
ENSG00000147274.14,RBMX,0.0,0.0,0
ENSG00000225400.1,RAB28P5,0.0,0.0,0
ENSG00000129675.15,ARHGEF6,0.0,0.0,0
ENSG00000102245.7,CD40LG,0.0,0.0,0
ENSG00000102243.12,VGLL1,0.0,0.0,0
ENSG00000102241.11,HTATSF1,0.0,0.0,0
ENSG00000129680.15,MAP7D3,0.0,0.0,0
ENSG00000198689.10,SLC9A6,0.0,0.0,0
ENSG00000185247.14,MAGEA11,0.0,0.0,0
ENSG00000169446.5,MMGT1,0.0,0.0,0
ENSG00000181433.9,SAGE1,0.0,0.0,0
ENSG00000269586.7,CT45A10,0.0,0.0,0
ENSG00000268940.5,CT45A1,0.0,0.0,0
ENSG00000165359.15,INTS6L,0.0,0.0,0
ENSG00000173275.12,ZNF449,0.0,0.0,0
ENSG00000186376.14,ZNF75D,0.0,0.0,0
ENSG00000206979.1,SNORD61,0.0,0.0,0
ENSG00000237307.2,SRRM1P3,0.0,0.0,0
ENSG00000101974.14,ATP11C,0.0,0.0,0
ENSG00000203930.10,LINC00632,0.0,0.0,0
ENSG00000269556.7,TMEM185A,0.0,0.0,0
ENSG00000197620.10,CXorf40A,0.0,0.0,0
ENSG00000176289.4,IDSP1,0.0,0.0,0
ENSG00000238039.1,AF011889.2,0.0,0.0,0
ENSG00000010404.17,IDS,0.0,0.0,0
ENSG00000155966.13,AFF2,0.0,0.0,0
ENSG00000219507.4,FTH1P8,0.0,0.0,0
ENSG00000102081.13,FMR1,0.0,0.0,0
ENSG00000207589.1,MIR508,0.0,0.0,0
ENSG00000207873.1,MIR513A1,0.0,0.0,0
ENSG00000155495.8,MAGEC1,0.0,0.0,0
ENSG00000182195.7,LDOC1,0.0,0.0,0
ENSG00000227234.1,SPANXB1,0.0,0.0,0
ENSG00000281508.1,CDR1-AS,0.0,0.0,0
ENSG00000184258.6,CDR1,0.0,0.0,0
ENSG00000198910.12,L1CAM,0.0,0.0,0
ENSG00000126895.13,AVPR2,0.0,0.0,0
ENSG00000089820.15,ARHGAP4,0.0,0.0,0
ENSG00000067646.11,ZFY,0.0,0.0,0
ENSG00000183878.15,UTY,0.0,0.00016853683,1
ENSG00000067048.16,DDX3Y,0.0,0.0002117786,1
ENSG00000114374.12,USP9Y,0.0,0.0,0
ENSG00000235649.2,MXRA5Y,0.0,0.0,0
ENSG00000251705.1,RNA5-8SP6,0.0,0.0,0
ENSG00000099725.14,PRKY,0.0,0.0,0
ENSG00000092377.13,TBL1Y,0.0,0.0,0
ENSG00000129824.15,RPS4Y1,0.0,0.0,0
ENSG00000102030.15,NAA10,0.0,0.00027511,1
ENSG00000182484.15,WASH6P,0.0,0.0,0
ENSG00000124334.17,IL9R,0.0,0.0,0
ENSG00000124333.15,VAMP7,0.0,0.0,0
ENSG00000168939.11,SPRY3,0.0,0.0,0
ENSG00000185973.10,TMLHE,0.0,0.0,0
ENSG00000228986.1,RP13-228J13.8,0.0,0.0,0
ENSG00000225008.1,RP13-228J13.6,0.0,0.0,0
ENSG00000215414.4,PSMA6P1,0.0,0.0,0
ENSG00000165246.13,NLGN4Y,0.0,0.0,0
ENSG00000185275.6,CD24P4,0.0,0.0,0
ENSG00000131002.11,TXLNGY,0.0,0.0,0
ENSG00000198695.2,MT-ND6,0.0,0.0,0
ENSG00000198786.2,MT-ND5,0.0,0.0,0
ENSG00000212907.2,MT-ND4L,0.0,0.00018064238,1
ENSG00000198840.2,MT-ND3,0.0,0.00018374895,1
ENSG00000198938.2,MT-CO3,0.0,0.0,0
ENSG00000198899.2,MT-ATP6,0.0,0.0,0
ENSG00000228253.1,MT-ATP8,0.0,0.0,0
ENSG00000198712.1,MT-CO2,0.0,0.0,0
ENSG00000198804.2,MT-CO1,0.0,0.0,0
ENSG00000198763.3,MT-ND2,0.0,8.9281595e-05,1
ENSG00000198888.2,MT-ND1,0.0,0.0015656922,2
ENSG00000210082.2,MT-RNR2,0.0,0.0,0
ENSG00000211459.2,MT-RNR1,0.0,0.0,0
ENSG00000198692.9,EIF1AY,0.0,0.0,0
ENSG00000012817.15,KDM5D,0.0,0.0,0
ENSG00000155962.12,CLIC2,0.0,0.0,0
ENSG00000155959.10,VBP1,0.0,0.0,0
ENSG00000185515.14,BRCC3,0.0,0.0,0
ENSG00000130827.6,PLXNA3,0.0,0.0,0
ENSG00000203879.11,GDI1,0.0,0.0,0
ENSG00000071553.16,ATP6AP1,0.0,0.0,0
ENSG00000102125.15,TAZ,0.0,0.0,0
ENSG00000013563.13,DNASE1L1,0.0,0.0,0
ENSG00000207165.1,SNORA70,0.0,0.0,0
ENSG00000280195.1,XX-FW83563B9.5,0.0,0.0,0
ENSG00000147403.16,RPL10,0.0,0.0,0
ENSG00000102119.10,EMD,0.0,8.4249674e-05,1
ENSG00000196924.14,FLNA,0.0,0.0,0
ENSG00000007350.16,TKTL1,0.0,0.0003073797,1
ENSG00000169057.21,MECP2,0.0,0.00012477484,1
ENSG00000184216.13,IRAK1,0.0,0.0,0
ENSG00000177854.7,TMEM187,0.0,0.0,0
ENSG00000172534.13,HCFC1,0.0,0.0,0
ENSG00000102032.12,RENBP,0.0,0.0,0
ENSG00000071859.14,FAM50A,0.0,0.0,0
ENSG00000196976.7,LAGE3,0.0,0.0,0
ENSG00000214827.9,MTCP1,0.0,0.0,0
ENSG00000102178.12,UBL4A,0.0,0.0,0
ENSG00000182712.15,CMC4,0.0,0.0,0
ENSG00000165775.17,FUNDC2,0.0,0.0,0
ENSG00000221533.1,MIR1184-1,0.0,0.0,0
ENSG00000277203.1,F8A1,0.0,0.0,0
ENSG00000185010.13,F8,0.0,0.0,0
ENSG00000229237.2,HMGN1P37,0.0,0.0,0
ENSG00000130830.14,MPP1,0.0,0.0,0
ENSG00000206693.1,SNORA56,0.0,0.0,0
ENSG00000206948.1,SNORA36A,0.0,0.0,0
ENSG00000130826.17,DKC1,0.0,0.0,0
ENSG00000160219.11,GAB3,0.0,0.0,0
ENSG00000269335.5,IKBKG,0.0,4.909141e-05,1
ENSG00000160211.15,G6PD,0.0,0.0,0
ENSG00000071889.16,FAM3A,0.0,0.0,0
ENSG00000126903.15,SLC10A3,0.0,0.0,0
ENSG00000203950.6,FAM127B,0.0,0.0,0
ENSG00000212747.4,FAM127C,0.0,0.0,0
ENSG00000202231.1,SNORA9,0.0,0.0,0
ENSG00000276298.1,LL0XNC01-116E7.5,0.0,0.0,0
ENSG00000133138.19,TBC1D8B,0.0,0.0,0
ENSG00000133135.13,RNF128,0.0,0.0,0
ENSG00000147231.13,CXorf57,0.0,0.0,0
ENSG00000123572.16,NRK,0.0,0.0,0
ENSG00000189108.12,IL1RAPL2,0.0,0.0,0
ENSG00000123575.8,FAM199X,0.0,0.0,0
ENSG00000166707.10,ZCCHC18,0.0,0.0,0
ENSG00000123560.13,PLP1,0.0,0.0,0
ENSG00000133134.11,BEX2,0.0,6.470368e-05,1
ENSG00000123562.16,MORF4L2,0.0,0.0,0
ENSG00000172465.13,TCEAL1,0.0,0.0,0
ENSG00000133142.17,TCEAL4,0.0,0.0,0
ENSG00000172476.4,RAB40A,0.0,0.0,0
ENSG00000234405.1,LL0XNC01-250H12.3,0.0,0.0,0
ENSG00000166681.13,BEX3,0.0,0.0,0
ENSG00000185222.8,TCEAL9,0.0,0.0,0
ENSG00000133131.14,MORC4,0.0,0.0002166973,1
ENSG00000165376.10,CLDN2,0.0,0.0,0
ENSG00000089682.16,RBM41,0.0,5.1149837e-05,1
ENSG00000198088.10,NUP62CL,0.0,0.0,0
ENSG00000101938.14,CHRDL1,0.0,0.0,0
ENSG00000101935.9,AMMECR1,0.0,0.0,0
ENSG00000157600.11,TMEM164,0.0,0.0,0
ENSG00000068366.19,ACSL4,0.0,0.0,0
ENSG00000101888.11,NXT2,0.0,0.0,0
ENSG00000133124.11,IRS4,0.0,0.0,0
ENSG00000188153.12,COL4A5,0.0,0.0,0
ENSG00000197565.15,COL4A6,0.0,0.0,0
ENSG00000101844.17,ATG4A,0.0,0.0,0
ENSG00000101843.18,PSMD10,0.0,0.0,0
ENSG00000080561.13,MID2,0.0,0.0,0
ENSG00000157514.16,TSC22D3,0.0,0.0,0
ENSG00000147224.10,PRPS1,0.0,0.0,0
ENSG00000147234.10,FRMPD3,0.0,0.0,0
ENSG00000213569.4,RP13-383K5.4,0.0,0.0,0
ENSG00000182916.7,TCEAL7,0.0,0.0,0
ENSG00000204065.2,TCEAL5,0.0,0.00011825587,1
ENSG00000101928.12,MOSPD1,0.0,0.0,0
ENSG00000102385.12,DRP2,0.0,0.0,0
ENSG00000234557.2,RP1-164F3.8,0.0,0.0,0
ENSG00000196440.11,ARMCX4,0.0,0.0,0
ENSG00000126945.8,HNRNPH2,0.0,0.0,0
ENSG00000102393.9,GLA,0.0,0.0,0
ENSG00000241343.9,RPL36A,0.0,0.0,0
ENSG00000010671.15,BTK,0.0,0.0,0
ENSG00000126953.5,TIMM8A,0.0,0.0,0
ENSG00000102384.13,CENPI,0.0,0.0,0
ENSG00000180964.16,TCEAL8,0.0,0.0,0
ENSG00000188917.14,TRMT2B,0.0,0.0,0
ENSG00000174225.14,ARL13A,0.0,0.0,0
ENSG00000182574.8,RP3-341D10.1,0.0,0.0,0
ENSG00000182489.8,XKRX,0.0,0.0,0
ENSG00000179031.8,LL0XNC01-131B10.2,0.0,0.0,0
ENSG00000233680.4,HNRNPA1P27,0.0,0.0,0
ENSG00000239345.2,HNRNPA1P26,0.0,0.0,0
ENSG00000237682.2,RP3-514P16.1,0.0,0.0,0
ENSG00000126947.12,ARMCX1,0.0,0.0,0
ENSG00000198960.10,ARMCX6,0.0,0.0,0
ENSG00000102401.19,ARMCX3,0.0,0.0,0
ENSG00000102409.9,BEX4,0.0,0.0,0
ENSG00000147206.16,NXF3,0.0,0.0,0
ENSG00000133169.5,BEX1,0.0,0.0,0
ENSG00000234050.1,LL0XNC01-237H1.3,0.0,0.0,0
ENSG00000102128.8,RAB40AL,0.0,0.0,0
ENSG00000198908.11,BHLHB9,0.0,0.0,0
ENSG00000158301.18,GPRASP2,0.0,0.0,0
ENSG00000198932.12,GPRASP1,0.0,0.0,0
ENSG00000125962.14,ARMCX5,0.0,0.0,0
ENSG00000158164.6,TMSB15A,0.0,0.0,0
ENSG00000184515.10,BEX5,0.0,0.0,0
ENSG00000184905.8,TCEAL2,0.0,0.0,0
ENSG00000166432.14,ZMAT1,0.0,0.0,0
ENSG00000178146.9,RP1-232L22__B.1,0.0,0.0,0
ENSG00000184867.13,ARMCX2,0.0,0.0,0
ENSG00000077264.14,PAK3,0.0,0.0,0
ENSG00000077274.8,CAPN6,0.0,0.0,0
ENSG00000225031.1,EIF4BP7,0.0,0.0005405277,1
ENSG00000171388.11,APLN,0.0,0.0,0
ENSG00000156709.13,AIFM1,0.0,0.0,0
ENSG00000102034.16,ELF4,0.0,0.0,0
ENSG00000085185.15,BCORL1,0.0,0.0,0
ENSG00000156697.12,UTP14A,0.0,0.0,0
ENSG00000188706.12,ZDHHC9,0.0,0.0,0
ENSG00000122122.9,SASH3,0.0,0.0,0
ENSG00000122121.10,XPNPEP2,0.0,0.0,0
ENSG00000122126.15,OCRL,0.0,0.0,0
ENSG00000101901.11,ALG13,0.0,0.0,0
ENSG00000226339.1,RPS26P56,0.0,0.0,0
ENSG00000009694.13,TENM1,0.0,0.0,0
ENSG00000183918.15,SH2D1A,0.0,0.0,0
ENSG00000101972.18,STAG2,0.0,0.0,0
ENSG00000101966.12,XIAP,0.0,0.0,0
ENSG00000232149.1,FERP1,0.0,0.0,0
ENSG00000125676.19,THOC2,0.0,0.0,0
ENSG00000134594.4,RAB33A,0.0,0.0,0
ENSG00000056277.15,ZNF280C,0.0,0.0,0
ENSG00000102078.15,SLC25A14,0.0,0.0,0
ENSG00000134597.15,RBMX2,0.0,0.0,0
ENSG00000156500.14,FAM122C,0.0,0.0,0
ENSG00000156504.16,FAM122B,0.0,0.0,0
ENSG00000165704.14,HPRT1,0.0,0.0,0
ENSG00000156531.16,PHF6,0.0,0.0,0
ENSG00000203952.9,CCDC160,0.0,0.0,0
ENSG00000227008.2,RP3-417G15.1,0.0,0.0,0
ENSG00000076716.8,GPC4,0.0,0.0,0
ENSG00000207100.1,SNORA8,0.0,0.0,0
ENSG00000171004.18,HS6ST2,0.0,0.0,0
ENSG00000076770.14,MBNL3,0.0,0.0010527006,1
ENSG00000123728.9,RAP2C,0.0,0.0,0
ENSG00000134602.15,STK26,0.0,0.0,0
ENSG00000171054.7,OR13H1,0.0,0.0,0
ENSG00000238188.1,RP5-875H3.2,0.0,0.0,0
ENSG00000165675.16,ENOX2,0.0,0.0,0
ENSG00000125675.17,GRIA3,0.0,0.0,0
ENSG00000234176.1,HSPA8P1,0.0,0.0,0
ENSG00000171155.7,C1GALT1C1,0.0,0.0,0
ENSG00000101856.9,PGRMC1,0.0,0.0,0
ENSG00000250995.1,RP13-128O4.3,0.0,0.0,0
ENSG00000131724.10,IL13RA1,0.0,0.0,0
ENSG00000147251.15,DOCK11,0.0,0.0,0
ENSG00000131725.13,WDR44,0.0,0.0,0
ENSG00000003096.14,KLHL13,0.0,0.0,0
ENSG00000213526.3,SETP8,0.0,0.0,0
ENSG00000204019.4,CT83,0.0,0.0,0
ENSG00000268104.2,SLC6A14,0.0,0.0,0
ENSG00000180772.6,AGTR2,0.0,0.0,0
ENSG00000228532.4,RP1-241P17.4,0.0,0.0,0
ENSG00000234785.1,EEF1GP5,0.0,0.0,0
ENSG00000102024.17,PLS3,0.0,0.0,0
ENSG00000130224.14,LRCH2,0.0,0.0,0
ENSG00000123496.7,IL13RA2,0.0,0.0,0
ENSG00000126016.15,AMOT,0.0,0.0,0
ENSG00000175556.16,LONRF3,0.0,0.0007079924,1
ENSG00000077713.18,SLC25A43,0.0,0.0,0
ENSG00000232119.7,MCTS1,0.0,0.0,0
ENSG00000005022.5,SLC25A5,0.0,0.0,0
ENSG00000158290.16,CUL4B,0.0,0.0,0
ENSG00000005893.15,LAMP2,0.0,0.0,0
ENSG00000125355.15,TMEM255A,0.0,0.0,0
ENSG00000177485.6,ZBTB33,0.0,0.0,0
ENSG00000101882.9,NKAP,0.0,0.0,0
ENSG00000186471.12,AKAP14,0.0,0.0,0
ENSG00000125356.6,NDUFA1,0.0,0.0,0
ENSG00000125352.5,RNF113A,0.0,0.0,0
ENSG00000125351.11,UPF3B,0.0,0.00013814039,1
ENSG00000206622.1,SNORA69,0.0,0.0,0
ENSG00000198918.7,RPL39,0.0,0.0,0
ENSG00000125354.22,6-Sep,0.0,0.0,0
ENSG00000186416.13,NKRF,0.0,0.0,0
ENSG00000077721.15,UBE2A,0.0,0.0,0
ENSG00000018610.13,CXorf56,0.0,0.0,0
ENSG00000214322.3,CBX1P2,0.0,0.0,0
ENSG00000169891.17,REPS2,0.0,0.0,0
ENSG00000102054.17,RBBP7,0.0,0.0,0
ENSG00000133460.19,SLC2A11,0.0,0.0,0
ENSG00000099991.17,CABIN1,0.0,0.0,0
ENSG00000250470.1,AP000351.3,0.0,0.0,0
ENSG00000099977.13,DDT,0.0,0.0,0
ENSG00000099974.7,DDTL,0.0,0.0,0
ENSG00000133433.10,GSTT2B,0.0,0.0,0
ENSG00000225282.1,AP000350.6,0.0,0.0,0
ENSG00000240972.1,MIF,0.0,0.0,0
ENSG00000099958.14,DERL3,0.0,0.0,0
ENSG00000244723.3,ASLP1,0.0,0.0,0
ENSG00000099956.18,SMARCB1,0.0,0.0,0
ENSG00000099953.9,MMP11,0.0,0.0,0
ENSG00000250479.8,CHCHD10,0.0,0.0,0
ENSG00000169314.14,C22orf15,0.0,0.0,0
ENSG00000128218.7,VPREB3,0.0,0.0,0
ENSG00000187792.4,ZNF70,0.0,0.0,0
ENSG00000159496.14,RGL4,0.0,0.0,0
ENSG00000099994.10,SUSD2,0.0,0.0,0
ENSG00000099998.17,GGT5,0.0,0.0,0
ENSG00000230712.2,GGTLC4P,0.0,0.0,0
ENSG00000128262.8,POM121L9P,0.0,0.0,0
ENSG00000206066.3,IGLL3P,0.0,0.0,0
ENSG00000100053.9,CRYBB3,0.0,0.0,0
ENSG00000271181.1,CTA-221G9.10,0.0,0.0,0
ENSG00000197077.13,KIAA1671,0.0,0.0,0
ENSG00000167037.18,SGSM1,0.0,0.0,0
ENSG00000284128.1,BCRP3,0.0,0.0,0
ENSG00000284233.1,KB-1995A5.4,0.0,0.0,0
ENSG00000178026.12,LRRC75B,0.0,0.0,0
ENSG00000100031.18,GGT1,0.0,0.0,0
ENSG00000100028.11,SNRPD3,0.0,0.0,0
ENSG00000138867.16,GUCD1,0.0,0.0,0
ENSG00000100024.14,UPB1,0.0,0.0,0
ENSG00000128271.21,ADORA2A,0.0,0.0,0
ENSG00000100014.19,SPECC1L,0.0,0.0,0
ENSG00000225098.1,BCRP1,0.0,0.00070519623,1
ENSG00000272578.5,AP000347.2,0.0,0.0,0
ENSG00000234353.2,AP000347.4,0.0,0.0,0
ENSG00000211651.3,IGLV1-44,0.0,0.0,0
ENSG00000211660.3,IGLV2-23,0.0,0.0,0
ENSG00000211669.2,IGLV3-10,0.0,0.0,0
ENSG00000211668.2,IGLV2-11,0.0,0.0,0
ENSG00000211667.2,IGLV3-12,0.0,0.0,0
ENSG00000211666.2,IGLV2-14,0.0,0.0,0
ENSG00000211665.2,IGLV3-16,0.0,0.0,0
ENSG00000211663.2,IGLV3-19,0.0,8.9602654e-05,1
ENSG00000211661.2,IGLV3-22,0.0,0.0,0
ENSG00000211659.2,IGLV3-25,0.0,0.0,0
ENSG00000133519.12,ZDHHC8P1,0.0,0.0,0
ENSG00000211658.2,IGLV3-27,0.0,0.0,0
ENSG00000211656.3,IGLV2-33,0.0,0.0,0
ENSG00000185686.17,PRAME,0.0,0.0,0
ENSG00000275004.3,ZNF280B,0.0,0.000501945,1
ENSG00000211655.3,IGLV1-36,0.0,0.0,0
ENSG00000211654.2,IGLV5-37,0.0,0.0,0
ENSG00000253818.1,IGLV1-41,0.0,0.0,0
ENSG00000278196.3,IGLV2-8,0.0,0.0,0
ENSG00000284049.1,MIR650,0.0,0.0,0
ENSG00000253234.1,IGLV2-5,0.0,0.0,0
ENSG00000211672.2,IGLV4-3,0.0,0.0,0
ENSG00000230701.2,FBXW4P1,0.0,0.0,0
ENSG00000186716.20,BCR,0.0,0.0,0
ENSG00000100228.12,RAB36,0.0,0.0,0
ENSG00000128266.8,GNAZ,0.0,0.0002756567,1
ENSG00000211685.3,IGLC7,0.0,0.0,0
ENSG00000222037.5,IGLC6,0.0,0.0,0
ENSG00000211682.2,IGLJ6,0.0,0.0,0
ENSG00000254030.1,IGLC5,0.0,0.0,0
ENSG00000211679.2,IGLC3,0.0,0.0,0
ENSG00000211678.2,IGLJ3,0.0,0.0,0
ENSG00000211677.2,IGLC2,0.0,0.0002089699,1
ENSG00000211676.2,IGLJ2,0.0,0.0,0
ENSG00000211675.2,IGLC1,0.0,0.0,0
ENSG00000211674.2,IGLJ1,0.0,0.0,0
ENSG00000211673.2,IGLV3-1,0.0,0.0,0
ENSG00000231466.2,CTA-246H3.11,0.0,0.0,0
ENSG00000100068.11,LRP5L,0.0,0.0,0
ENSG00000100058.12,CRYBB2P1,0.0,0.0,0
ENSG00000133488.14,SEC14L4,0.0,0.0,0
ENSG00000237977.1,EIF4HP2,0.0,0.0,0
ENSG00000184792.15,OSBP2,0.0,0.0,0
ENSG00000250318.1,CTA-963H5.5,0.0,0.0,0
ENSG00000167065.13,DUSP18,0.0,0.0,0
ENSG00000185339.8,TCN2,0.0,0.0,0
ENSG00000100029.17,PES1,0.0,0.0,0
ENSG00000128242.12,GAL3ST1,0.0,0.0,0
ENSG00000242114.5,MTFP1,0.0,0.0,0
ENSG00000100077.14,GRK3,0.0,0.0,0
ENSG00000100003.17,SEC14L2,0.0,0.0,0
ENSG00000099999.14,RNF215,0.0,0.0,0
ENSG00000187860.10,CCDC157,0.0,0.0,0
ENSG00000099995.18,SF3A1,0.0,0.0,0
ENSG00000099992.15,TBC1D10A,0.0,0.0,0
ENSG00000239282.7,GATSL3,0.0,0.0,0
ENSG00000268812.3,RP1-102K2.8,0.0,0.0,0
ENSG00000235989.3,MORC2-AS1,0.0,0.0,0
ENSG00000133422.12,MORC2,0.0,0.0,0
ENSG00000183963.18,SMTN,0.0,0.0,0
ENSG00000273387.1,RP3-412A9.16,0.0,0.0,0
ENSG00000100150.16,DEPDC5,0.0,0.0,0
ENSG00000183530.13,PRR14L,0.0,0.0,0
ENSG00000241878.11,PISD,0.0,0.0,0
ENSG00000214093.3,RP11-247I13.3,0.0,0.0,0
ENSG00000198089.15,SFI1,0.0,0.00014125685,1
ENSG00000240591.1,RP11-247I13.11,0.0,0.0,0
ENSG00000184708.17,EIF4ENIF1,0.0,0.0,0
ENSG00000185721.12,DRG1,0.0,0.0,0
ENSG00000213888.3,LINC01521,0.0,3.7788475e-05,1
ENSG00000100105.17,PATZ1,0.0,0.0,0
ENSG00000100100.12,PIK3IP1,0.0,0.0,0
ENSG00000182541.17,LIMK2,0.0,0.0,0
ENSG00000138942.15,RNF185,0.0,0.0,0
ENSG00000185133.13,INPP5J,0.0,0.0,0
ENSG00000198832.10,SELENOM,0.0,0.0,0
ENSG00000128342.4,LIF,0.0,0.0,0
ENSG00000227117.6,HORMAD2-AS1,0.0,0.0,0
ENSG00000279159.1,RP3-394A18.1,0.0,0.0,0
ENSG00000159873.9,CCDC117,0.0,0.0,0
ENSG00000183765.20,CHEK2,0.0,0.0,0
ENSG00000235954.6,TTC28-AS1,0.0,0.0,0
ENSG00000180957.17,PITPNB,0.0,0.0,0
ENSG00000169184.5,MN1,0.0,0.0,0
ENSG00000231369.1,RP1-40G4P.1,0.0,0.0,0
ENSG00000213707.2,HMGB1P10,0.0,0.0,0
ENSG00000221760.1,MIR548J,0.0,0.0,0
ENSG00000128294.15,TPST2,0.0,0.0,0
ENSG00000100109.16,TFIP11,0.0,0.0,0
ENSG00000100104.13,SRRD,0.0,0.0,0
ENSG00000100099.20,HPS4,0.0,0.0,0
ENSG00000128203.6,ASPHD2,0.0,0.0,0
ENSG00000100095.18,SEZ6L,0.0,0.0,0
ENSG00000133454.15,MYO18B,0.0,0.0,0
ENSG00000224003.1,YES1P1,0.0,0.0,0
ENSG00000100209.9,HSCB,0.0,0.0,0
ENSG00000100219.16,XBP1,0.0,0.0,0
ENSG00000100330.15,MTMR3,0.0,0.00014219685,1
ENSG00000183579.15,ZNRF3,0.0,0.0,0
ENSG00000100325.14,ASCC2,0.0,0.0,0
ENSG00000184076.13,UQCR10,0.0,0.0,0
ENSG00000100319.12,ZMAT5,0.0,1.829074e-05,1
ENSG00000233010.1,RPEP4,0.0,0.0,0
ENSG00000186575.17,NF2,0.0,0.00015976257,1
ENSG00000184117.11,NIPSNAP1,0.0,0.0009793725,1
ENSG00000100296.13,THOC5,0.0,0.0,0
ENSG00000100285.9,NEFH,0.0,0.0,0
ENSG00000242156.1,AC000041.8,0.0,0.0,0
ENSG00000100280.16,AP1B1,0.0,0.0,0
ENSG00000185340.15,GAS2L1,0.0,0.0,0
ENSG00000182944.17,EWSR1,0.0,0.0,0
ENSG00000100263.13,RHBDD3,0.0,0.0,0
ENSG00000186998.15,EMID1,0.0,0.0,0
ENSG00000183762.12,KREMEN1,0.0,0.0,0
ENSG00000211652.2,IGLV7-43,0.0,0.0,0
ENSG00000211650.2,IGLV5-45,0.0,0.0,0
ENSG00000086712.12,TXLNG,0.0,0.0025397602,1
ENSG00000160285.14,LSS,0.0,0.0,0
ENSG00000160299.16,PCNT,0.0,0.0,0
ENSG00000160298.17,C21orf58,0.0,0.0,0
ENSG00000182362.13,YBEY,0.0,0.0,0
ENSG00000239415.1,AP001469.9,0.0,0.0,0
ENSG00000160294.10,MCM3AP,0.0,0.0,0
ENSG00000215424.9,MCM3AP-AS1,0.0,0.0,0
ENSG00000223901.2,AP001469.5,0.0,0.0,0
ENSG00000228404.1,AP001468.58,0.0,0.0,0
ENSG00000160256.12,FAM207A,0.0,0.0,0
ENSG00000160284.14,SPATC1L,0.0,0.0,0
ENSG00000160282.13,FTCD,0.0,0.0,0
ENSG00000142173.14,COL6A2,0.0,0.0,0
ENSG00000142156.14,COL6A1,0.0,0.0,0
ENSG00000183570.16,PCBP3,0.0,0.0,0
ENSG00000182871.14,COL18A1,0.0,0.0,0
ENSG00000186866.16,POFUT2,0.0,0.0,0
ENSG00000160305.17,DIP2A,0.0,0.0,0
ENSG00000160307.9,S100B,0.0,0.00029864686,1
ENSG00000160310.17,PRMT2,0.0,0.0,0
ENSG00000230982.1,DSTNP1,0.0,0.0008129471,1
ENSG00000207780.1,MIR648,0.0,0.0,0
ENSG00000243156.7,MICAL3,0.0,0.0,0
ENSG00000015475.18,BID,0.0,0.0,0
ENSG00000099968.17,BCL2L13,0.0,0.0,0
ENSG00000131100.12,ATP6V1E1,0.0,0.0,0
ENSG00000182902.13,SLC25A18,0.0,0.0,0
ENSG00000099954.18,CECR2,0.0,0.0012543083,2
ENSG00000093072.15,CECR1,0.0,0.0,0
ENSG00000069998.12,HDHD5,0.0,0.0,0
ENSG00000177663.13,IL17RA,0.0,0.0,0
ENSG00000253691.2,IGKV2OR22-4,0.0,0.0,0
ENSG00000241717.1,VWFP1,0.0,0.0,0
ENSG00000249263.2,PARP4P3,0.0,0.0,0
ENSG00000249288.1,SLC25A15P5,0.0,0.0,0
ENSG00000198062.14,POTEH,0.0,0.0,0
ENSG00000197381.15,ADARB1,0.0,0.0,0
ENSG00000183250.11,LINC01547,0.0,0.0,0
ENSG00000211649.3,IGLV7-46,0.0,0.0,0
ENSG00000160182.2,TFF1,0.0,0.0,0
ENSG00000160194.17,NDUFV3,0.0,0.0,0
ENSG00000160193.11,WDR4,0.0,0.0,0
ENSG00000160191.17,PDE9A,0.0,0.0,0
ENSG00000160190.13,SLC37A1,0.0,0.0,0
ENSG00000160188.9,RSPH1,0.0,0.0,0
ENSG00000160185.14,UBASH3A,0.0,0.0,0
ENSG00000160183.13,TMPRSS3,0.0,0.0,0
ENSG00000160181.8,TFF2,0.0,0.0,0
ENSG00000160255.17,ITGB2,0.0,0.0,0
ENSG00000160180.15,TFF3,0.0,0.0,0
ENSG00000160179.18,ABCG1,0.0,0.0,0
ENSG00000173276.13,ZBTB21,0.0,0.0008912565,2
ENSG00000157617.16,C2CD2,0.0,0.0,0
ENSG00000141956.13,PRDM15,0.0,0.0,0
ENSG00000183421.11,RIPK4,0.0,0.0,0
ENSG00000184012.11,TMPRSS2,0.0,5.1149178e-05,1
ENSG00000233056.2,ERVH48-1,0.0,0.0,0
ENSG00000160199.14,PKNOX1,0.0,0.0,0
ENSG00000160207.8,HSF2BP,0.0,0.0,0
ENSG00000160208.12,RRP1B,0.0,0.0,0
ENSG00000183255.11,PTTG1IP,0.0,0.0,0
ENSG00000184900.15,SUMO3,0.0,0.0,0
ENSG00000184787.18,UBE2G2,0.0,0.0,0
ENSG00000142185.16,TRPM2,0.0,0.0,0
ENSG00000184441.4,AP001062.7,0.0,0.0,0
ENSG00000160226.15,C21orf2,0.0,0.0,0
ENSG00000141959.16,PFKL,0.0,0.0,0
ENSG00000160221.16,C21orf33,0.0,0.0,0
ENSG00000241945.7,PWP2,0.0,0.0,0
ENSG00000213440.2,H2AFZP1,0.0,0.0,0
ENSG00000160218.12,TRAPPC10,0.0,0.0,0
ENSG00000160216.18,AGPAT3,0.0,0.0,0
ENSG00000160214.12,RRP1,0.0,0.0,0
ENSG00000160213.6,CSTB,0.0,0.0,0
ENSG00000160209.18,PDXK,0.0,0.0,0
ENSG00000225335.3,XXbac-B476C20.9,0.0,0.0,0
ENSG00000215193.12,PEX26,0.0,0.0,0
ENSG00000183785.14,TUBA8,0.0,0.0,0
ENSG00000183773.15,AIFM3,0.0,0.00047304487,1
ENSG00000169635.9,HIC2,0.0,0.0,0
ENSG00000133475.16,GGT2,0.0,0.0,0
ENSG00000187905.10,LRRC74B,0.0,0.0,0
ENSG00000284060.1,AC002472.8,0.0,0.0,0
ENSG00000230513.1,THAP7-AS1,0.0,0.0014537366,1
ENSG00000184436.11,THAP7,0.0,0.0,0
ENSG00000099949.18,LZTR1,0.0,0.0,0
ENSG00000099942.12,CRKL,0.0,0.0,0
ENSG00000184979.9,USP18,0.0,0.0,0
ENSG00000099940.11,SNAP29,0.0,0.0,0
ENSG00000099937.10,SERPIND1,0.0,0.0,0
ENSG00000241973.10,PI4KA,0.0,0.0,0
ENSG00000226287.8,TMEM191A,0.0,0.0,0
ENSG00000099917.17,MED15,0.0,0.0,0
ENSG00000236670.1,KRT18P5,0.0,0.0,0
ENSG00000215493.3,XXbac-B562F10.11,0.0,0.0,0
ENSG00000183506.17,PI4KAP2,0.0,0.0,0
ENSG00000185651.14,UBE2L3,0.0,0.0,0
ENSG00000161179.13,YDJC,0.0,0.0,0
ENSG00000128228.4,SDF2L1,0.0,0.0,0
ENSG00000211648.2,IGLV1-47,0.0,0.0,0
ENSG00000211647.1,IGLV5-48,0.0,0.00017921015,1
ENSG00000223350.2,IGLV9-49,0.0,0.0,0
ENSG00000211644.3,IGLV1-51,0.0,0.0,0
ENSG00000211643.2,IGLV5-52,0.0,0.0,0
ENSG00000272779.1,LL22NC03-80A10.6,0.0,0.0,0
ENSG00000211640.4,IGLV6-57,0.0,0.0,0
ENSG00000211639.2,IGLV4-60,0.0,0.0,0
ENSG00000211642.3,IGLV10-54,0.0,0.0,0
ENSG00000211637.2,IGLV4-69,0.0,9.2903385e-05,1
ENSG00000100038.19,TOP3B,0.0,0.0,0
ENSG00000224086.5,LL22NC03-86G7.1,0.0,0.0,0
ENSG00000100034.13,PPM1F,0.0,0.0,0
ENSG00000100030.14,MAPK1,0.0,0.0,0
ENSG00000100023.18,PPIL2,0.0,0.0,0
ENSG00000099910.16,KLHL22,0.0,0.00022718923,1
ENSG00000244486.8,SCARF2,0.0,0.0,0
ENSG00000185252.18,ZNF74,0.0,0.0,0
ENSG00000184113.9,CLDN5,0.0,0.0,0
ENSG00000273212.1,AC000068.10,0.0,0.0,0
ENSG00000070010.18,UFD1L,0.0,0.0,0
ENSG00000185608.8,MRPL40,0.0,0.0,0
ENSG00000242259.8,C22orf39,0.0,0.0,0
ENSG00000100084.14,HIRA,0.0,0.0,0
ENSG00000070371.15,CLTCL1,0.0,0.0,0
ENSG00000100075.9,SLC25A1,0.0,0.0,0
ENSG00000206203.4,TSSK2,0.0,0.0,0
ENSG00000100056.11,DGCR14,0.0,0.0,0
ENSG00000070413.19,DGCR2,0.0,0.0,0
ENSG00000270393.1,AC000095.9,0.0,0.0,0
ENSG00000273032.1,DGCR9,0.0,7.6927536e-05,1
ENSG00000100033.16,PRODH,0.0,0.0,0
ENSG00000275793.1,RIMBP3,0.0,0.0,0
ENSG00000274602.4,PI4KAP1,0.0,0.0,0
ENSG00000093009.9,CDC45,0.0,0.0,0
ENSG00000184702.17,5-Sep,0.0,0.0,0
ENSG00000128185.9,DGCR6L,0.0,0.0,0
ENSG00000203618.5,GP1BB,0.0,0.0,0
ENSG00000040608.13,RTN4R,0.0,0.0,0
ENSG00000099904.15,ZDHHC8,0.0,0.0,0
ENSG00000264346.1,SNORA77,0.0,0.0,0
ENSG00000099901.16,RANBP1,0.0,0.0,0
ENSG00000099899.14,TRMT2A,0.0,0.0,0
ENSG00000284464.1,MIR1306,0.0,0.0,0
ENSG00000128191.15,DGCR8,0.0,0.0,0
ENSG00000268292.1,AC006547.15,0.0,0.0,0
ENSG00000183597.15,TANGO2,0.0,0.0,0
ENSG00000099889.13,ARVCF,0.0,0.0,0
ENSG00000093010.13,COMT,0.0,0.0,0
ENSG00000184470.20,TXNRD2,0.0,0.0,0
ENSG00000215012.8,C22orf29,0.0,0.0,0
ENSG00000235776.2,AC000089.3,0.0,0.00088376703,1
ENSG00000184058.12,TBX1,0.0,0.0,0
ENSG00000128245.14,YWHAH,0.0,0.0,0
ENSG00000232346.1,SC22CB-1E7.1,0.0,0.0,0
ENSG00000100170.9,SLC5A1,0.0,0.0,0
ENSG00000100427.15,MLC1,0.0,0.0,0
ENSG00000128159.11,TUBGCP6,0.0,0.0,0
ENSG00000273137.1,RP3-402G11.28,0.0,0.0,0
ENSG00000073169.13,SELENOO,0.0,0.0,0
ENSG00000273253.2,RP3-402G11.26,0.0,0.0,0
ENSG00000170638.9,TRABD,0.0,0.0,0
ENSG00000073150.13,PANX2,0.0,0.0,0
ENSG00000073146.15,MOV10L1,0.0,0.0,0
ENSG00000188263.10,IL17REL,0.0,0.0,0
ENSG00000100422.13,CERK,0.0,0.0,0
ENSG00000184164.14,CRELD2,0.0,0.0,0
ENSG00000273192.1,CITF22-1A6.3,0.0,0.0,0
ENSG00000182858.13,ALG12,0.0,0.0,0
ENSG00000100426.6,ZBED4,0.0,0.0,0
ENSG00000100425.18,BRD1,0.0,0.0,0
ENSG00000188511.12,C22orf34,0.0,0.0,0
ENSG00000280080.2,TBC1D22A-AS1,0.0,0.0,0
ENSG00000100429.17,HDAC10,0.0,0.0,0
ENSG00000188130.13,MAPK12,0.0,0.0,0
ENSG00000185386.14,MAPK11,0.0,0.0,0
ENSG00000196576.14,PLXNB2,0.0,0.0,0
ENSG00000205560.12,CPT1B,0.0,0.0,0
ENSG00000130487.5,KLHDC7B,0.0,0.0,0
ENSG00000177989.13,ODF3B,0.0,0.0,0
ENSG00000025708.13,TYMP,0.0,0.0,0
ENSG00000272821.1,CTA-384D8.36,0.0,0.0,0
ENSG00000284194.1,SCO2,0.0,0.0,0
ENSG00000130489.14,SCO2,0.0,0.0,0
ENSG00000025770.18,NCAPH2,0.0,0.0,0
ENSG00000100258.17,LMF2,0.0,0.0,0
ENSG00000100253.12,MIOX,0.0,0.0,0
ENSG00000100241.20,SBF1,0.0,0.0,0
ENSG00000100239.15,PPP6R2,0.0,0.0,0
ENSG00000279182.1,XX-C00717C00720L.1,0.0,0.0,0
ENSG00000227484.1,XX-C283C717.1,0.0,0.0008973252,1
ENSG00000205593.11,DENND6B,0.0,0.0,0
ENSG00000054611.13,TBC1D22A,0.0,0.0,0
ENSG00000075240.16,GRAMD4,0.0,0.0,0
ENSG00000100191.5,SLC5A4,0.0,0.0,0
ENSG00000100294.12,MCAT,0.0,0.0,0
ENSG00000138964.16,PARVG,0.0,0.0,0
ENSG00000100347.14,SAMM50,0.0,0.0,0
ENSG00000100344.10,PNPLA3,0.0,0.0,0
ENSG00000186976.14,EFCAB6,0.0,0.0,0
ENSG00000159307.18,SCUBE1,0.0,0.0,0
ENSG00000100304.12,TTLL12,0.0,0.0,0
ENSG00000100300.17,TSPO,0.0,0.0,0
ENSG00000100290.2,BIK,0.0,0.0,0
ENSG00000075275.16,CELSR1,0.0,0.0,0
ENSG00000100271.16,TTLL1,0.0,0.0,0
ENSG00000100266.18,PACSIN2,0.0,0.0,0
ENSG00000242247.10,ARFGAP3,0.0,0.0,0
ENSG00000234009.1,RPL5P34,0.0,0.0,0
ENSG00000128274.15,A4GALT,0.0,0.0,0
ENSG00000249222.1,ATP5L2,0.0,0.0,0
ENSG00000100243.20,CYB5R3,0.0,0.0,0
ENSG00000279933.1,RP4-671O14.5,0.0,0.0,0
ENSG00000188636.3,LDOC1L,0.0,0.0,0
ENSG00000186654.20,PRR5,0.0,0.0,0
ENSG00000241484.9,ARHGAP8,0.0,0.0,0
ENSG00000100416.12,TRMU,0.0,0.0,0
ENSG00000075218.18,GTSE1,0.0,0.0,0
ENSG00000075234.16,TTC38,0.0,0.00089957984,1
ENSG00000130943.6,PKDREJ,0.0,0.0,0
ENSG00000205643.10,CDPF1,0.0,0.0,0
ENSG00000186951.16,PPARA,0.0,0.0,0
ENSG00000197182.14,MIRLET7BHG,0.0,0.0,0
ENSG00000188064.9,WNT7B,0.0,0.0,0
ENSG00000130638.16,ATXN10,0.0,0.0,0
ENSG00000077942.18,FBLN1,0.0,0.0,0
ENSG00000128408.8,RIBC2,0.0,0.0,0
ENSG00000077935.16,SMC1B,0.0,0.0,0
ENSG00000100376.11,FAM118A,0.0,6.47676e-05,1
ENSG00000100364.18,KIAA0930,0.0,0.0,0
ENSG00000093000.18,NUP50,0.0,0.0,0
ENSG00000100288.19,CHKB,0.0,0.0,0
ENSG00000008735.13,MAPK8IP2,0.0,0.0,0
ENSG00000100299.17,ARSA,0.0,0.0,0
ENSG00000205542.10,TMSB4X,0.0,0.0,0
ENSG00000046653.14,GPM6B,0.0,0.0,0
ENSG00000046651.14,OFD1,0.0,0.0,0
ENSG00000196459.13,TRAPPC2,0.0,0.0,0
ENSG00000123595.7,RAB9A,0.0,0.0,0
ENSG00000176896.8,TCEANC,0.0,0.0,0
ENSG00000198759.11,EGFL6,0.0,0.0,0
ENSG00000197582.5,GPX1P1,0.0,0.0,0
ENSG00000101916.11,TLR8,0.0,0.0,0
ENSG00000251322.7,SHANK3,0.0,0.0,0
ENSG00000196664.4,TLR7,0.0,0.0,0
ENSG00000101911.12,PRPS2,0.0,0.0,0
ENSG00000005302.17,MSL3,0.0,0.0,0
ENSG00000047648.21,ARHGAP6,0.0,0.0,0
ENSG00000004961.14,HCCS,0.0,0.0,0
ENSG00000101871.14,MID1,0.0,0.0,0
ENSG00000073464.11,CLCN4,0.0,0.0,0
ENSG00000046647.13,GEMIN8,0.0,0.0,0
ENSG00000231066.3,NPM1P9,0.0,0.0,0
ENSG00000181544.13,FANCB,0.0,0.0,0
ENSG00000130150.11,MOSPD2,0.0,0.0,0
ENSG00000169895.5,SYAP1,0.0,0.0,0
ENSG00000047230.14,CTPS2,0.0,0.0,0
ENSG00000126010.5,GRPR,0.0,0.0,0
ENSG00000182287.13,AP1S2,0.0,0.0,0
ENSG00000169249.12,ZRSR2,0.0,1.6274242e-05,1
ENSG00000279413.1,AC112497.1,0.0,0.0,0
ENSG00000169239.12,CA5B,0.0,0.0,0
ENSG00000186312.10,CA5BP1,0.0,0.0,0
ENSG00000147003.5,TMEM27,0.0,0.0,0
ENSG00000130234.10,ACE2,0.0,0.0,0
ENSG00000102010.14,BMX,0.0,0.0,0
ENSG00000087842.10,PIR,0.0,0.0,0
ENSG00000165197.4,VEGFD,0.0,0.0,0
ENSG00000165195.15,PIGA,0.0,0.0,0
ENSG00000102048.15,ASB9,0.0,0.0,0
ENSG00000047644.18,WWC3,0.0,0.0,0
ENSG00000234469.4,CLDN34,0.0,0.0,0
ENSG00000215319.2,EIF5P1,0.0,0.0,0
ENSG00000002586.18,CD99,0.0,0.0,0
ENSG00000169084.13,DHRSX,0.0,0.0,0
ENSG00000197976.11,AKAP17A,0.0,0.0,0
ENSG00000182162.10,P2RY8,0.0,0.0,0
ENSG00000169093.15,ASMTL,0.0,0.0,0
ENSG00000236017.8,ASMTL-AS1,0.0,0.0,0
ENSG00000169100.13,SLC25A6,0.0,0.0,0
ENSG00000185291.11,IL3RA,0.0,0.0,0
ENSG00000198223.16,CSF2RA,0.0,0.0006201905,1
ENSG00000205755.11,CRLF2,0.0,0.00029324606,1
ENSG00000167393.17,PPP2R3B,0.0,0.0,0
ENSG00000178605.13,GTPBP6,0.0,0.0,0
ENSG00000182378.13,PLCXD1,0.0,0.0,0
ENSG00000079974.17,RABL2B,0.0,0.0,0
ENSG00000184319.15,RPL23AP82,0.0,0.0,0
ENSG00000254499.1,AC002056.5,0.0,0.0,0
ENSG00000214717.11,ZBED1,0.0,0.0,0
ENSG00000124343.12,XG,0.0,0.0,0
ENSG00000146950.12,SHROOM2,0.0,0.0,0
ENSG00000056998.19,GYG2,0.0,0.0,0
ENSG00000101850.12,GPR143,0.0,0.0,0
ENSG00000101849.15,TBL1X,0.0,0.0,0
ENSG00000011201.11,ANOS1,0.0,0.0,0
ENSG00000006757.11,PNPLA4,0.0,0.0,0
ENSG00000182583.12,VCX,0.0,0.0,0
ENSG00000101846.6,STS,0.0,0.0,0
ENSG00000130021.13,PUDP,0.0,0.0,0
ENSG00000146938.14,NLGN4X,0.0,0.0,0
ENSG00000205664.10,RP11-706O15.1,0.0,0.0,0
ENSG00000183943.5,PRKX,0.0,0.0,0
ENSG00000212214.1,SNORA48,0.0,0.0010335407,2
ENSG00000101825.7,MXRA5,0.0,0.0020651082,1
ENSG00000157399.14,ARSE,0.0,0.0,0
ENSG00000229851.1,ARSD-AS1,0.0,0.0,0
ENSG00000006756.15,ARSD,0.0,0.0,0
ENSG00000100227.17,POLDIP3,0.0,0.0,0
ENSG00000182841.12,RRP7BP,0.0,0.0,0
ENSG00000183569.17,SERHL2,0.0,0.0,0
ENSG00000100106.19,TRIOBP,0.0,0.0,0
ENSG00000278948.1,RP5-1039K5.12,0.0,0.0010170089,1
ENSG00000100139.13,MICALL1,0.0,0.0,0
ENSG00000279738.1,RP5-1014D13.2,0.0,0.0,0
ENSG00000100129.17,EIF3L,0.0,0.0,0
ENSG00000100124.14,ANKRD54,0.0,0.0,0
ENSG00000100116.16,GCAT,0.0,0.0,0
ENSG00000189060.5,H1F0,0.0,0.0,0
ENSG00000273899.4,NOL12,0.0,0.0,0
ENSG00000229598.1,PRDX3P1,0.0,0.0,0
ENSG00000100097.11,LGALS1,0.0,0.0,0
ENSG00000241360.1,PDXP,0.0,0.0,0
ENSG00000233360.4,Z83844.1,0.0,0.0,0
ENSG00000100092.20,SH3BP1,0.0,0.0,0
ENSG00000100079.6,LGALS2,0.0,0.0,0
ENSG00000128283.6,CDC42EP1,0.0,0.0,0
ENSG00000100065.14,CARD10,0.0,0.0,0
ENSG00000279010.3,RP5-1039K5.19,0.0,0.0,0
ENSG00000100142.14,POLR2F,0.0,0.0,0
ENSG00000100146.16,SOX10,0.0,0.0,0
ENSG00000100151.15,PICK1,0.0,0.0,0
ENSG00000100221.10,JOSD1,0.0,0.0,0
ENSG00000100216.5,TOMM22,0.0,0.0,0
ENSG00000100211.10,CBY1,0.0,0.0006791985,1
ENSG00000184949.15,FAM227A,0.0,8.332716e-05,1
ENSG00000100206.9,DMC1,0.0,0.0,0
ENSG00000100201.20,DDX17,0.0,0.0,0
ENSG00000100196.10,KDELR3,0.0,0.0,0
ENSG00000244627.5,RP3-449O17.1,0.0,0.0,0
ENSG00000213923.11,CSNK1E,0.0,0.0,0
ENSG00000235246.1,RP1-5O6.5,0.0,0.0,0
ENSG00000198792.12,TMEM184B,0.0,0.0,0
ENSG00000185022.11,MAFF,0.0,0.0,0
ENSG00000184381.18,PLA2G6,0.0,0.0,0
ENSG00000128298.16,BAIAP2L2,0.0,0.0,0
ENSG00000100156.10,SLC16A8,0.0,0.0004925371,1
ENSG00000100060.17,MFNG,0.0,0.0,0
ENSG00000166897.14,ELFN2,0.0,0.0,0
ENSG00000100055.20,CYTH4,0.0,0.0,0
ENSG00000128335.13,APOL2,0.0,0.0,0
ENSG00000128284.19,APOL3,0.0,0.0,0
ENSG00000237406.1,NDUFA9P1,0.0,0.0,0
ENSG00000221963.5,APOL6,0.0,0.0007231104,1
ENSG00000198125.12,MB,0.0,0.0025233927,4
ENSG00000100302.6,RASD2,0.0,0.0,0
ENSG00000100297.15,MCM5,0.0,0.0,0
ENSG00000100292.16,HMOX1,0.0,0.0,0
ENSG00000100284.20,TOM1,0.0,0.0014636073,1
ENSG00000133424.20,LARGE1,0.0,0.0,0
ENSG00000100234.11,TIMP3,0.0,0.0010590426,1
ENSG00000100225.17,FBXO7,0.0,0.0,0
ENSG00000100220.11,RTCB,0.0,0.0,0
ENSG00000205853.10,RFPL3S,0.0,0.0,0
ENSG00000128276.10,RFPL3,0.0,0.0,0
ENSG00000214076.3,CPSF1P1,0.0,0.0,0
ENSG00000100336.17,APOL4,0.0,0.0,0
ENSG00000100342.20,APOL1,0.0,0.0,0
ENSG00000128340.14,RAC2,0.0,0.0,0
ENSG00000100345.20,MYH9,0.0,0.0,0
ENSG00000133466.13,C1QTNF6,0.0,0.0,0
ENSG00000235237.1,RP1-151B14.6,0.0,0.0,0
ENSG00000100385.13,IL2RB,0.0,0.0,0
ENSG00000187045.16,TMPRSS6,0.0,0.0,0
ENSG00000100379.17,KCTD17,0.0,0.0,0
ENSG00000128309.16,MPST,0.0,0.0,0
ENSG00000128311.13,TST,0.0,0.0,0
ENSG00000100368.13,CSF2RB,0.0,0.0,0
ENSG00000100365.14,NCF4,0.0,0.0,0
ENSG00000100362.12,PVALB,0.0,0.0,0
ENSG00000100360.14,IFT27,0.0,0.0007168866,1
ENSG00000100353.17,EIF3D,0.0,0.0,0
ENSG00000100350.14,FOXRED2,0.0,0.0,0
ENSG00000100348.9,TXN2,0.0,0.0,0
ENSG00000237668.1,RPS15AP38,0.0,0.0,0
ENSG00000100226.15,GTPBP1,0.0,0.0,0
ENSG00000244491.1,RP3-508I15.18,0.0,0.0,0
ENSG00000189306.10,RRP7A,0.0,0.0,0
ENSG00000167074.14,TEF,0.0,0.0,0
ENSG00000100418.7,DESI1,0.0,0.0,0
ENSG00000100417.11,PMM1,0.0,0.0,0
ENSG00000172346.14,CSDC2,0.0,0.0,0
ENSG00000100413.16,POLR3H,0.0,0.0,0
ENSG00000100412.15,ACO2,0.0,0.0,0
ENSG00000100410.7,PHF5A,0.0,0.0,0
ENSG00000183864.4,TOB2,0.0,0.0,0
ENSG00000100403.11,ZC3H7B,0.0,0.0,0
ENSG00000100242.15,SUN2,0.0,0.0,0
ENSG00000100401.19,RANGAP1,0.0,0.0,0
ENSG00000100399.15,CHADL,0.0,0.0,0
ENSG00000235513.1,RP4-756G23.5,0.0,0.0,0
ENSG00000100395.14,L3MBTL2,0.0,0.0,0
ENSG00000215771.2,LRRC37A14P,0.0,0.0,0
ENSG00000100393.12,EP300,0.0,0.0,0
ENSG00000237214.3,RP11-12M9.3,0.0,0.0,0
ENSG00000196419.12,XRCC6,0.0,0.0,0
ENSG00000100138.13,SNU13,0.0,0.0,0
ENSG00000184208.10,C22orf46,0.0,0.0,0
ENSG00000167077.12,MEI1,0.0,0.0009176537,1
ENSG00000235568.6,NFAM1,0.0,0.0,0
ENSG00000100207.18,TCF20,0.0,0.0,0
ENSG00000226450.2,CYP2D8P,0.0,0.0,0
ENSG00000205702.10,CYP2D7,0.0,0.0,0
ENSG00000100197.20,CYP2D6,0.0,0.0,0
ENSG00000213790.2,OLA1P1,0.0,0.0,0
ENSG00000184983.9,NDUFA6,0.0,1.6005846e-05,1
ENSG00000183172.8,SMDT1,0.0,0.0,0
ENSG00000177096.8,FAM109B,0.0,0.0,0
ENSG00000198951.11,NAGA,0.0,0.0,0
ENSG00000100167.19,3-Sep,0.0,0.0,0
ENSG00000100162.14,CENPM,0.0,0.0,0
ENSG00000198911.11,SREBF2,0.0,0.0,0
ENSG00000184068.2,RP5-821D11.7,0.0,0.0,0
ENSG00000100147.13,CCDC134,0.0,0.0,0
ENSG00000100387.8,RBX1,0.0,0.0,0
ENSG00000172404.4,DNAJB7,0.0,0.0,0
ENSG00000196236.12,XPNPEP3,0.0,0.0,0
ENSG00000209482.1,SNORD83A,0.0,0.0,0
ENSG00000100316.15,RPL3,0.0,0.0,0
ENSG00000100311.16,PDGFB,0.0,0.0,0
ENSG00000279833.1,RP4-742C19.13,0.0,0.0,0
ENSG00000100307.12,CBX7,0.0,0.0,0
ENSG00000100298.15,APOBEC3H,0.0,0.0,0
ENSG00000239713.8,APOBEC3G,0.0,0.0,0
ENSG00000128394.16,APOBEC3F,0.0,0.0,0
ENSG00000284554.1,CTA-150C2.22,0.0,0.0,0
ENSG00000244509.3,APOBEC3C,0.0,0.0,0
ENSG00000249310.2,APOBEC3B-AS1,0.0,0.0,0
ENSG00000128383.12,APOBEC3A,0.0,0.0,0
ENSG00000183741.11,CBX6,0.0,0.0,0
ENSG00000100246.12,DNAL4,0.0,0.0,0
ENSG00000225450.1,RP3-508I15.14,0.0,0.0,0
ENSG00000230149.2,RP3-508I15.19,0.0,0.0,0
ENSG00000209480.1,SNORD83B,0.0,0.0,0
ENSG00000263764.1,SNORD43,0.0,0.0,0
ENSG00000100380.13,ST13,0.0,0.0,0
ENSG00000100321.14,SYNGR1,0.0,0.0,0
ENSG00000100372.14,SLC25A17,0.0,0.0,0
ENSG00000230071.2,RPL4P6,0.0,0.0,0
ENSG00000196588.14,MKL1,0.0,0.0,0
ENSG00000100359.20,SGSM3,0.0,0.0,0
ENSG00000239900.12,ADSL,0.0,0.0,0
ENSG00000228599.1,RPL7P52,0.0,0.0,0
ENSG00000100354.20,TNRC6B,0.0,0.0,0
ENSG00000225528.3,RP3-370M22.8,0.0,0.0,0
ENSG00000100351.16,GRAP2,0.0,0.0,0
ENSG00000100346.17,CACNA1I,0.0,0.0,0
ENSG00000187051.8,RPS19BP1,0.0,0.0,0
ENSG00000128272.14,ATF4,0.0,0.0,0
ENSG00000100335.13,MIEF1,0.0,0.0,0
ENSG00000128268.11,MGAT3,0.0,0.0011673204,1
ENSG00000100324.13,TAB1,0.0,0.0,0
ENSG00000011600.11,TYROBP,0.0,0.0,0
ENSG00000280194.1,AD000864.6,0.0,0.0,0
ENSG00000279030.1,RP11-212I21.3,0.0,0.0,0
ENSG00000176658.16,MYO1D,0.0,0.0,0
ENSG00000108700.4,CCL8,0.0,3.649376e-05,1
ENSG00000172156.3,CCL11,0.0,0.0,0
ENSG00000108688.11,CCL7,0.0,0.0,0
ENSG00000108691.9,CCL2,0.0,0.0,0
ENSG00000226049.3,TLK2P1,0.0,0.0,0
ENSG00000006042.11,TMEM98,0.0,0.0,0
ENSG00000226377.1,AC084809.2,0.0,0.0,0
ENSG00000176749.8,CDK5R1,0.0,0.0,0
ENSG00000185158.12,LRRC37B,0.0,0.0,0
ENSG00000108671.9,PSMD11,0.0,0.0,0
ENSG00000279762.3,RP11-227G15.12,0.0,0.0,0
ENSG00000010244.18,ZNF207,0.0,0.0,0
ENSG00000266282.1,UBL5P2,0.0,0.0,0
ENSG00000265293.2,ARGFXP2,0.0,0.0,0
ENSG00000126858.16,RHOT1,0.0,0.0,0
ENSG00000214708.4,AC090616.2,0.0,0.0,0
ENSG00000181374.7,CCL13,0.0,0.0,0
ENSG00000132141.13,CCT6B,0.0,0.0,0
ENSG00000198783.5,ZNF830,0.0,0.0,0
ENSG00000005156.11,LIG3,0.0,0.0,0
ENSG00000267369.1,RP11-1094M14.8,0.0,0.0,0
ENSG00000267046.1,E2F3P1,0.0,0.0,0
ENSG00000267349.1,RP11-686D22.9,0.0,0.0,0
ENSG00000205045.8,SLFN12L,0.0,0.0,0
ENSG00000267312.1,RP11-1094M14.7,0.0,0.0,0
ENSG00000154760.13,SLFN13,0.0,0.0,0
ENSG00000172123.12,SLFN12,0.0,0.0,0
ENSG00000267648.1,RP11-686D22.3,0.0,0.0,0
ENSG00000172716.16,SLFN11,0.0,0.0,0
ENSG00000166750.9,SLFN5,0.0,0.0,0
ENSG00000073536.17,NLE1,0.0,0.0,0
ENSG00000073598.5,FNDC8,0.0,0.0,0
ENSG00000185379.20,RAD51D,0.0,0.0,0
ENSG00000243423.1,RP5-837J1.1,0.0,0.0,0
ENSG00000092871.16,RFFL,0.0,0.0,0
ENSG00000266777.1,SH3GL1P1,0.0,0.0,0
ENSG00000178691.10,SUZ12,0.0,0.0,0
ENSG00000198720.12,ANKRD13B,0.0,0.0,0
ENSG00000248121.8,SMURF2P1,0.0,0.0,0
ENSG00000176208.8,ATAD5,0.0,0.0,0
ENSG00000276250.1,CTD-2349P21.12,0.0,0.0,0
ENSG00000266490.1,CTD-2349P21.9,0.0,0.0,0
ENSG00000176390.11,CRLF3,0.0,0.0,0
ENSG00000264538.6,SUZ12P1,0.0,0.0,0
ENSG00000250462.8,LRRC37BP1,0.0,0.0,0
ENSG00000264943.1,SH3GL1P2,0.0,0.0,0
ENSG00000108587.15,GOSR1,0.0,0.00068827084,1
ENSG00000108651.9,UTP6,0.0,0.0,0
ENSG00000108582.11,CPD,0.0,0.0,0
ENSG00000108578.14,BLMH,0.0,0.0003706909,1
ENSG00000108576.9,SLC6A4,0.0,0.0,0
ENSG00000126653.17,NSRP1,0.0,0.0,0
ENSG00000240074.1,RPL9P30,0.0,0.0,0
ENSG00000240531.1,RPL21P123,0.0,0.0,0
ENSG00000141298.17,SSH2,0.0,0.0,0
ENSG00000265334.1,CTD-2349P21.11,0.0,0.0,0
ENSG00000172171.10,TEFM,0.0,0.0,0
ENSG00000275185.1,RP13-753N3.3,0.0,0.0,0
ENSG00000184060.10,ADAP2,0.0,0.0,0
ENSG00000172301.10,COPRS,0.0,0.0,0
ENSG00000283978.1,MIR365B,0.0,0.0,0
ENSG00000228768.3,AC003101.1,0.0,0.0,0
ENSG00000131242.17,RAB11FIP4,0.0,0.0,0
ENSG00000263535.2,AK4P1,0.0,0.0,0
ENSG00000126860.11,EVI2A,0.0,0.0,0
ENSG00000185862.6,EVI2B,0.0,0.0,0
ENSG00000126861.4,OMG,0.0,0.0,0
ENSG00000196712.17,NF1,0.0,0.0,0
ENSG00000264107.1,RP11-848P1.5,0.0,0.0,0
ENSG00000265798.6,RP11-271K11.5,0.0,0.0,0
ENSG00000264148.1,RP11-848P1.7,0.0,0.0,0
ENSG00000264743.2,DPRXP4,0.0,0.0,0
ENSG00000181481.13,RNF135,0.0,0.0,0
ENSG00000230113.1,AC091177.1,0.0,0.0,0
ENSG00000236320.3,SLFN14,0.0,0.0,0
ENSG00000242660.1,RP11-1094M14.1,0.0,0.0,0
ENSG00000207297.1,SNORD7,0.0,7.434366e-05,1
ENSG00000276293.4,PIP4K2B,0.0,9.9964425e-05,1
ENSG00000161381.13,PLXDC1,0.0,0.0,0
ENSG00000263818.5,CTD-2206N4.4,0.0,0.0,0
ENSG00000265784.1,RP1-56K13.3,0.0,0.0,0
ENSG00000002834.17,LASP1,0.0,0.0,0
ENSG00000199293.1,SNORA21,0.0,0.0,0
ENSG00000125691.12,RPL23,0.0,0.0,0
ENSG00000273559.4,CWC25,0.0,0.0,0
ENSG00000277791.4,PSMB3,0.0,0.0,0
ENSG00000108733.9,PEX12,0.0,0.0,0
ENSG00000277258.4,PCGF2,0.0,0.0,0
ENSG00000277972.1,CISD3,0.0,0.0,0
ENSG00000275665.1,CTB-58E17.9,0.0,0.0,0
ENSG00000275023.4,MLLT6,0.0,0.0,0
ENSG00000277363.4,SRCIN1,0.0,0.0,0
ENSG00000275832.4,ARHGAP23,0.0,0.0,0
ENSG00000274211.4,SOCS7,0.0,0.0,0
ENSG00000266101.1,RP5-906A24.2,0.0,0.0,0
ENSG00000067191.15,CACNB1,0.0,0.0,0
ENSG00000108298.9,RPL19,0.0,0.0,0
ENSG00000108306.11,FBXL20,0.0,0.0,0
ENSG00000108344.14,PSMD3,0.0,0.0,0
ENSG00000167914.11,GSDMA,0.0,0.0,0
ENSG00000172057.9,ORMDL3,0.0,0.0,0
ENSG00000073605.18,GSDMB,0.0,0.0,0
ENSG00000161405.16,IKZF3,0.0,0.0,0
ENSG00000141738.13,GRB7,0.0,0.0,0
ENSG00000141741.11,MIEN1,0.0,0.0,0
ENSG00000141736.13,ERBB2,0.0,0.00024293,1
ENSG00000141744.3,PNMT,0.0,0.0,0
ENSG00000173991.5,TCAP,0.0,0.0,0
ENSG00000131748.15,STARD3,0.0,0.0,0
ENSG00000131771.13,PPP1R1B,0.0,0.0,0
ENSG00000214546.3,AC087491.2,0.0,0.0,0
ENSG00000167258.13,CDK12,0.0,0.0,0
ENSG00000125686.11,MED1,0.0,0.0,0
ENSG00000278845.4,MRPL45,0.0,0.0,0
ENSG00000274487.1,CH17-431G21.1,0.0,0.0,0
ENSG00000274512.5,TBC1D3L,0.0,0.0,0
ENSG00000276070.4,CCL4L2,0.0,0.0,0
ENSG00000274767.1,AC131056.3,0.0,0.0,0
ENSG00000275302.1,CCL4,0.0,0.0,0
ENSG00000277632.1,CCL3,0.0,0.0,0
ENSG00000277089.4,AC069363.1,0.0,0.0,0
ENSG00000275385.1,CCL18,0.0,0.0005304834,1
ENSG00000274736.4,CCL23,0.0,0.0,0
ENSG00000275431.1,CTB-186H2.3,0.0,0.0,0
ENSG00000276409.4,CCL14,0.0,0.0,0
ENSG00000271503.5,CCL5,0.0,0.0,0
ENSG00000271268.1,AC015849.14,0.0,0.0,0
ENSG00000270379.5,HEATR9,0.0,0.0,0
ENSG00000271447.5,MMP28,0.0,0.0,0
ENSG00000270647.5,TAF15,0.0,0.0007275147,2
ENSG00000267592.1,CTC-507E2.2,0.0,0.0,0
ENSG00000006125.17,AP2B1,0.0,0.0,0
ENSG00000276085.1,CCL3L3,0.0,0.0,0
ENSG00000261499.2,CH17-260O16.1,0.0,0.0,0
ENSG00000275410.4,HNF1B,0.0,0.0,0
ENSG00000273611.4,ZNHIT3,0.0,0.002948227,2
ENSG00000277501.1,RP11-697E22.2,0.0,0.0,0
ENSG00000278053.4,DDX52,0.0,0.0,0
ENSG00000275066.4,SYNRG,0.0,0.0,0
ENSG00000276023.4,DUSP14,0.0,0.0,0
ENSG00000276234.4,TADA2A,0.0,0.0,0
ENSG00000278505.4,C17orf78,0.0,0.0,0
ENSG00000275029.1,HMGB1P24,0.0,0.0,0
ENSG00000278540.4,ACACA,0.0,0.00038406526,2
ENSG00000275700.4,AATF,0.0,0.0,0
ENSG00000278619.4,MRM1,0.0,0.0011104798,1
ENSG00000278535.4,DHRS11,0.0,0.0,0
ENSG00000274756.1,CTB-75G16.1,0.0,0.0,0
ENSG00000278311.4,GGNBP2,0.0,0.0,0
ENSG00000277161.1,PIGW,0.0,0.0,0
ENSG00000278259.4,MYO19,0.0,0.0,0
ENSG00000167549.18,CORO6,0.0,0.0,0
ENSG00000108262.15,GIT1,0.0,0.0,0
ENSG00000008838.19,MED24,0.0,0.0,0
ENSG00000233327.10,USP32P2,0.0,0.00024585702,1
ENSG00000171928.13,TVP23B,0.0,0.0,0
ENSG00000171931.12,FBXW10,0.0,0.0,0
ENSG00000108448.20,TRIM16L,0.0,0.0,0
ENSG00000174977.8,AC026271.5,0.0,0.0,0
ENSG00000154874.15,CCDC144B,0.0,0.0,0
ENSG00000227689.1,SRP68P2,0.0,0.0,0
ENSG00000213077.5,FAM106A,0.0,0.00068903645,1
ENSG00000273018.5,CTD-2303H24.2,0.0,0.0006580614,1
ENSG00000177427.12,MIEF2,0.0,0.0,0
ENSG00000171916.16,LGALS9C,0.0,0.00024530088,2
ENSG00000214856.11,KRT16P1,0.0,0.0,0
ENSG00000220161.4,LINC02076,0.0,0.0,0
ENSG00000264177.1,RP1-37N7.1,0.0,0.0,0
ENSG00000214860.4,EVPLL,0.0,0.0,0
ENSG00000176974.19,SHMT1,0.0,0.0,0
ENSG00000176994.10,SMCR8,0.0,0.0,0
ENSG00000141127.14,PRPSAP2,0.0,0.0,0
ENSG00000235672.1,AC090286.2,0.0,0.0,0
ENSG00000154025.15,SLC5A10,0.0,0.0,0
ENSG00000188522.14,FAM83G,0.0,0.0,0
ENSG00000128482.15,RNF112,0.0,0.0,0
ENSG00000166482.11,MFAP4,0.0,0.0,0
ENSG00000166484.19,MAPK7,0.0,0.00019362579,1
ENSG00000108641.14,B9D1,0.0,0.0,0
ENSG00000265263.1,RP11-135L13.4,0.0,0.0,0
ENSG00000072134.15,EPN2,0.0,0.0,0
ENSG00000264940.4,SNORD3C,0.0,0.0,0
ENSG00000263934.4,SNORD3A,0.0,0.0,0
ENSG00000281000.1,SNORD3D,0.0,0.0,0
ENSG00000277947.1,SNORD3D,0.0,0.0,0
ENSG00000262202.4,RP11-160E2.6,0.0,0.0,0
ENSG00000228157.4,AC007952.5,0.0,0.0,0
ENSG00000262074.6,SNORD3B-2,0.0,0.0,0
ENSG00000265185.5,SNORD3B-1,0.0,0.0,0
ENSG00000154016.13,GRAP,0.0,0.0,0
ENSG00000177302.14,TOP3A,0.0,0.0,0
ENSG00000177731.15,FLII,0.0,0.0,0
ENSG00000167543.15,TP53I13,0.0,0.0,0
ENSG00000266129.1,SRP68P1,0.0,0.0,0
ENSG00000179598.5,PLD6,0.0,0.0,0
ENSG00000263624.1,RP11-45M22.3,0.0,0.0,0
ENSG00000133030.20,MPRIP,0.0,0.0,0
ENSG00000240505.8,TNFRSF13B,0.0,0.0,0
ENSG00000227300.12,KRT16P2,0.0,0.0,0
ENSG00000226145.7,KRT16P6,0.0,0.0,0
ENSG00000266486.1,FAM106CP,0.0,0.0,0
ENSG00000188933.14,USP32P1,0.0,0.0,0
ENSG00000091542.8,ALKBH5,0.0,0.0,0
ENSG00000170160.17,CCDC144A,0.0,0.0,0
ENSG00000235554.1,AC005822.1,0.0,0.0,0
ENSG00000141040.14,ZNF287,0.0,0.0,0
ENSG00000181350.11,LRRC75A,0.0,0.0,0
ENSG00000277512.1,SNORD65,0.0,0.0,0
ENSG00000277370.1,SNORD49A,0.0,0.0,0
ENSG00000277108.1,SNORD49B,0.0,0.0,0
ENSG00000154803.12,FLCN,0.0,0.0,0
ENSG00000141030.12,COPS3,0.0,0.0,0
ENSG00000205309.13,NT5M,0.0,0.0,0
ENSG00000215030.5,RPL13P12,0.0,0.00037302176,1
ENSG00000266677.1,RP11-258F1.1,0.0,0.0,0
ENSG00000091536.16,MYO15A,0.0,0.0,0
ENSG00000108591.9,DRG2,0.0,0.0,0
ENSG00000141034.9,GID4,0.0,0.0,0
ENSG00000171953.15,ATPAF2,0.0,0.0,0
ENSG00000171962.17,DRC3,0.0,0.0,0
ENSG00000175662.17,TOM1L2,0.0,0.0,0
ENSG00000072310.16,SREBF1,0.0,0.0,0
ENSG00000264167.1,RP1-253P7.1,0.0,0.0,0
ENSG00000226746.2,SMCR5,0.0,0.0,0
ENSG00000108557.18,RAI1,0.0,0.0,0
ENSG00000264666.1,RP11-524F11.2,0.0,0.0,0
ENSG00000133027.17,PEMT,0.0,0.0,0
ENSG00000108551.4,RASD1,0.0,0.0,0
ENSG00000141026.5,MED9,0.0,0.0,0
ENSG00000189343.7,RPS2P46,0.0,0.0,0
ENSG00000142494.13,SLC47A1,0.0,0.001040631,2
ENSG00000262769.1,RP11-1113L8.1,0.0,0.0,0
ENSG00000132581.9,SDF2,0.0,0.0,0
ENSG00000160606.10,TLCD1,0.0,4.242685e-05,1
ENSG00000238578.1,SNORD4A,0.0,0.0,0
ENSG00000264577.1,AC010761.8,0.0,0.0,0
ENSG00000238423.1,SNORD42B,0.0,0.0,0
ENSG00000198242.13,RPL23A,0.0,0.0021141884,1
ENSG00000109113.18,RAB34,0.0,0.0,0
ENSG00000109111.14,SUPT6H,0.0,0.0,0
ENSG00000264044.1,RP11-192H23.7,0.0,0.0,0
ENSG00000180638.17,SLC47A2,0.0,4.555359e-05,1
ENSG00000007202.14,KIAA0100,0.0,0.0,0
ENSG00000167524.14,SGK494,0.0,0.0,0
ENSG00000227543.4,SPAG5-AS1,0.0,0.0,0
ENSG00000076382.16,SPAG5,0.0,0.0,0
ENSG00000109107.13,ALDOC,0.0,0.0,0
ENSG00000109103.11,UNC119,0.0,0.0,0
ENSG00000109101.7,FOXN1,0.0,0.0,0
ENSG00000160602.13,NEK8,0.0,0.0,0
ENSG00000076604.14,TRAF4,0.0,0.0001796128,1
ENSG00000265474.1,AC010761.9,0.0,0.0,0
ENSG00000265840.1,AC010761.10,0.0,0.00063586526,1
ENSG00000168792.4,ABHD15,0.0,0.0,0
ENSG00000160551.11,TAOK1,0.0,0.0,0
ENSG00000108256.8,NUFIP2,0.0,0.0,0
ENSG00000108255.7,CRYBA1,0.0,0.0,0
ENSG00000178082.6,TWF1P1,0.0,0.0,0
ENSG00000221995.5,TIAF1,0.0,0.0,0
ENSG00000196535.15,MYO18A,0.0,0.0,0
ENSG00000063015.19,SEZ6,0.0,0.0,0
ENSG00000179761.11,PIPOX,0.0,0.0,0
ENSG00000109118.13,PHF12,0.0,0.0,0
ENSG00000167536.13,DHRS13,0.0,0.0,0
ENSG00000266642.2,RP11-20B24.4,0.0,0.0,0
ENSG00000132589.15,FLOT2,0.0,0.0,0
ENSG00000132591.11,ERAL1,0.0,0.0,0
ENSG00000173065.13,FAM222B,0.0,0.0,0
ENSG00000007216.14,SLC13A2,0.0,0.0,0
ENSG00000263266.2,RPS7P1,0.0,0.0,0
ENSG00000258472.8,RP11-192H23.4,0.0,0.0,0
ENSG00000178307.9,TMEM11,0.0,0.0,0
ENSG00000124422.11,USP22,0.0,0.0,0
ENSG00000265790.1,RNASEH1P1,0.0,0.0,0
ENSG00000188013.6,MEIS3P2,0.0,0.0,0
ENSG00000265916.1,RP11-434D2.9,0.0,0.0,0
ENSG00000170298.15,LGALS9B,0.0,0.0,0
ENSG00000189423.11,USP32P3,0.0,0.0,0
ENSG00000214832.5,UPF3AP2,0.0,0.00017740634,1
ENSG00000154898.15,CCDC144CP,0.0,0.0,0
ENSG00000225014.1,KCTD9P1,0.0,0.0,0
ENSG00000128487.16,SPECC1,0.0,0.0,0
ENSG00000108599.14,AKAP10,0.0,0.0,0
ENSG00000231096.1,NDUFB4P3,0.0,0.0,0
ENSG00000083290.19,ULK2,0.0,0.0,0
ENSG00000108602.17,ALDH3A1,0.0,0.0,0
ENSG00000264785.1,RP11-311F12.2,0.0,0.0,0
ENSG00000109016.17,DHRS7B,0.0,0.0,0
ENSG00000034152.18,MAP2K3,0.0,0.0,0
ENSG00000265254.1,CTD-2350C19.2,0.0,0.0,0
ENSG00000263563.5,UBBP4,0.0,0.0,0
ENSG00000076351.12,SLC46A1,0.0,6.963133e-05,1
ENSG00000109072.13,VTN,0.0,0.0,0
ENSG00000004139.13,SARM1,0.0,0.0,0
ENSG00000274529.5,SEBOX,0.0,0.0,0
ENSG00000244045.12,TMEM199,0.0,0.0,0
ENSG00000004142.11,POLDIP2,0.0,0.0,0
ENSG00000109079.9,TNFAIP1,0.0,0.0,0
ENSG00000109083.13,IFT20,0.0,0.0,0
ENSG00000109084.13,TMEM97,0.0,0.0,0
ENSG00000087095.12,NLK,0.0,0.0,0
ENSG00000007171.16,NOS2,0.0,0.000511482,1
ENSG00000168961.16,LGALS9,0.0,0.0,0
ENSG00000263368.1,RP11-720N19.1,0.0,0.0,0
ENSG00000141068.13,KSR1,0.0,0.0,0
ENSG00000109046.14,WSB1,0.0,0.0,0
ENSG00000108342.12,CSF3,0.0,0.0,0
ENSG00000126351.12,THRA,0.0,0.0,0
ENSG00000170836.11,PPM1D,0.0,0.0,0
ENSG00000108798.8,ABI3,0.0,0.0,0
ENSG00000121067.17,SPOP,0.0,0.0,0
ENSG00000182575.7,NXPH3,0.0,0.0,0
ENSG00000064300.8,NGFR,0.0,0.0,0
ENSG00000250186.3,RP11-1079K10.4,0.0,0.0,0
ENSG00000167085.11,PHB,0.0,0.0,0
ENSG00000198740.8,ZNF652,0.0,0.0,0
ENSG00000173868.11,PHOSPHO1,0.0,0.0,0
ENSG00000167083.6,GNGT2,0.0,0.0,0
ENSG00000260027.4,HOXB7,0.0,0.0,0
ENSG00000159217.9,IGF2BP1,0.0,0.0,0
ENSG00000230532.1,AC091133.1,0.0,0.0,0
ENSG00000159210.9,SNF8,0.0,0.0,0
ENSG00000159202.17,UBE2Z,0.0,0.0,0
ENSG00000159199.13,ATP5G1,0.0,0.0,0
ENSG00000136436.14,CALCOCO2,0.0,0.0,0
ENSG00000159182.4,PRAC1,0.0,0.0,0
ENSG00000121073.13,SLC35B1,0.0,0.0,0
ENSG00000250751.1,RP11-613C6.2,0.0,0.0,0
ENSG00000121104.7,FAM117A,0.0,0.0,0
ENSG00000136504.11,KAT7,0.0,0.0,0
ENSG00000167107.12,ACSF2,0.0,0.0,0
ENSG00000253102.1,RP1-117B12.4,0.0,0.0,0
ENSG00000108829.9,LRRC59,0.0,0.0,0
ENSG00000154920.14,EME1,0.0,0.0,0
ENSG00000108826.15,MRPL27,0.0,0.0,0
ENSG00000015532.9,XYLT2,0.0,0.0,0
ENSG00000167105.7,TMEM92,0.0,0.0,0
ENSG00000108821.13,COL1A1,0.0,0.0,0
ENSG00000108823.15,SGCA,0.0,0.0,0
ENSG00000236472.1,AC002401.1,0.0,0.0,0
ENSG00000108819.10,PPP1R9B,0.0,0.0,0
ENSG00000005882.11,PDK2,0.0,0.0,0
ENSG00000005884.17,ITGA3,0.0,0.0,0
ENSG00000204584.1,RP11-304F15.3,0.0,0.0,0
ENSG00000176358.15,TAC4,0.0,0.0,0
ENSG00000242067.1,RPL9P28,0.0,0.0,0
ENSG00000108511.9,HOXB6,0.0,0.0,0
ENSG00000073969.18,NSF,0.0,0.0,0
ENSG00000228782.7,MRPL45P2,0.0,0.0,0
ENSG00000006025.11,OSBPL7,0.0,0.0,0
ENSG00000073861.2,TBX21,0.0,0.0,0
ENSG00000198933.9,TBKBP1,0.0,0.0,0
ENSG00000264558.1,RP11-138C9.1,0.0,0.0,0
ENSG00000108424.9,KPNB1,0.0,0.0,0
ENSG00000263766.5,RP11-580I16.2,0.0,0.0,0
ENSG00000141279.15,NPEPPS,0.0,0.0,0
ENSG00000178852.15,EFCAB13,0.0,0.0,0
ENSG00000120075.5,HOXB5,0.0,0.0,0
ENSG00000259207.7,ITGB3,0.0,0.0,0
ENSG00000261872.1,RP5-867C24.5,0.0,0.0,0
ENSG00000004897.11,CDC27,0.0,4.693004e-05,1
ENSG00000262879.5,RP11-156P1.3,0.0,0.0,0
ENSG00000263142.5,LRRC37A17P,0.0,0.0,0
ENSG00000108433.16,GOSR2,0.0,0.0,0
ENSG00000108379.9,WNT3,0.0,0.0,0
ENSG00000159111.12,MRPL10,0.0,0.0,0
ENSG00000141294.9,LRRC46,0.0,0.0,0
ENSG00000141295.13,SCRN2,0.0,0.0,0
ENSG00000167182.13,SP2,0.0,0.0,0
ENSG00000284038.1,MIR10A,0.0,0.0,0
ENSG00000182742.5,HOXB4,0.0,0.0,0
ENSG00000233101.10,HOXB-AS3,0.0,0.0,0
ENSG00000120093.11,HOXB3,0.0,0.0,0
ENSG00000230148.8,HOXB-AS1,0.0,0.0,0
ENSG00000173917.10,HOXB2,0.0,0.0,0
ENSG00000141293.15,SKAP1,0.0,0.0,0
ENSG00000002919.14,SNX11,0.0,0.0,0
ENSG00000108468.14,CBX1,0.0,0.0,0
ENSG00000082641.15,NFE2L1,0.0,0.0,0
ENSG00000005243.9,COPZ2,0.0,0.0,0
ENSG00000264701.1,RP11-6N17.10,0.0,0.0,0
ENSG00000108465.14,CDK5RAP3,0.0,0.0,0
ENSG00000167183.2,PRR15L,0.0,0.0,0
ENSG00000108439.9,PNPO,0.0,0.00010589718,1
ENSG00000136457.9,CHAD,0.0,0.0,0
ENSG00000136444.9,RSAD1,0.0,0.0,0
ENSG00000136449.13,MYCBPAP,0.0,0.0,0
ENSG00000108384.14,RAD51C,0.0,0.0,0
ENSG00000167447.12,SMG8,0.0,0.0,0
ENSG00000266537.1,SPDYE22P,0.0,0.0,0
ENSG00000068489.12,PRR11,0.0,0.0,0
ENSG00000211514.1,MIR454,0.0,0.0,0
ENSG00000182628.12,SKA2,0.0,0.0,0
ENSG00000108395.13,TRIM37,0.0,0.0,0
ENSG00000175175.5,PPM1E,0.0,0.0,0
ENSG00000121101.15,TEX14,0.0,0.0,0
ENSG00000049283.17,EPN3,0.0,0.0,0
ENSG00000181013.3,C17orf47,0.0,0.0,0
ENSG00000108387.14,4-Sep,0.0,0.0,0
ENSG00000264672.5,SEPT4-AS1,0.0,0.0,0
ENSG00000108389.9,MTMR4,0.0,0.0,0
ENSG00000108375.12,RNF43,0.0,0.0,0
ENSG00000213246.6,SUPT4H1,0.0,0.0,0
ENSG00000284353.1,MIR142,0.0,0.0,0
ENSG00000153982.10,GDPD1,0.0,0.0,0
ENSG00000175155.8,YPEL2,0.0,0.0,0
ENSG00000108406.9,DHX40,0.0,0.0,0
ENSG00000141367.11,CLTC,0.0,0.0,0
ENSG00000062725.9,APPBP2,0.0,0.0,0
ENSG00000241157.1,RP11-3K24.1,0.0,0.0,0
ENSG00000252577.1,SCARNA20,0.0,0.0,0
ENSG00000170832.12,USP32,0.0,0.0,0
ENSG00000266960.1,FAM106DP,0.0,0.00010942734,1
ENSG00000167434.9,CA4,0.0,0.0,0
ENSG00000280852.2,CTD-2319I12.10,0.0,0.0,0
ENSG00000068097.14,HEATR6,0.0,0.0,0
ENSG00000266992.1,DHX40P1,0.0,0.0,0
ENSG00000189050.15,RNFT1,0.0,0.0,0
ENSG00000108443.13,RPS6KB1,0.0,0.0,0
ENSG00000270264.1,NDUFB8P2,0.0,0.0,0
ENSG00000108423.14,TUBD1,0.0,0.0,0
ENSG00000062716.12,VMP1,0.0,0.0,0
ENSG00000141378.14,PTRH2,0.0,0.0,0
ENSG00000265206.5,RP5-1171I10.5,0.0,0.0,0
ENSG00000265148.5,TSPOAP1-AS1,0.0,0.0,0
ENSG00000005379.15,TSPOAP1,0.0,0.0,0
ENSG00000108960.7,MMD,0.0,0.0,0
ENSG00000166263.13,STXBP4,0.0,0.0,0
ENSG00000166260.10,COX11,0.0,0.0,0
ENSG00000141198.14,TOM1L1,0.0,0.0,0
ENSG00000011260.13,UTP18,0.0,0.0,0
ENSG00000011258.15,MBTD1,0.0,0.0,0
ENSG00000243678.11,NME2,0.0,0.0,0
ENSG00000239672.7,NME1,0.0,0.0,0
ENSG00000008294.20,SPAG9,0.0,0.0,0
ENSG00000141232.4,TOB1,0.0,0.0,0
ENSG00000278963.1,RP11-294J22.7,0.0,0.0,0
ENSG00000108848.15,LUC7L3,0.0,0.0,0
ENSG00000154945.6,ANKRD40,0.0,0.0,0
ENSG00000108846.15,ABCC3,0.0,0.0,0
ENSG00000006283.17,CACNA1G,0.0,0.0,0
ENSG00000006282.20,SPATA20,0.0,0.0004862254,1
ENSG00000108924.13,HLF,0.0,0.0,0
ENSG00000166292.11,TMEM100,0.0,0.0,0
ENSG00000167419.10,LPO,0.0,0.0,0
ENSG00000141179.13,PCTP,0.0,0.0,0
ENSG00000011143.16,MKS1,0.0,0.0,0
ENSG00000264364.2,DYNLL2,0.0,0.0,0
ENSG00000279069.1,RP11-159D12.6,0.0,0.0,0
ENSG00000136450.12,SRSF1,0.0,0.0,0
ENSG00000136451.8,VEZF1,0.0,0.0,0
ENSG00000180891.12,CUEDC1,0.0,0.0,0
ENSG00000181610.12,MRPS23,0.0,0.0,0
ENSG00000153944.10,MSI2,0.0,0.0,0
ENSG00000121057.12,AKAP1,0.0,0.0,0
ENSG00000121064.12,SCPEP1,0.0,0.0,0
ENSG00000121058.4,COIL,0.0,0.0,0
ENSG00000262112.1,RP11-670E13.5,0.0,0.0,0
ENSG00000121060.16,TRIM25,0.0,0.0,0
ENSG00000153933.9,DGKE,0.0,0.0,0
ENSG00000153930.11,ANKFN1,0.0,0.0,0
ENSG00000213326.4,RPS7P11,0.0,0.0,0
ENSG00000185829.17,ARL17A,0.0,0.0,0
ENSG00000126368.5,NR1D1,0.0,0.0,0
ENSG00000173757.9,STAT5B,0.0,3.0495494e-06,1
ENSG00000108785.7,HSD17B1P1,0.0,0.0,0
ENSG00000108784.9,NAGLU,0.0,0.0,0
ENSG00000267185.1,PTP4A2P1,0.0,0.0,0
ENSG00000033627.16,ATP6V0A1,0.0,0.0,0
ENSG00000177469.12,PTRF,0.0,0.0,0
ENSG00000168610.14,STAT3,0.0,0.0021966076,1
ENSG00000126561.16,STAT5A,0.0,0.0,0
ENSG00000167925.15,GHDC,0.0,0.0,0
ENSG00000131473.16,ACLY,0.0,0.0,0
ENSG00000108774.14,RAB5C,0.0,0.0,0
ENSG00000108773.10,KAT2A,0.0,0.0,0
ENSG00000108771.12,DHX58,0.0,0.0,0
ENSG00000168256.17,NKIRAS2,0.0,0.0,0
ENSG00000168259.14,DNAJC7,0.0,0.0,0
ENSG00000173786.16,CNP,0.0,0.0,0
ENSG00000204815.9,TTC25,0.0,0.0,0
ENSG00000108786.10,HSD17B1,0.0,0.0,0
ENSG00000266962.2,RP11-400F19.6,0.0,0.0,0
ENSG00000068120.14,COASY,0.0,0.0,0
ENSG00000108788.11,MLX,0.0,0.0,0
ENSG00000176563.9,CNTD1,0.0,0.0,0
ENSG00000183978.7,COA3,0.0,0.0,0
ENSG00000126562.16,WNK4,0.0,0.0,0
ENSG00000131475.6,VPS25,0.0,0.0,0
ENSG00000131477.10,RAMP2,0.0,0.0,0
ENSG00000214578.5,HMGN2P15,0.0,0.0,0
ENSG00000108799.12,EZH1,0.0,0.0,0
ENSG00000108797.11,CNTNAP1,0.0,0.0,0
ENSG00000267042.1,CTD-3193K9.4,0.0,0.0,0
ENSG00000184451.5,CCR10,0.0,0.0,0
ENSG00000068137.14,PLEKHH3,0.0,0.0,0
ENSG00000037042.8,TUBG2,0.0,0.0,0
ENSG00000131462.7,TUBG1,0.0,0.0,0
ENSG00000141699.10,FAM134C,0.0,0.0,0
ENSG00000131470.14,PSMC3IP,0.0,0.0,0
ENSG00000274630.1,RP11-229E13.4,0.0,0.0,0
ENSG00000178502.5,KLHL11,0.0,0.0,0
ENSG00000238083.7,LRRC37A2,0.0,0.0,0
ENSG00000183153.6,GJD3,0.0,0.0,0
ENSG00000186395.7,KRT10,0.0,0.0,0
ENSG00000073584.18,SMARCE1,0.0,0.0,0
ENSG00000126353.3,CCR7,0.0,0.0,0
ENSG00000131746.12,TNS4,0.0,0.0006891835,1
ENSG00000141753.6,IGFBP4,0.0,0.0,0
ENSG00000131747.14,TOP2A,0.0,0.0,0
ENSG00000264655.1,CTD-2267D19.4,0.0,0.0,0
ENSG00000266208.1,CTD-2267D19.3,0.0,0.0,0
ENSG00000141698.16,NT5C3B,0.0,0.0,0
ENSG00000278918.1,CTD-2267D19.1,0.0,0.00018068778,1
ENSG00000131759.17,RARA,0.0,0.0,0
ENSG00000094804.9,CDC6,0.0,0.0,0
ENSG00000171475.13,WIPF2,0.0,0.0,0
ENSG00000108352.11,RAPGEFL1,0.0,0.0,0
ENSG00000108349.16,CASC3,0.0,0.0,0
ENSG00000188895.11,MSL1,0.0,0.0,0
ENSG00000167920.8,TMEM99,0.0,0.0,0
ENSG00000171431.3,KRT20,0.0,0.0,0
ENSG00000234477.1,AC004231.2,0.0,0.0,0
ENSG00000108244.16,KRT23,0.0,0.0,0
ENSG00000141756.18,FKBP10,0.0,0.0,0
ENSG00000141696.12,P3H4,0.0,0.0,0
ENSG00000173801.16,JUP,0.0,0.0,0
ENSG00000173812.10,EIF1,0.0,0.0,0
ENSG00000128422.15,KRT17,0.0,0.0,0
ENSG00000186832.8,KRT16,0.0,0.0013217601,1
ENSG00000186847.5,KRT14,0.0,0.0,0
ENSG00000171345.13,KRT19,0.0,0.0,0
ENSG00000171346.15,KRT15,0.0,0.0,0
ENSG00000229732.1,AC019349.5,0.0,0.0,0
ENSG00000171401.14,KRT13,0.0,0.0,0
ENSG00000094796.4,KRT31,0.0,0.0,0
ENSG00000212722.7,KRTAP4-9,0.0,0.0,0
ENSG00000212901.3,KRTAP3-1,0.0,0.00033548134,1
ENSG00000212899.2,KRTAP3-3,0.0,0.0,0
ENSG00000126581.12,BECN1,0.0,0.0,0
ENSG00000131467.10,PSME3,0.0,0.0,0
ENSG00000131471.6,AOC3,0.0,0.0,0
ENSG00000172992.11,DCAKD,0.0,0.0,0
ENSG00000184922.13,FMNL1,0.0,0.0,0
ENSG00000267288.2,RP13-890H12.2,0.0,0.0,0
ENSG00000168517.10,HEXIM2,0.0,0.0,0
ENSG00000186834.3,HEXIM1,0.0,0.0,0
ENSG00000181513.14,ACBD4,0.0,0.0,0
ENSG00000161714.11,PLCD3,0.0,0.0,0
ENSG00000136448.11,NMT1,0.0,0.0,0
ENSG00000131094.3,C1QL1,0.0,0.0,0
ENSG00000260105.6,AOC4P,0.0,0.0,0
ENSG00000186185.13,KIF18B,0.0,0.0,0
ENSG00000131095.12,GFAP,0.0,0.0,0
ENSG00000214447.4,FAM187A,0.0,0.00031293207,1
ENSG00000108883.12,EFTUD2,0.0,0.0,0
ENSG00000131097.6,HIGD1B,0.0,0.0,0
ENSG00000182963.9,GJC1,0.0,0.0,0
ENSG00000073670.13,ADAM11,0.0,0.0,0
ENSG00000233175.2,CTD-2020K17.3,0.0,0.0,0
ENSG00000267278.5,MAP3K14-AS1,0.0,0.0,0
ENSG00000184361.12,SPATA32,0.0,0.0,0
ENSG00000006062.14,MAP3K14,0.0,0.0,0
ENSG00000260075.1,NSFP1,0.0,0.0,0
ENSG00000176681.14,LRRC37A,0.0,0.0,0
ENSG00000262539.1,RP11-259G18.3,0.0,0.0,0
ENSG00000262500.1,MAPK8IP1P1,0.0,4.520474e-05,1
ENSG00000214401.4,KANSL1-AS1,0.0,0.0,0
ENSG00000120071.13,KANSL1,0.0,0.0,0
ENSG00000256762.1,STH,0.0,0.0,0
ENSG00000263503.1,MAPK8IP1P2,0.0,0.0,0
ENSG00000264070.1,DND1P1,0.0,0.0,0
ENSG00000267198.1,RP11-798G7.6,0.0,0.0,0
ENSG00000131484.4,RP11-798G7.5,0.0,0.0,0
ENSG00000214425.7,LRRC37A4P,0.0,0.0,0
ENSG00000225190.10,PLEKHM1,0.0,0.00025581865,1
ENSG00000267344.1,CTB-39G8.3,0.0,0.0,0
ENSG00000159314.11,ARHGAP27,0.0,0.0,0
ENSG00000161692.17,DBF4B,0.0,0.0,0
ENSG00000180329.13,CCDC43,0.0,0.0,0
ENSG00000180336.17,MEIOC,0.0,0.0,0
ENSG00000161653.10,NAGS,0.0,0.0,0
ENSG00000108861.8,DUSP3,0.0,0.0,0
ENSG00000067596.10,DHX8,0.0,0.0,0
ENSG00000175906.4,ARL4D,0.0,0.0,0
ENSG00000184988.8,TMEM106A,0.0,0.0,0
ENSG00000188554.13,NBR1,0.0,0.0,0
ENSG00000267340.1,RP11-242D8.3,0.0,0.0,0
ENSG00000198496.10,NBR2,0.0,0.0,0
ENSG00000240828.1,RPL21P4,0.0,0.0,0
ENSG00000012048.20,BRCA1,0.0,0.0,0
ENSG00000108828.15,VAT1,0.0,0.0,0
ENSG00000068079.7,IFI35,0.0,0.0,0
ENSG00000131469.12,RPL27,0.0,0.0,0
ENSG00000198863.7,RUNDC1,0.0,0.0,0
ENSG00000266967.6,AARSD1,0.0,0.0,0
ENSG00000131482.9,G6PC,0.0,0.0,0
ENSG00000161647.18,MPP3,0.0,0.0,0
ENSG00000091947.9,TMEM101,0.0,0.0,0
ENSG00000180340.6,FZD2,0.0,0.0,0
ENSG00000161654.9,LSM12,0.0,0.0,0
ENSG00000186566.12,GPATCH8,0.0,0.0,0
ENSG00000005961.17,ITGA2B,0.0,0.0,0
ENSG00000161682.14,FAM171A2,0.0,0.0,0
ENSG00000030582.17,GRN,0.0,0.0,0
ENSG00000013306.15,SLC25A39,0.0,0.0,0
ENSG00000108309.13,RUNDC3A,0.0,0.0,0
ENSG00000004939.13,SLC4A1,0.0,0.0,0
ENSG00000108312.14,UBTF,0.0,0.0002648029,1
ENSG00000087152.15,ATXN7L3,0.0,0.0,0
ENSG00000168591.15,TMUB2,0.0,0.0,0
ENSG00000267080.5,ASB16-AS1,0.0,0.0,0
ENSG00000161664.6,ASB16,0.0,0.0,0
ENSG00000125319.14,C17orf53,0.0,0.00048328176,1
ENSG00000108840.15,HDAC5,0.0,0.0,0
ENSG00000141349.8,G6PC3,0.0,0.0,0
ENSG00000175061.17,LRRC75A-AS1,0.0,0.0,0
ENSG00000187688.14,TRPV2,0.0,0.0,0
ENSG00000265401.1,RP11-138I1.4,0.0,0.0,0
ENSG00000279592.1,RP11-417N10.4,0.0,0.0,0
ENSG00000140829.11,DHX38,0.0,0.0,0
ENSG00000261701.6,HPR,0.0,0.0015156344,1
ENSG00000257017.8,HP,0.0,0.0,0
ENSG00000140830.8,TXNL4B,0.0,0.0,0
ENSG00000102967.11,DHODH,0.0,0.000500414,1
ENSG00000277481.1,PKD1L3,0.0,0.0,0
ENSG00000102984.14,ZNF821,0.0,0.0,0
ENSG00000182149.20,IST1,0.0,0.0,0
ENSG00000198650.10,TAT,0.0,0.0003547873,1
ENSG00000224470.7,ATXN1L,0.0,0.0,0
ENSG00000283057.1,RP11-417N10.5,0.0,0.0,0
ENSG00000223224.1,SNORD71,0.0,0.0,0
ENSG00000166747.12,AP1G1,0.0,0.0,0
ENSG00000260185.1,RP11-432I5.6,0.0,0.0,0
ENSG00000040199.18,PHLPP2,0.0,0.0,0
ENSG00000140832.9,MARVELD3,0.0,0.0,0
ENSG00000118557.15,PMFBP1,0.0,0.0,0
ENSG00000259768.5,RP5-991G20.1,0.0,0.0,0
ENSG00000140836.14,ZFHX3,0.0,0.0,0
ENSG00000260471.1,AC009120.8,0.0,0.0,0
ENSG00000153774.8,CFDP1,0.0,0.0,0
ENSG00000280152.1,RP11-331F4.5,0.0,0.0,0
ENSG00000050820.16,BCAR1,0.0,0.0,0
ENSG00000184517.11,ZFP1,0.0,0.0,0
ENSG00000166816.13,LDHD,0.0,0.0,0
ENSG00000186187.11,ZNRF1,0.0,0.0,0
ENSG00000103091.14,WDR59,0.0,0.0,0
ENSG00000168404.12,MLKL,0.0,0.0,0
ENSG00000168411.13,RFWD3,0.0,0.0,0
ENSG00000240861.1,RP11-572F4.1,0.0,0.0,0
ENSG00000090863.11,GLG1,0.0,0.0,0
ENSG00000196436.8,NPIPB15,0.0,0.0,0
ENSG00000214331.8,RP11-252A24.2,0.0,0.0,0
ENSG00000259972.2,AC009120.6,0.0,0.0,0
ENSG00000103035.10,PSMD7,0.0,0.0,0
ENSG00000260886.1,TAT-AS1,0.0,0.0,0
ENSG00000140835.9,CHST4,0.0,4.652098e-05,1
ENSG00000168802.12,CHTF8,0.0,0.0,0
ENSG00000181019.12,NQO1,0.0,0.0,0
ENSG00000090857.13,PDPR,0.0,0.0,0
ENSG00000255185.5,PDXDC2P,0.0,0.0,0
ENSG00000226232.8,NPIPB14P,0.0,0.0,0
ENSG00000198373.12,WWP2,0.0,0.0,0
ENSG00000260290.2,CTD-2033A16.2,0.0,0.0,0
ENSG00000141101.12,NOB1,0.0,0.0,0
ENSG00000262136.1,CTD-2033A16.3,0.0,0.0,0
ENSG00000102908.20,NFAT5,0.0,0.0,0
ENSG00000157429.15,ZNF19,0.0,0.0,0
ENSG00000103018.16,CYB5B,0.0,0.0,0
ENSG00000132604.10,TERF2,0.0,0.0,0
ENSG00000157315.4,TMED6,0.0,0.0,0
ENSG00000132603.13,NIP7,0.0,0.0,0
ENSG00000213380.14,COG8,0.0,0.0,0
ENSG00000132612.15,VPS4A,0.0,0.0,0
ENSG00000168807.16,SNTB2,0.0,0.0,0
ENSG00000261556.9,SMG1P7,0.0,0.0,0
ENSG00000223496.2,EXOSC6,0.0,0.0,0
ENSG00000090861.15,AARS,0.0,0.0,0
ENSG00000157349.16,DDX19B,0.0,0.0,0
ENSG00000167377.17,ZNF23,0.0,0.0,0
ENSG00000172137.18,CALB2,0.0,0.0,0
ENSG00000180917.17,CMTR2,0.0,0.0,0
ENSG00000157423.17,HYDIN,0.0,0.0,0
ENSG00000103043.14,VAC14,0.0,0.0,0
ENSG00000279569.1,RP11-394B2.1,0.0,0.0,0
ENSG00000132613.14,MTSS1L,0.0,0.0,0
ENSG00000157368.10,IL34,0.0,0.0,0
ENSG00000221066.1,SNORD111,0.0,0.0,0
ENSG00000189091.12,SF3B3,0.0,0.0,0
ENSG00000023839.10,ABCC2,0.0,0.0,0
ENSG00000157353.16,FUK,0.0,0.0,0
ENSG00000157350.12,ST3GAL2,0.0,0.0,0
ENSG00000168872.16,DDX19A,0.0,0.0,0
ENSG00000261777.5,RP11-529K1.2,0.0,0.0,0
ENSG00000166822.12,TMEM170A,0.0,0.0,0
ENSG00000183196.8,CHST6,0.0,0.0,0
ENSG00000034713.7,GABARAPL2,0.0,0.0,0
ENSG00000131148.8,EMC8,0.0,0.0,0
ENSG00000103264.17,FBXO31,0.0,0.0,0
ENSG00000176678.5,FOXL1,0.0,0.0,0
ENSG00000176692.5,FOXC2,0.0,0.0,0
ENSG00000260944.1,FOXC2-AS1,0.0,0.0,0
ENSG00000103248.18,MTHFSD,0.0,0.0,0
ENSG00000140968.10,IRF8,0.0,0.0,0
ENSG00000131143.8,COX4I1,0.0,0.0,0
ENSG00000131153.8,GINS2,0.0,0.0,0
ENSG00000065457.10,ADAT1,0.0,5.4616386e-05,1
ENSG00000131149.18,GSE1,0.0,0.0,0
ENSG00000153789.12,FAM92B,0.0,0.0,0
ENSG00000153786.12,ZDHHC7,0.0,0.0,0
ENSG00000103196.11,CRISPLD2,0.0,0.0,0
ENSG00000103194.15,USP10,0.0,0.0,0
ENSG00000135686.12,KLHL36,0.0,0.0,0
ENSG00000103187.7,COTL1,0.0,0.0,0
ENSG00000140941.12,MAP1LC3B,0.0,0.0,0
ENSG00000140948.11,ZCCHC14,0.0,0.0,0
ENSG00000276393.1,RP11-106D4.3,0.0,0.00011954963,1
ENSG00000154118.12,JPH3,0.0,0.0,0
ENSG00000103335.21,PIEZO1,0.0,0.0,0
ENSG00000278341.1,RP5-1142A6.10,0.0,0.0,0
ENSG00000174177.12,CTU2,0.0,6.4346445e-05,1
ENSG00000259813.1,RP5-1142A6.5,0.0,0.0,0
ENSG00000158717.10,RNF166,0.0,0.00010029478,1
ENSG00000185669.5,SNAI3,0.0,0.0006788614,2
ENSG00000167508.11,MVD,0.0,0.0,0
ENSG00000051523.10,CYBA,0.0,0.0,0
ENSG00000158545.15,ZC3H18,0.0,0.0,0
ENSG00000179588.8,ZFPM1,0.0,0.0,0
ENSG00000225614.2,ZNF469,0.0,0.0,0
ENSG00000172530.20,BANP,0.0,0.0,0
ENSG00000103257.8,SLC7A5,0.0,0.0002575331,1
ENSG00000104731.13,KLHDC4,0.0,0.0,0
ENSG00000226180.3,RP11-278A23.1,0.0,0.0,0
ENSG00000261243.1,RP11-517C16.4,0.0,0.0,0
ENSG00000140950.15,TLDC1,0.0,0.0,0
ENSG00000261286.1,RP11-517C16.2,0.0,0.0,0
ENSG00000166451.13,CENPN,0.0,0.0,0
ENSG00000166446.14,CDYL2,0.0,0.0,0
ENSG00000168589.14,DYNLRB2,0.0,0.0,0
ENSG00000178573.6,MAF,0.0,0.0,0
ENSG00000243101.1,RPS3P7,0.0,0.0,0
ENSG00000186153.16,WWOX,0.0,0.0,0
ENSG00000171724.2,VAT1L,0.0,0.0,0
ENSG00000261707.1,RP11-264M12.2,0.0,0.0,0
ENSG00000140876.11,NUDT7,0.0,0.0,0
ENSG00000140873.15,ADAMTS18,0.0,0.0,0
ENSG00000205078.5,SYCE1L,0.0,0.0,0
ENSG00000103111.14,MON1B,0.0,0.0,0
ENSG00000152910.18,CNTNAP4,0.0,0.0,0
ENSG00000282757.3,DUXB,0.0,0.0,0
ENSG00000166848.5,TERF2IP,0.0,0.0,0
ENSG00000065427.14,KARS,0.0,0.0,0
ENSG00000103121.8,CMC2,0.0,0.0,0
ENSG00000166454.9,ATMIN,0.0,0.0,0
ENSG00000064270.12,ATP2C2,0.0,0.0,0
ENSG00000166455.13,C16orf46,0.0,0.0,0
ENSG00000103175.10,WFDC1,0.0,0.0,0
ENSG00000154099.17,DNAAF1,0.0,0.0,0
ENSG00000103160.11,HSDL1,0.0,0.0,0
ENSG00000140961.12,OSGIN1,0.0,0.0,0
ENSG00000103150.5,MLYCD,0.0,0.0,0
ENSG00000230989.6,HSBP1,0.0,0.0,0
ENSG00000140945.16,CDH13,0.0,0.0,0
ENSG00000135698.9,MPHOSPH6,0.0,0.0,0
ENSG00000197943.9,PLCG2,0.0,0.0,0
ENSG00000260229.1,RP11-391L3.5,0.0,0.0,0
ENSG00000153815.16,CMIP,0.0,0.0,0
ENSG00000261609.5,GAN,0.0,0.0,0
ENSG00000135697.9,BCO1,0.0,0.0,0
ENSG00000166473.17,PKD1L2,0.0,0.0,0
ENSG00000140905.10,GCSH,0.0,0.0,0
ENSG00000141076.17,UTP4,0.0,0.0,0
ENSG00000103044.10,HAS3,0.0,0.0,0
ENSG00000170315.13,UBB,0.0,0.0,0
ENSG00000166188.2,ZNF319,0.0,0.0,0
ENSG00000181938.13,GINS3,0.0,0.00019547802,1
ENSG00000103023.11,PRSS54,0.0,0.0,0
ENSG00000103021.9,CCDC113,0.0,0.0,0
ENSG00000070770.8,CSNK2A2,0.0,0.0,0
ENSG00000070761.7,CFAP20,0.0,0.0,0
ENSG00000102996.4,MMP15,0.0,0.0,0
ENSG00000103005.11,USB1,0.0,0.0,0
ENSG00000187185.4,CTD-2600O9.1,0.0,0.0,0
ENSG00000102978.12,POLR2C,0.0,0.0,0
ENSG00000140859.15,KIFC3,0.0,0.0,0
ENSG00000140854.12,KATNB1,0.0,0.0,0
ENSG00000159625.14,DRC7,0.0,0.0,0
ENSG00000182885.16,ADGRG3,0.0,0.00017130788,2
ENSG00000205336.11,ADGRG1,0.0,0.0,0
ENSG00000159618.15,ADGRG5,0.0,0.0,0
ENSG00000135736.5,CCDC102A,0.0,0.00017901443,1
ENSG00000276131.1,RP11-481J2.3,0.0,0.0,0
ENSG00000103034.14,NDRG4,0.0,0.0,0
ENSG00000103037.11,SETD6,0.0,0.0,0
ENSG00000125107.17,CNOT1,0.0,0.0,0
ENSG00000140931.19,CMTM3,0.0,0.0,0
ENSG00000140932.9,CMTM2,0.0,0.0,0
ENSG00000089505.17,CMTM1,0.0,0.0,0
ENSG00000277978.1,RP11-403P17.6,0.0,0.0,0
ENSG00000217555.12,CKLF,0.0,0.0,0
ENSG00000166546.13,BEAN1,0.0,0.0,0
ENSG00000179776.17,CDH5,0.0,0.0,0
ENSG00000278893.1,RP11-229O3.1,0.0,0.0,0
ENSG00000140937.13,CDH11,0.0,0.0,0
ENSG00000224631.4,RPS27AP16,0.0,0.00060748955,2
ENSG00000125166.12,GOT2,0.0,0.0,0
ENSG00000260865.1,CTA-331F8.1,0.0,0.0,0
ENSG00000281910.1,SNORA50A,0.0,0.0,0
ENSG00000206952.3,SNORA50A,0.0,0.0,0
ENSG00000276259.1,RP11-481J2.4,0.0,0.0,0
ENSG00000125170.10,DOK4,0.0,0.0,0
ENSG00000088682.13,COQ9,0.0,0.0,0
ENSG00000260999.1,RP11-521L9.1,0.0,0.0,0
ENSG00000125124.11,BBS2,0.0,0.0,0
ENSG00000198417.6,MT1F,0.0,0.00062300323,2
ENSG00000205362.11,MT1A,0.0,0.0,0
ENSG00000205364.3,MT1M,0.0,0.00039643273,1
ENSG00000169715.14,MT1E,0.0,0.00029255328,1
ENSG00000260549.1,MT1L,0.0,0.0,0
ENSG00000125148.6,MT2A,0.0,0.0,0
ENSG00000087250.8,MT3,0.0,0.0,0
ENSG00000087263.16,OGFOD1,0.0,0.0,0
ENSG00000005194.14,CIAPIN1,0.0,0.0,0
ENSG00000167005.13,NUDT21,0.0,0.0,0
ENSG00000159461.14,AMFR,0.0,0.0,0
ENSG00000087258.14,GNAO1,0.0,0.0,0
ENSG00000198848.12,CES1,0.0,0.0,0
ENSG00000228695.10,CES1P1,0.0,0.0,0
ENSG00000256812.1,CAPNS2,0.0,0.0,0
ENSG00000087253.12,LPCAT2,0.0,0.0,0
ENSG00000125144.13,MT1G,0.0,0.00052397506,1
ENSG00000205358.3,MT1H,0.0,0.0,0
ENSG00000187193.8,MT1X,0.0,0.0,0
ENSG00000102900.12,NUP93,0.0,0.0,0
ENSG00000102970.10,CCL17,0.0,0.0,0
ENSG00000006210.6,CX3CL1,0.0,0.0,0
ENSG00000102962.4,CCL22,0.0,0.0,0
ENSG00000102934.9,PLLP,0.0,0.0,0
ENSG00000276663.1,RP11-407G23.7,0.0,0.0,0
ENSG00000102931.7,ARL2BP,0.0,0.0,0
ENSG00000159579.13,RSPRY1,0.0,0.0,0
ENSG00000172775.16,FAM192A,0.0,0.0,0
ENSG00000140848.16,CPNE2,0.0,0.00049126835,1
ENSG00000259922.1,RP11-322D14.1,0.0,0.0,0
ENSG00000140853.15,NLRC5,0.0,0.0,0
ENSG00000087237.10,CETP,0.0,0.0,0
ENSG00000051108.14,HERPUD1,0.0,0.00027315473,1
ENSG00000243988.1,RPS24P17,0.0,0.0,0
ENSG00000070915.9,SLC12A3,0.0,0.0,0
ENSG00000183723.12,CMTM4,0.0,0.0,0
ENSG00000135720.12,DYNC1LI2,0.0,0.0,0
ENSG00000159593.14,NAE1,0.0,0.0,0
ENSG00000159792.9,PSKH1,0.0,0.0,0
ENSG00000182810.6,DDX28,0.0,0.0,0
ENSG00000167264.17,DUS2,0.0,0.0,0
ENSG00000167261.13,DPEP2,0.0,0.0,0
ENSG00000124067.16,SLC12A4,0.0,0.0,0
ENSG00000213398.7,LCAT,0.0,0.0,0
ENSG00000205220.11,PSMB10,0.0,2.7548696e-05,1
ENSG00000141086.17,CTRL,0.0,0.0,0
ENSG00000188038.7,NRN1L,0.0,0.0,0
ENSG00000172840.6,PDP2,0.0,0.0,0
ENSG00000038358.14,EDC4,0.0,0.0,0
ENSG00000102898.11,NUTF2,0.0,0.0,0
ENSG00000168286.2,THAP11,0.0,0.0,0
ENSG00000102901.12,CENPT,0.0,0.0,0
ENSG00000102904.14,TSNAXIP1,0.0,2.357258e-05,1
ENSG00000141098.12,GFOD2,0.0,0.0,0
ENSG00000159761.14,C16orf86,0.0,0.0,0
ENSG00000072736.18,NFATC3,0.0,6.845656e-05,1
ENSG00000240435.2,RPS12P27,0.0,0.0,0
ENSG00000263276.1,RP11-96D1.10,0.0,0.0,0
ENSG00000262160.1,RP11-96D1.11,0.0,0.00019459384,1
ENSG00000103047.7,TANGO6,0.0,0.0,0
ENSG00000260798.1,RP11-354M1.2,0.0,0.0,0
ENSG00000200558.1,RNA5SP429,0.0,0.0014261387,2
ENSG00000039068.18,CDH1,0.0,0.0,0
ENSG00000261395.3,HSPE1P5,0.0,0.0,0
ENSG00000260577.2,RP11-615I2.2,0.0,0.0,0
ENSG00000062038.13,CDH3,0.0,0.0,0
ENSG00000184939.15,ZFP90,0.0,0.0,0
ENSG00000103056.11,SMPD3,0.0,0.0,0
ENSG00000132600.16,PRMT7,0.0,0.0,0
ENSG00000279649.1,RP11-96D1.8,0.0,0.0,0
ENSG00000103061.12,SLC7A6OS,0.0,0.0,0
ENSG00000103064.13,SLC7A6,0.0,0.0,0
ENSG00000103066.12,PLA2G15,0.0,0.0,0
ENSG00000103067.13,ESRP2,0.0,0.0,0
ENSG00000124074.11,ENKD1,0.0,0.0,0
ENSG00000102981.9,PARD6A,0.0,0.0,0
ENSG00000102977.13,ACD,0.0,0.0,0
ENSG00000205250.8,E2F4,0.0,0.0,0
ENSG00000196123.12,KIAA0895L,0.0,0.0,0
ENSG00000140939.14,NOL3,0.0,0.0,0
ENSG00000102878.16,HSF4,0.0,0.0,0
ENSG00000135722.8,FBXL8,0.0,0.0,0
ENSG00000102871.15,TRADD,0.0,0.0,0
ENSG00000237172.3,B3GNT9,0.0,0.0,0
ENSG00000125149.11,C16orf70,0.0,0.0,0
ENSG00000067955.13,CBFB,0.0,0.00038490427,1
ENSG00000280334.1,RP11-361L15.5,0.0,0.0,0
ENSG00000172824.14,CES4A,0.0,0.0,0
ENSG00000172828.12,CES3,0.0,0.0,0
ENSG00000172831.11,CES2,0.0,0.0,0
ENSG00000166595.11,FAM96B,0.0,0.0,0
ENSG00000166592.11,RRAD,0.0,0.0,0
ENSG00000166589.12,CDH16,0.0,0.0,0
ENSG00000179044.15,EXOC3L1,0.0,0.0,0
ENSG00000102890.14,ELMO3,0.0,0.0,0
ENSG00000159753.13,CARMIL2,0.0,0.0,0
ENSG00000125122.15,LRRC29,0.0,0.0,0
ENSG00000102974.14,CTCF,0.0,0.0,0
ENSG00000260894.1,CTD-2012K14.4,0.0,0.0,0
ENSG00000259945.1,CTD-2012K14.3,0.0,0.0,0
ENSG00000261396.1,CTD-2012K14.2,0.0,0.0,0
ENSG00000039523.19,FAM65A,0.0,0.0,0
ENSG00000159723.4,AGRP,0.0,0.0,0
ENSG00000159720.11,ATP6V0D1,0.0,0.0,0
ENSG00000176387.6,HSD11B2,0.0,0.00039051336,1
ENSG00000159713.10,TPPP3,0.0,0.0,0
ENSG00000159708.17,LRRC36,0.0,7.967291e-05,1
ENSG00000168676.10,KCTD19,0.0,0.0,0
ENSG00000196155.12,PLEKHG4,0.0,0.0,0
ENSG00000135740.16,SLC9A5,0.0,0.0,0
ENSG00000135723.13,FHOD1,0.0,0.0,0
ENSG00000168701.18,TMEM208,0.0,0.0,0
ENSG00000260121.1,RP5-1142A6.9,0.0,0.0,0
ENSG00000224888.4,RP5-1142A6.2,0.0,0.0,0
ENSG00000260617.1,RP5-1142A6.7,0.0,0.0,0
ENSG00000161958.10,FGF11,0.0,0.0,0
ENSG00000161956.12,SENP3,0.0,8.9932444e-05,1
ENSG00000161955.16,TNFSF13,0.0,0.0,0
ENSG00000239697.10,TNFSF12,0.0,0.0,0
ENSG00000181222.15,POLR2A,0.0,0.0,0
ENSG00000259224.2,SLC35G6,0.0,0.0,0
ENSG00000174282.11,ZBTB4,0.0,0.0,0
ENSG00000170175.10,CHRNB1,0.0,0.0,0
ENSG00000181284.2,TMEM102,0.0,0.0,0
ENSG00000132507.17,EIF5A,0.0,0.0,0
ENSG00000169992.9,NLGN2,0.0,0.0,0
ENSG00000205544.3,TMEM256,0.0,0.0,0
ENSG00000187838.16,PLSCR3,0.0,0.0019377384,1
ENSG00000174292.12,TNK1,0.0,0.0,0
ENSG00000213859.4,KCTD11,0.0,0.001152328,2
ENSG00000072818.11,ACAP1,0.0,0.0,0
ENSG00000215041.9,NEURL4,0.0,0.0,0
ENSG00000161960.14,EIF4A1,0.0,0.0,0
ENSG00000209582.1,SNORA48,0.0,0.0,0
ENSG00000238917.1,SNORD10,0.0,0.0,0
ENSG00000277985.1,SNORA67,0.0,0.0,0
ENSG00000183011.13,NAA38,0.0,0.0,0
ENSG00000167874.6,TMEM88,0.0,0.0,0
ENSG00000132510.10,KDM6B,0.0,0.0,0
ENSG00000183914.14,DNAH2,0.0,0.0,0
ENSG00000108947.4,EFNB3,0.0,0.0,0
ENSG00000141499.16,WRAP53,0.0,0.0,0
ENSG00000141510.16,TP53,0.0,0.0002972074,1
ENSG00000129244.8,ATP1B2,0.0,0.0,0
ENSG00000141504.11,SAT2,0.0,0.0,0
ENSG00000129214.14,SHBG,0.0,0.0,0
ENSG00000129245.11,FXR2,0.0,0.0,0
ENSG00000129194.7,SOX15,0.0,0.0,0
ENSG00000129255.15,MPDU1,0.0,0.0,0
ENSG00000233223.2,AC113189.5,0.0,0.0,0
ENSG00000129226.13,CD68,0.0,0.0,0
ENSG00000132522.15,GPS2,0.0,0.0,0
ENSG00000006047.12,YBX2,0.0,0.0,0
ENSG00000182376.2,RP5-1142A6.8,0.0,0.0,0
ENSG00000091622.15,PITPNM3,0.0,0.0,0
ENSG00000215067.9,ALOX12-AS1,0.0,0.0,0
ENSG00000167858.12,TEKT1,0.0,0.0,0
ENSG00000177294.6,FBXO39,0.0,0.0,0
ENSG00000279296.1,PRAL,0.0,0.0,0
ENSG00000141485.16,SLC13A5,0.0,0.00014643001,1
ENSG00000129235.10,TXNDC17,0.0,0.00011783549,1
ENSG00000198920.9,KIAA0753,0.0,0.0,0
ENSG00000129195.15,FAM64A,0.0,0.0,0
ENSG00000181856.14,SLC2A4,0.0,0.0,0
ENSG00000282980.1,RP11-807C20.2,0.0,0.0,0
ENSG00000091592.15,NLRP1,0.0,0.0,0
ENSG00000167842.15,MIS12,0.0,0.0,0
ENSG00000072849.10,DERL2,0.0,0.0,0
ENSG00000005100.12,DHX33,0.0,0.0,0
ENSG00000108561.8,C1QBP,0.0,0.0,0
ENSG00000129197.14,RPAIN,0.0,0.0,0
ENSG00000108839.11,ALOX12,0.0,0.0,0
ENSG00000219200.11,RNASEK,0.0,0.0,0
ENSG00000258315.5,C17orf49,0.0,0.0,0
ENSG00000267532.5,MIR497HG,0.0,0.0,0
ENSG00000181885.18,CLDN7,0.0,0.0,0
ENSG00000170291.14,ELP5,0.0,0.0,0
ENSG00000175826.11,CTDNEP1,0.0,0.0,0
ENSG00000279641.1,CTD-2545G14.6,0.0,0.0,0
ENSG00000170296.9,GABARAP,0.0,0.0,0
ENSG00000040633.12,PHF23,0.0,0.0,0
ENSG00000004975.11,DVL2,0.0,0.0,0
ENSG00000072778.19,ACADVL,0.0,0.0,0
ENSG00000132535.18,DLG4,0.0,0.0,0
ENSG00000141505.11,ASGR1,0.0,0.0,0
ENSG00000161944.16,ASGR2,0.0,0.0,0
ENSG00000132514.13,CLEC10A,0.0,0.0,0
ENSG00000174326.11,SLC16A11,0.0,0.0,0
ENSG00000174327.6,SLC16A13,0.0,0.0,0
ENSG00000161940.10,BCL6B,0.0,0.0,0
ENSG00000182224.11,CYB5D1,0.0,0.0,0
ENSG00000280046.1,RP11-1099M24.6,0.0,0.0,0
ENSG00000252835.1,SCARNA21,0.0,2.804395e-05,1
ENSG00000141052.17,MYOCD,0.0,0.0,0
ENSG00000252305.1,SNORA74,0.0,0.0,0
ENSG00000006695.10,COX10,0.0,0.0,0
ENSG00000141028.6,CDRT15P1,0.0,0.0004952759,1
ENSG00000153976.2,HS3ST3A1,0.0,0.0,0
ENSG00000006744.18,ELAC2,0.0,0.0,0
ENSG00000280168.1,RP11-1090M7.3,0.0,0.0,0
ENSG00000006740.16,ARHGAP44,0.0,0.0,0
ENSG00000263648.1,RP11-471L13.3,0.0,0.0,0
ENSG00000170049.9,KCNAB3,0.0,0.0,0
ENSG00000065559.14,MAP2K4,0.0,0.0,0
ENSG00000154957.13,ZNF18,0.0,0.0,0
ENSG00000263684.1,RP11-628O18.1,0.0,0.0,0
ENSG00000007174.17,DNAH9,0.0,0.0,0
ENSG00000264176.1,MAGOH2P,0.0,0.0,0
ENSG00000187824.8,TMEM220,0.0,0.0,0
ENSG00000170222.11,ADPRM,0.0,0.0,0
ENSG00000109099.13,PMP22,0.0,0.0,0
ENSG00000279660.1,RP11-849N15.3,0.0,0.0,0
ENSG00000125409.12,TEKT3,0.0,0.0,0
ENSG00000239704.10,CDRT4,0.0,0.0,0
ENSG00000166582.9,CENPV,0.0,0.0,0
ENSG00000108474.16,PIGL,0.0,0.0,0
ENSG00000243686.2,RPLP1P11,0.0,0.0,0
ENSG00000227782.2,CTC-529I10.2,0.0,0.0,0
ENSG00000141027.20,NCOR1,0.0,0.0,0
ENSG00000011295.15,TTC19,0.0,0.0,0
ENSG00000214941.7,ZSWIM7,0.0,0.0,0
ENSG00000170425.3,ADORA2B,0.0,0.0,0
ENSG00000179277.9,MEIS3P1,0.0,0.0,0
ENSG00000233966.1,UBE2SP1,0.0,0.0,0
ENSG00000187607.15,ZNF286A,0.0,0.0,0
ENSG00000221926.11,TRIM16,0.0,0.0,0
ENSG00000223544.1,AC005838.2,0.0,0.0,0
ENSG00000241322.10,CDRT1,0.0,0.0,0
ENSG00000234324.1,RPL9P2,0.0,0.0,0
ENSG00000133028.10,SCO1,0.0,0.0013016177,1
ENSG00000109063.14,MYH3,0.0,0.0,0
ENSG00000125414.18,MYH2,0.0,0.0,0
ENSG00000198844.10,ARHGEF15,0.0,0.0,0
ENSG00000125434.10,SLC25A35,0.0,0.0,0
ENSG00000178921.13,PFAS,0.0,0.0,0
ENSG00000178971.13,CTC1,0.0,0.0,0
ENSG00000178999.12,AURKB,0.0,0.0,0
ENSG00000279152.1,RP11-599B13.10,0.0,0.0,0
ENSG00000196544.7,BORCS6,0.0,0.0,0
ENSG00000200463.1,SNORD118,0.0,0.0,0
ENSG00000179029.14,TMEM107,0.0,0.0,0
ENSG00000220205.8,VAMP2,0.0,0.0,0
ENSG00000179094.15,PER1,0.0,0.0,0
ENSG00000214999.3,AC129492.6,0.0,0.0,0
ENSG00000179477.9,ALOX12B,0.0,0.0,0
ENSG00000179593.15,ALOX15B,0.0,0.0,0
ENSG00000170037.13,CNTROB,0.0,0.0,0
ENSG00000170043.11,TRAPPC1,0.0,0.0,0
ENSG00000108961.13,RANGRF,0.0,0.0,0
ENSG00000226871.1,AC135178.7,0.0,0.0,0
ENSG00000109061.9,MYH1,0.0,0.0,0
ENSG00000184619.3,KRBA2,0.0,0.0,0
ENSG00000133020.4,MYH8,0.0,0.0,0
ENSG00000272736.5,RP11-799N11.1,0.0,0.0,0
ENSG00000242692.1,RPS27AP1,0.0,0.0,0
ENSG00000007237.18,GAS7,0.0,0.0,0
ENSG00000166596.14,CFAP52,0.0,0.0,0
ENSG00000170310.14,STX8,0.0,0.0,0
ENSG00000065320.8,NTN1,0.0,0.0,0
ENSG00000141506.13,PIK3R5,0.0,0.0,0
ENSG00000276231.4,PIK3R6,0.0,0.0,0
ENSG00000185156.5,MFSD6L,0.0,0.0,0
ENSG00000244604.1,RP11-713H12.1,0.0,0.0,0
ENSG00000270606.1,RP11-713H12.2,0.0,0.0,0
ENSG00000133026.12,MYH10,0.0,0.00028485278,1
ENSG00000166579.15,NDEL1,0.0,0.0,0
ENSG00000161970.12,RPL26,0.0,0.0,0
ENSG00000108559.11,NUP88,0.0,0.0,0
ENSG00000029725.16,RABEP1,0.0,0.0,0
ENSG00000161929.14,SCIMP,0.0,0.0,0
ENSG00000141252.19,VPS53,0.0,0.0,0
ENSG00000177370.4,TIMM22,0.0,0.0,0
ENSG00000167693.16,NXN,0.0,0.0,0
ENSG00000171861.10,MRM3,0.0,0.0,0
ENSG00000167699.13,GLOD4,0.0,0.0,0
ENSG00000179409.10,GEMIN4,0.0,0.0,0
ENSG00000167695.14,FAM57A,0.0,0.0,0
ENSG00000244097.1,RPS4XP17,0.0,0.0,0
ENSG00000183688.4,RFLNB,0.0,0.0,0
ENSG00000262533.1,RP11-667K14.4,0.0,0.0,0
ENSG00000187624.8,C17orf97,0.0,0.0,0
ENSG00000241525.4,AC108004.3,0.0,0.0,0
ENSG00000262061.5,RP11-1260E13.4,0.0,0.0,0
ENSG00000181031.15,RPH3AL,0.0,0.0,0
ENSG00000272636.3,DOC2B,0.0,0.0,0
ENSG00000280279.1,RP11-1228E12.1,0.0,0.0024198382,2
ENSG00000261172.1,RP11-356C4.5,0.0,0.0,0
ENSG00000159842.14,ABR,0.0,0.0,0
ENSG00000108953.16,YWHAE,0.0,0.0,0
ENSG00000167193.7,CRK,0.0,0.0,0
ENSG00000197879.14,MYO1C,0.0,0.00013592537,1
ENSG00000108963.17,DPH1,0.0,0.0,0
ENSG00000108958.4,AC016292.3,0.0,0.0,0
ENSG00000132383.11,RPA1,0.0,0.0,0
ENSG00000186532.11,SMYD4,0.0,0.0,0
ENSG00000132386.10,SERPINF1,0.0,1.2886775e-07,1
ENSG00000167711.13,SERPINF2,0.0,0.0,0
ENSG00000262791.1,RP11-961A15.1,0.0,0.0,0
ENSG00000186594.14,MIR22HG,0.0,0.0,0
ENSG00000185561.9,TLCD2,0.0,0.0,0
ENSG00000174231.16,PRPF8,0.0,0.0,0
ENSG00000167705.11,RILP,0.0,0.0,0
ENSG00000074660.15,SCARF1,0.0,0.0,0
ENSG00000167703.14,SLC43A2,0.0,0.0,0
ENSG00000174238.14,PITPNA,0.0,0.0,0
ENSG00000132376.19,INPP5K,0.0,0.00014580463,1
ENSG00000222019.7,URAHP,0.0,0.0,0
ENSG00000221819.5,GAS8-AS1,0.0,0.0,0
ENSG00000141013.16,GAS8,0.0,0.00010857025,1
ENSG00000178773.14,CPNE7,0.0,0.0,0
ENSG00000167526.13,RPL13,0.0,7.0081485e-05,1
ENSG00000197912.14,SPG7,0.0,0.0,0
ENSG00000261253.2,AC137932.6,0.0,0.0,0
ENSG00000167522.14,ANKRD11,0.0,0.0,0
ENSG00000260659.1,RP11-46C24.6,0.0,0.0,0
ENSG00000170100.13,ZNF778,0.0,0.0,0
ENSG00000259803.6,SLC22A31,0.0,0.0,0
ENSG00000129910.7,CDH15,0.0,0.0,0
ENSG00000261546.1,CTD-2555A7.3,0.0,0.0,0
ENSG00000176715.15,ACSF3,0.0,0.0,0
ENSG00000129993.14,CBFA2T3,0.0,0.0002526673,1
ENSG00000167515.10,TRAPPC2L,0.0,0.0,0
ENSG00000141012.12,GALNS,0.0,8.753086e-05,1
ENSG00000198931.10,APRT,0.0,0.0,0
ENSG00000167513.8,CDT1,0.0,0.0,0
ENSG00000200084.1,SNORD68,0.0,0.0,0
ENSG00000015413.9,DPEP1,0.0,0.00038281656,2
ENSG00000003249.13,DBNDD1,0.0,0.0,0
ENSG00000131165.14,CHMP1A,0.0,0.0,0
ENSG00000223959.8,AFG3L1P,0.0,0.0,0
ENSG00000140995.16,DEF8,0.0,0.0,0
ENSG00000258947.6,TUBB3,0.0,0.0,0
ENSG00000259006.1,RP11-566K11.4,0.0,0.0,0
ENSG00000258839.3,MC1R,0.0,0.0,0
ENSG00000141002.19,TCF25,0.0,0.0,0
ENSG00000204991.10,SPIRE2,0.0,0.0,0
ENSG00000187741.14,FANCA,0.0,0.0,0
ENSG00000158805.11,ZNF276,0.0,0.0,0
ENSG00000261373.1,VPS9D1-AS1,0.0,0.0,0
ENSG00000075399.13,VPS9D1,0.0,2.2480268e-05,1
ENSG00000158792.15,SPATA2L,0.0,9.518316e-05,1
ENSG00000260259.1,LINC02166,0.0,0.0,0
ENSG00000185324.21,CDK10,0.0,0.0,0
ENSG00000167523.13,SPATA33,0.0,0.0,0
ENSG00000262664.2,OVCA2,0.0,0.0,0
ENSG00000177374.12,HIC1,0.0,0.0,0
ENSG00000261879.5,RP11-333E1.1,0.0,0.0,0
ENSG00000161920.9,MED11,0.0,0.0,0
ENSG00000142507.9,PSMB6,0.0,0.0,0
ENSG00000182327.7,GLTPD2,0.0,0.0,0
ENSG00000182853.11,VMO1,0.0,0.0,0
ENSG00000142484.6,TM4SF5,0.0,0.0,0
ENSG00000141497.13,ZMYND15,0.0,0.0,0
ENSG00000161921.14,CXCL16,0.0,0.0,0
ENSG00000261898.2,RP11-314A20.5,0.0,0.0,0
ENSG00000141480.17,ARRB2,0.0,0.0,0
ENSG00000070366.13,SMG6,0.0,0.0,0
ENSG00000213939.4,RP11-314A20.1,0.0,0.0,0
ENSG00000141456.14,PELP1,0.0,0.0,0
ENSG00000161905.12,ALOX15,0.0,0.0,0
ENSG00000188176.11,SMTNL2,0.0,0.0,0
ENSG00000167741.10,GGT6,0.0,7.8836765e-06,1
ENSG00000132382.14,MYBBP1A,0.0,0.0,0
ENSG00000183018.8,SPNS2,0.0,0.0,0
ENSG00000129219.13,PLD2,0.0,0.0,0
ENSG00000141503.15,MINK1,0.0,0.0,0
ENSG00000108556.7,CHRNE,0.0,0.0,0
ENSG00000205710.3,C17orf107,0.0,0.0,0
ENSG00000180626.9,ZNF594,0.0,0.0,0
ENSG00000167840.13,ZNF232,0.0,0.0,0
ENSG00000180787.5,ZFP3,0.0,0.0,0
ENSG00000132517.14,SLC52A1,0.0,0.0,0
ENSG00000129250.11,KIF1C,0.0,0.0,0
ENSG00000196388.8,INCA1,0.0,0.0,0
ENSG00000262678.1,RP5-1050D4.4,0.0,0.0,0
ENSG00000262429.1,RP5-1050D4.3,0.0,0.0,0
ENSG00000108509.20,CAMTA2,0.0,0.0,0
ENSG00000091640.7,SPAG7,0.0,0.0,0
ENSG00000108515.17,ENO3,0.0,0.0,0
ENSG00000108518.7,PFN1,0.0,0.0,0
ENSG00000108523.15,RNF167,0.0,0.0,0
ENSG00000108528.13,SLC25A11,0.0,0.0,0
ENSG00000185245.7,GP1BA,0.0,0.0,0
ENSG00000182557.7,SPNS3,0.0,0.0,0
ENSG00000261868.1,MFSD1P1,0.0,0.0,0
ENSG00000132388.12,UBE2G1,0.0,0.0,0
ENSG00000197417.7,SHPK,0.0,0.0,0
ENSG00000167723.14,TRPV3,0.0,0.0,0
ENSG00000108381.10,ASPA,0.0,0.0,0
ENSG00000262884.1,CTD-3060P21.1,0.0,0.0,0
ENSG00000132359.14,RAP1GAP2,0.0,0.0,0
ENSG00000132361.16,CLUH,0.0,0.0,0
ENSG00000007168.12,PAFAH1B1,0.0,0.0004678748,1
ENSG00000127804.12,METTL16,0.0,0.0,0
ENSG00000070444.14,MNT,0.0,0.0,0
ENSG00000263345.1,RP1-59D14.5,0.0,0.0,0
ENSG00000212163.5,SNORD91A,0.0,0.0,0
ENSG00000275084.3,SNORD91B,0.0,0.0,0
ENSG00000167721.10,TSR1,0.0,0.0,0
ENSG00000262333.1,HNRNPA1P16,0.0,0.0,0
ENSG00000167720.12,SRR,0.0,0.0,0
ENSG00000262402.1,RP11-667K14.8,0.0,0.0,0
ENSG00000196689.11,TRPV1,0.0,0.0,0
ENSG00000262248.1,RP11-235E17.5,0.0,0.0,0
ENSG00000263219.1,RYKP1,0.0,0.0,0
ENSG00000040531.14,CTNS,0.0,0.0,0
ENSG00000185722.16,ANKFY1,0.0,0.0,0
ENSG00000167740.9,CYB5D2,0.0,0.0,0
ENSG00000074755.14,ZZEF1,0.0,0.0,0
ENSG00000074370.17,ATP2A3,0.0,0.0,0
ENSG00000108405.3,P2RX1,0.0,0.0,0
ENSG00000004660.14,CAMKK1,0.0,0.0,0
ENSG00000074356.16,NCBP3,0.0,0.0,0
ENSG00000262358.1,CTD-3195I5.4,0.0,0.00023746854,1
ENSG00000177602.5,GSG2,0.0,0.0,0
ENSG00000083457.11,ITGAE,0.0,0.0,0
ENSG00000083454.21,P2RX5,0.0,6.6349867e-06,1
ENSG00000127774.6,EMC6,0.0,0.0,0
ENSG00000240898.1,RP11-48B14.1,0.0,0.0,0
ENSG00000213977.7,TAX1BP3,0.0,0.0,0
ENSG00000262903.1,RP11-235E17.6,0.0,0.0,0
ENSG00000270553.1,RP11-15E18.5,0.0,0.0,0
ENSG00000141376.22,BCAS3,0.0,0.0,0
ENSG00000167604.13,NFKBID,0.0,0.0,0
ENSG00000197961.11,ZNF121,0.0,0.0,0
ENSG00000127452.8,FBXL12,0.0,0.0,0
ENSG00000267741.1,UBE2L4,0.0,0.0,0
ENSG00000196605.7,ZNF846,0.0,0.0,0
ENSG00000224689.9,ZNF812P,0.0,0.0,0
ENSG00000171466.9,ZNF562,0.0,0.0,0
ENSG00000267106.5,ZNF561-AS1,0.0,0.0,0
ENSG00000171469.10,ZNF561,0.0,0.0,0
ENSG00000130818.11,ZNF426,0.0,0.0,0
ENSG00000167785.8,ZNF558,0.0,0.0,0
ENSG00000174652.17,ZNF266,0.0,0.00040913938,2
ENSG00000188629.11,ZNF177,0.0,0.0,0
ENSG00000270614.1,CTC-325H20.7,0.0,0.0,0
ENSG00000270011.6,ZNF559-ZNF177,0.0,0.0,0
ENSG00000188321.13,ZNF559,0.0,0.0,0
ENSG00000196110.7,ZNF699,0.0,0.0,0
ENSG00000130803.14,ZNF317,0.0,0.0,0
ENSG00000267119.1,RPL10P15,0.0,0.0,0
ENSG00000198258.10,UBL5,0.0,0.0,0
ENSG00000127445.13,PIN1,0.0,0.0,0
ENSG00000105088.8,OLFM2,0.0,0.0,0
ENSG00000090339.8,ICAM1,0.0,0.0,0
ENSG00000266978.1,CTD-2369P2.5,0.0,0.0,0
ENSG00000105364.13,MRPL4,0.0,0.0,0
ENSG00000267534.2,S1PR2,0.0,0.0,0
ENSG00000130816.14,DNMT1,0.0,0.0,0
ENSG00000130811.11,EIF3G,0.0,0.0,0
ENSG00000244165.1,P2RY11,0.0,0.0,0
ENSG00000209645.1,SNORD105,0.0,0.0,0
ENSG00000130810.19,PPAN,0.0,0.0,0
ENSG00000130812.10,ANGPTL6,0.0,0.0,0
ENSG00000267387.1,CTD-2240E14.4,0.0,0.0,0
ENSG00000130813.17,C19orf66,0.0,0.0,0
ENSG00000167798.17,C3P1,0.0,0.0,0
ENSG00000267650.1,CTD-2553C6.1,0.0,0.0,0
ENSG00000080573.6,COL5A3,0.0,0.0,0
ENSG00000181143.15,MUC16,0.0,0.0,0
ENSG00000142303.13,ADAMTS10,0.0,0.0,0
ENSG00000104880.17,ARHGEF18,0.0,0.0,0
ENSG00000181029.8,TRAPPC5,0.0,0.0,0
ENSG00000268120.1,CTD-3193O13.11,0.0,0.0,0
ENSG00000183248.11,PRR36,0.0,0.0,0
ENSG00000142459.8,EVI5L,0.0,0.0,0
ENSG00000104938.16,CLEC4M,0.0,0.0,0
ENSG00000090659.17,CD209,0.0,0.0,0
ENSG00000182566.13,CLEC4G,0.0,0.0,0
ENSG00000104921.14,FCER2,0.0,0.0,0
ENSG00000183019.7,MCEMP1,0.0,0.0,0
ENSG00000142347.16,MYO1F,0.0,0.0,0
ENSG00000104918.7,RETN,0.0,0.0,0
ENSG00000076944.15,STXBP2,0.0,0.0,0
ENSG00000174788.9,PCP2,0.0,0.0,0
ENSG00000229833.9,PET100,0.0,0.004130087,2
ENSG00000032444.15,PNPLA6,0.0,0.0,0
ENSG00000090674.15,MCOLN1,0.0,0.0,0
ENSG00000269371.1,CTD-2207O23.11,0.0,0.0,0
ENSG00000171017.10,LRRC8E,0.0,0.0,0
ENSG00000214248.2,CTD-3193O13.12,0.0,0.0,0
ENSG00000076984.17,MAP2K7,0.0,0.0,0
ENSG00000104976.11,SNAPC2,0.0,0.0,0
ENSG00000133250.13,ZNF414,0.0,0.0,0
ENSG00000133246.11,PRAM1,0.0,0.0,0
ENSG00000099783.11,HNRNPM,0.0,0.0,0
ENSG00000279827.1,RP11-886P16.10,0.0,0.0005035517,2
ENSG00000099785.10,2-Mar,0.0,0.0,0
ENSG00000185236.11,RAB11B,0.0,0.0,0
ENSG00000167772.11,ANGPTL4,0.0,0.0002408333,1
ENSG00000186994.11,KANK3,0.0,0.0,0
ENSG00000233927.4,RPS28,0.0,0.0001431893,1
ENSG00000267855.5,NDUFA7,0.0,0.00036838514,1
ENSG00000167775.10,CD320,0.0,0.0,0
ENSG00000090661.11,CERS4,0.0,0.0011354926,1
ENSG00000142449.12,FBN3,0.0,0.0,0
ENSG00000066044.14,ELAVL1,0.0,0.0,0
ENSG00000104980.7,TIMM44,0.0,0.00036118485,1
ENSG00000267607.1,CTD-2369P2.8,0.0,0.0,0
ENSG00000105371.8,ICAM4,0.0,0.0,0
ENSG00000105376.4,ICAM5,0.0,0.0,0
ENSG00000267343.2,ZNF833P,0.0,0.0,0
ENSG00000196757.7,ZNF700,0.0,0.0,0
ENSG00000198429.9,ZNF69,0.0,0.0,0
ENSG00000171291.8,ZNF439,0.0,0.0,0
ENSG00000171295.12,ZNF440,0.0,0.0,0
ENSG00000177599.12,ZNF491,0.0,0.0,0
ENSG00000197044.10,ZNF441,0.0,0.0,0
ENSG00000197933.12,ZNF823,0.0,0.0,0
ENSG00000214223.4,HNRNPA1P10,0.0,0.0,0
ENSG00000267673.6,FDX2,0.0,0.0,0
ENSG00000102575.10,ACP5,0.0,0.0,0
ENSG00000198551.9,ZNF627,0.0,0.0,0
ENSG00000130165.10,ELOF1,0.0,0.0,0
ENSG00000130176.7,CNN1,0.0,0.0,0
ENSG00000213303.3,CTC-398G3.2,0.0,0.0,0
ENSG00000130159.13,ECSIT,0.0,0.0017865418,2
ENSG00000161914.9,ZNF653,0.0,0.0,0
ENSG00000197054.11,ZNF763,0.0,0.0,0
ENSG00000219665.8,CTD-2006C1.2,0.0,0.0,0
ENSG00000197647.11,ZNF433,0.0,0.0,0
ENSG00000257446.3,ZNF878,0.0,0.0,0
ENSG00000249709.7,ZNF564,0.0,0.0,0
ENSG00000235686.1,PPIAP20,0.0,0.0,0
ENSG00000242852.6,ZNF709,0.0,0.0,0
ENSG00000180855.15,ZNF443,0.0,0.0,0
ENSG00000196466.10,ZNF799,0.0,0.0,0
ENSG00000198342.9,ZNF442,0.0,0.0,0
ENSG00000188868.13,ZNF563,0.0,0.0,0
ENSG00000234750.1,CTD-2666L21.2,0.0,0.0,0
ENSG00000197857.13,ZNF44,0.0,0.0,0
ENSG00000196646.11,ZNF136,0.0,0.0,0
ENSG00000257591.5,ZNF625,0.0,0.0,0
ENSG00000242615.1,CTC-359D24.3,0.0,0.0,0
ENSG00000132010.15,ZNF20,0.0,0.0,0
ENSG00000214189.8,ZNF788,0.0,0.000494589,1
ENSG00000223547.9,ZNF844,0.0,0.0,0
ENSG00000130175.9,PRKCSH,0.0,0.0,0
ENSG00000198003.11,CCDC151,0.0,0.0,0
ENSG00000205517.12,RGL3,0.0,0.0,0
ENSG00000099203.6,TMED1,0.0,0.0,0
ENSG00000213339.8,QTRT1,0.0,0.0,0
ENSG00000129351.17,ILF3,0.0,0.0,0
ENSG00000129353.14,SLC44A2,0.0,5.681054e-06,1
ENSG00000129354.11,AP1M2,0.0,0.0,0
ENSG00000129355.6,CDKN2D,0.0,0.0026119784,3
ENSG00000129347.19,KRI1,0.0,0.0,0
ENSG00000130734.9,ATG4D,0.0,0.0,0
ENSG00000079999.13,KEAP1,0.0,0.0,0
ENSG00000065989.15,PDE4A,0.0,0.0,0
ENSG00000284268.1,MIR1181,0.0,0.0,0
ENSG00000105401.8,CDC37,0.0,0.0,0
ENSG00000105397.13,TYK2,0.0,0.0,0
ENSG00000076662.9,ICAM3,0.0,0.0,0
ENSG00000274425.1,AC114271.2,0.0,0.0,0
ENSG00000161847.13,RAVER1,0.0,0.0,0
ENSG00000079805.16,DNM2,0.0,0.0,0
ENSG00000214212.8,C19orf38,0.0,0.0,0
ENSG00000187266.13,EPOR,0.0,0.0,0
ENSG00000142453.11,CARM1,0.0,0.0,0
ENSG00000173928.2,SWSAP1,0.0,0.0,0
ENSG00000267277.1,CTD-2342J14.6,0.0,0.0,0
ENSG00000105520.10,PLPPR2,0.0,0.0,0
ENSG00000183401.11,CCDC159,0.0,0.0,0
ENSG00000105518.13,TMEM205,0.0,0.0,0
ENSG00000105514.7,RAB3D,0.0,0.0,0
ENSG00000130173.13,ANGPTL8,0.0,0.0,0
ENSG00000130158.13,DOCK6,0.0,0.0,0
ENSG00000197256.10,KANK2,0.0,0.0,0
ENSG00000161888.11,SPC24,0.0,0.0,0
ENSG00000130164.13,LDLR,0.0,0.0,0
ENSG00000278643.1,uc_338,0.0,0.0,0
ENSG00000127616.17,SMARCA4,0.0,0.0,0
ENSG00000142444.6,TIMM29,0.0,0.0,0
ENSG00000130733.10,YIPF2,0.0,0.0,0
ENSG00000198816.6,ZNF358,0.0,3.2753735e-05,1
ENSG00000171105.13,INSR,0.0,0.0,0
ENSG00000173875.13,ZNF791,0.0,0.0,0
ENSG00000186300.11,ZNF555,0.0,0.0,0
ENSG00000088256.8,GNA11,0.0,0.0,0
ENSG00000104964.14,AES,0.0,0.0,0
ENSG00000065717.14,TLE2,0.0,0.0,0
ENSG00000104953.19,TLE6,0.0,0.0,0
ENSG00000175691.8,ZNF77,0.0,0.0,0
ENSG00000253392.2,AC006277.2,0.0,0.0,0
ENSG00000171970.12,ZNF57,0.0,0.0,0
ENSG00000172006.11,ZNF554,0.0,0.0,0
ENSG00000005206.16,SPPL2B,0.0,0.0,0
ENSG00000172009.14,THOP1,0.0,0.0,0
ENSG00000141873.10,SLC39A3,0.0,0.0013776416,1
ENSG00000267749.1,CTC-265F19.1,0.0,0.0,0
ENSG00000105694.3,ELOCP28,0.0,0.0,0
ENSG00000099860.8,GADD45B,0.0,0.0,0
ENSG00000176619.12,LMNB2,0.0,0.0,0
ENSG00000099800.7,TIMM13,0.0,0.0,0
ENSG00000267139.1,AC005262.3,0.0,0.0,0
ENSG00000267688.1,AC005262.2,0.0,0.0,0
ENSG00000060558.3,GNA15,0.0,0.0,0
ENSG00000125910.5,S1PR4,0.0,0.0,0
ENSG00000011132.11,APBA3,0.0,0.0,0
ENSG00000105289.14,TJP3,0.0,0.0,0
ENSG00000186111.9,PIP5K1C,0.0,0.0,0
ENSG00000105298.13,CACTIN,0.0,0.0,0
ENSG00000226800.5,CACTIN-AS1,0.0,0.0,0
ENSG00000006638.11,TBXA2R,0.0,0.0,0
ENSG00000179855.5,GIPC3,0.0,0.0,0
ENSG00000064961.18,HMG20B,0.0,0.0,0
ENSG00000183397.5,C19orf71,0.0,0.0,0
ENSG00000161091.12,MFSD12,0.0,0.0,0
ENSG00000105325.13,FZR1,0.0,0.0,0
ENSG00000129932.7,DOHH,0.0,0.0,0
ENSG00000095932.6,SMIM24,0.0,0.0,0
ENSG00000141905.17,NFIC,0.0,0.0,0
ENSG00000125912.10,NCLN,0.0,0.0,0
ENSG00000178297.12,TMPRSS9,0.0,0.0,0
ENSG00000130332.14,LSM7,0.0,0.0,0
ENSG00000130544.11,ZNF557,0.0,7.757828e-05,1
ENSG00000267317.2,CTB-25B13.12,0.0,0.0,0
ENSG00000130270.16,ATP8B3,0.0,0.0,0
ENSG00000071564.14,TCF3,0.0,0.0,0
ENSG00000127540.11,UQCR11,0.0,0.000214495,1
ENSG00000071655.17,MBD3,0.0,0.00030004556,1
ENSG00000181588.16,MEX3D,0.0,0.0,0
ENSG00000115255.10,REEP6,0.0,0.0,0
ENSG00000115257.15,PCSK4,0.0,0.0,0
ENSG00000115268.9,RPS15,0.0,0.0,0
ENSG00000220008.3,LINGO3,0.0,0.0,0
ENSG00000130005.12,GAMT,0.0,0.0,0
ENSG00000280486.1,LLNLR-307A6.1,0.0,0.0,0
ENSG00000115286.19,NDUFS7,0.0,0.00024559436,1
ENSG00000279488.1,AC004623.3,0.0,0.00057362736,1
ENSG00000160953.15,MUM1,0.0,0.0,0
ENSG00000228300.13,C19orf24,0.0,0.0,0
ENSG00000267493.3,CIRBP-AS1,0.0,0.0,0
ENSG00000079313.13,REXO1,0.0,0.0,0
ENSG00000129911.8,KLF16,0.0,0.0,0
ENSG00000129968.15,ABHD17A,0.0,0.0,0
ENSG00000227500.9,SCAMP4,0.0,0.0,0
ENSG00000104904.12,OAZ1,0.0,0.0,0
ENSG00000104899.7,AMH,0.0,1.2257393e-05,1
ENSG00000104897.9,SF3A2,0.0,0.0007848117,2
ENSG00000104886.11,PLEKHJ1,0.0,0.0,0
ENSG00000267122.1,AC004490.1,0.0,0.0,0
ENSG00000104885.17,DOT1L,0.0,0.0,0
ENSG00000065000.15,AP3D1,0.0,0.0,0
ENSG00000099840.13,IZUMO4,0.0,0.00065805146,1
ENSG00000172081.13,MOB3A,0.0,0.002454394,1
ENSG00000099875.14,MKNK2,0.0,0.0,0
ENSG00000267283.1,AC005306.3,0.0,0.0,0
ENSG00000133243.8,BTBD2,0.0,0.0,0
ENSG00000180846.8,CSNK1G2-AS1,0.0,0.0,0
ENSG00000133275.15,CSNK1G2,0.0,0.0,0
ENSG00000213638.5,ADAT3,0.0,0.0,0
ENSG00000183617.4,MRPL54,0.0,0.0,0
ENSG00000007264.14,MATK,0.0,0.00018135764,1
ENSG00000167657.13,DAPK3,0.0,0.0,0
ENSG00000266941.1,AC104532.3,0.0,0.0,0
ENSG00000130382.8,MLLT1,0.0,0.0,0
ENSG00000267589.1,CTC-232P5.4,0.0,0.0,0
ENSG00000087903.12,RFX2,0.0,0.0,0
ENSG00000031823.14,RANBP3,0.0,0.0,0
ENSG00000105519.15,CAPS,0.0,0.0,0
ENSG00000267571.1,AC104532.4,0.0,0.0,0
ENSG00000187650.3,VMAC,0.0,0.0,0
ENSG00000174886.12,NDUFA11,0.0,0.00057352544,1
ENSG00000283928.1,MIR637,0.0,0.0,0
ENSG00000171124.12,FUT3,0.0,0.0,0
ENSG00000156413.13,FUT6,0.0,0.0,0
ENSG00000171119.2,NRTN,0.0,0.0,0
ENSG00000141994.15,DUS3L,0.0,0.0,0
ENSG00000212123.3,PRR22,0.0,0.0,0
ENSG00000196365.11,LONP1,0.0,0.0,0
ENSG00000167733.13,HSD11B1L,0.0,0.0,0
ENSG00000125656.8,CLPP,0.0,0.0,0
ENSG00000125652.7,ALKBH7,0.0,0.0,0
ENSG00000125651.13,GTF2F1,0.0,0.0,0
ENSG00000088247.17,KHSRP,0.0,0.0,0
ENSG00000268845.1,RP11-1137G4.3,0.0,0.0,0
ENSG00000268758.7,ADGRE4P,0.0,0.0,0
ENSG00000174837.14,ADGRE1,0.0,0.0,0
ENSG00000141968.7,VAV1,0.0,0.0,0
ENSG00000125731.12,SH2D3A,0.0,0.0,0
ENSG00000125733.17,TRIP10,0.0,0.0,0
ENSG00000125734.15,GPR108,0.0,0.0,0
ENSG00000125730.16,C3,0.0,0.00020893342,1
ENSG00000125726.10,CD70,0.0,0.0,0
ENSG00000125657.4,TNFSF9,0.0,0.0,0
ENSG00000104833.11,TUBB4A,0.0,0.00021577944,1
ENSG00000275234.1,CTD-2396E7.11,0.0,0.0,0
ENSG00000205744.9,DENND1C,0.0,0.0,0
ENSG00000130545.15,CRB3,0.0,0.0,0
ENSG00000125648.14,SLC25A23,0.0,0.0,0
ENSG00000174917.8,C19orf70,0.0,0.0,0
ENSG00000160633.12,SAFB,0.0,0.0,0
ENSG00000130254.11,SAFB2,0.0,0.0,0
ENSG00000167671.11,UBXN6,0.0,0.0,0
ENSG00000267980.1,AC007292.6,0.0,0.0,0
ENSG00000141985.9,SH3GL1,0.0,0.0,0
ENSG00000269318.1,AC007292.3,0.0,0.0,0
ENSG00000008382.15,MPND,0.0,0.0,0
ENSG00000178078.11,STAP2,0.0,0.0,0
ENSG00000105255.10,FSD1,0.0,0.0,0
ENSG00000105248.15,CCDC94,0.0,0.0,0
ENSG00000105246.5,EBI3,0.0,0.00017609009,1
ENSG00000089847.12,ANKRD24,0.0,0.0,0
ENSG00000077463.14,SIRT6,0.0,0.0,0
ENSG00000060566.13,CREB3L3,0.0,0.0001964949,2
ENSG00000126934.13,MAP2K2,0.0,0.0,0
ENSG00000178951.8,ZBTB7A,0.0,5.887828e-05,1
ENSG00000105229.6,PIAS4,0.0,0.0,0
ENSG00000167658.15,EEF2,0.0,0.0,0
ENSG00000167670.15,CHAF1A,0.0,7.094045e-05,1
ENSG00000167674.14,CTB-50L17.10,0.0,0.0,0
ENSG00000233270.1,SNRPEP4,0.0,0.0,0
ENSG00000167676.4,PLIN4,0.0,0.0,0
ENSG00000239524.2,RPL32P34,0.0,0.0,0
ENSG00000105426.16,PTPRS,0.0,0.0,0
ENSG00000127663.14,KDM4B,0.0,0.0,0
ENSG00000276043.4,UHRF1,0.0,0.0,0
ENSG00000205784.2,ARRDC5,0.0,0.0,0
ENSG00000105355.8,PLIN3,0.0,0.0,0
ENSG00000127666.9,TICAM1,0.0,0.0,0
ENSG00000269604.1,AC005523.2,0.0,0.0,0
ENSG00000141965.4,FEM1A,0.0,0.0,0
ENSG00000176840.11,MIR7-3HG,0.0,0.0,0
ENSG00000205790.1,DPP9-AS1,0.0,0.0,0
ENSG00000142002.16,DPP9,0.0,0.0,0
ENSG00000074842.7,MYDGF,0.0,0.0,0
ENSG00000167680.15,SEMA6B,0.0,0.0,0
ENSG00000171236.9,LRG1,0.0,0.0,0
ENSG00000188033.9,ZNF490,0.0,0.0,0
ENSG00000178464.6,RPL10P16,0.0,0.0,0
ENSG00000224011.1,AC111155.1,0.0,0.0,0
ENSG00000105750.14,ZNF85,0.0,0.0,0
ENSG00000268731.1,CTD-2561J22.1,0.0,0.0,0
ENSG00000172687.13,ZNF738,0.0,0.0,0
ENSG00000182141.10,ZNF708,0.0,0.0,0
ENSG00000240522.1,RPL7AP10,0.0,0.0,0
ENSG00000196705.8,ZNF431,0.0,0.0,0
ENSG00000160352.15,ZNF714,0.0,0.0,0
ENSG00000118620.12,ZNF430,0.0,0.0,0
ENSG00000160229.11,ZNF66,0.0,0.0,0
ENSG00000184635.14,ZNF93,0.0,0.0,0
ENSG00000188171.15,ZNF626,0.0,0.0,0
ENSG00000237440.8,ZNF737,0.0,0.0,0
ENSG00000231205.11,ZNF826P,0.0,0.0,0
ENSG00000213985.4,AC078899.1,0.0,0.0,0
ENSG00000256229.7,ZNF486,0.0,0.0,0
ENSG00000224864.4,CTC-260E6.2,0.0,0.0,0
ENSG00000213988.10,ZNF90,0.0,0.0,0
ENSG00000213976.4,CTD-2561J22.2,0.0,0.0,0
ENSG00000196268.11,ZNF493,0.0,0.0,0
ENSG00000197013.9,ZNF429,0.0,0.0,0
ENSG00000268081.1,RP11-678G14.2,0.0,0.0,0
ENSG00000233836.7,RP11-255H23.2,0.0,0.0,0
ENSG00000196172.9,ZNF681,0.0,0.0,0
ENSG00000197372.9,ZNF675,0.0,0.0,0
ENSG00000268992.1,CDC42EP3P1,0.0,0.0,0
ENSG00000167232.13,ZNF91,0.0,0.0,0
ENSG00000284428.1,RP11-15H20.6,0.0,0.0,0
ENSG00000196081.9,ZNF724,0.0,0.0,0
ENSG00000183850.13,ZNF730,0.0,0.0,0
ENSG00000269067.1,ZNF728,0.0,0.0,0
ENSG00000196109.6,ZNF676,0.0,0.0,0
ENSG00000197134.11,ZNF257,0.0,0.0,0
ENSG00000160321.14,ZNF208,0.0,0.0,0
ENSG00000198521.11,ZNF43,0.0,0.0,0
ENSG00000269845.1,RP11-420K14.6,0.0,0.0,0
ENSG00000197020.10,ZNF100,0.0,0.0,0
ENSG00000197124.11,ZNF682,0.0,0.0,0
ENSG00000256771.3,ZNF253,0.0,0.0,0
ENSG00000105656.12,ELL,0.0,0.0,0
ENSG00000005007.12,UPF1,0.0,0.0,0
ENSG00000181035.13,SLC25A42,0.0,0.0,0
ENSG00000105676.13,ARMC6,0.0,0.0,0
ENSG00000064607.16,SUGP2,0.0,0.0,0
ENSG00000051128.18,HOMER3,0.0,0.0,0
ENSG00000105671.11,DDX49,0.0,0.0,0
ENSG00000105669.13,COPE,0.0,0.0,0
ENSG00000130283.8,GDF1,0.0,0.0,0
ENSG00000105664.10,COMP,0.0,0.0,0
ENSG00000081665.13,ZNF506,0.0,0.0,0
ENSG00000105662.15,CRTC1,0.0,0.0,0
ENSG00000105696.8,TMEM59L,0.0,0.0,0
ENSG00000006015.17,C19orf60,0.0,0.0,0
ENSG00000006016.10,CRLF1,0.0,0.0,0
ENSG00000221983.7,UBA52,0.0,0.0,0
ENSG00000268983.1,AC005253.4,0.0,0.0,0
ENSG00000105700.10,KXD1,0.0,0.0,0
ENSG00000064545.14,TMEM161A,0.0,0.0,0
ENSG00000213999.15,MEF2B,0.0,0.0,0
ENSG00000254901.7,BORCS8,0.0,0.0,0
ENSG00000064490.13,RFXANK,0.0,0.0,0
ENSG00000105708.8,ZNF14,0.0,0.0,0
ENSG00000181896.11,ZNF101,0.0,0.0,0
ENSG00000105726.16,ATP13A1,0.0,0.0,0
ENSG00000089639.10,GMIP,0.0,0.0,0
ENSG00000064547.13,LPAR2,0.0,0.0,0
ENSG00000267178.3,PHF5CP,0.0,0.0,0
ENSG00000105717.13,PBX4,0.0,0.0,0
ENSG00000160161.9,CILP2,0.0,0.0,0
ENSG00000250067.11,YJEFN3,0.0,0.0,0
ENSG00000186010.18,NDUFA13,0.0,0.0,0
ENSG00000207821.1,MIR640,0.0,0.0,0
ENSG00000167491.17,GATAD2A,0.0,0.0,0
ENSG00000129933.20,MAU2,0.0,0.0,0
ENSG00000105705.15,SUGP1,0.0,0.0,0
ENSG00000184162.14,NR2C2AP,0.0,0.0,0
ENSG00000213967.10,ZNF726,0.0,9.2396236e-05,1
ENSG00000269289.5,CTB-92J24.3,0.0,0.0,0
ENSG00000213096.10,ZNF254,0.0,0.0,0
ENSG00000153902.13,LGI4,0.0,0.0,0
ENSG00000012124.16,CD22,0.0,0.0,0
ENSG00000105695.14,MAG,0.0,0.0,0
ENSG00000105697.7,HAMP,0.0,0.0,0
ENSG00000105698.15,USF2,0.0,0.0,0
ENSG00000105699.16,LSR,0.0,0.0,0
ENSG00000089327.14,FXYD5,0.0,0.0,0
ENSG00000266964.5,FXYD1,0.0,0.0,0
ENSG00000089356.18,FXYD3,0.0,0.0,0
ENSG00000268442.1,CTD-2027I19.2,0.0,0.0,0
ENSG00000227392.1,HPN-AS1,0.0,0.0002485124,2
ENSG00000105707.13,HPN,0.0,0.0,0
ENSG00000105711.11,SCN1B,0.0,0.0,0
ENSG00000089351.14,GRAMD1A,0.0,0.0,0
ENSG00000180884.9,ZNF792,0.0,0.0,0
ENSG00000168661.14,ZNF30,0.0,0.0,0
ENSG00000197841.14,ZNF181,0.0,0.0,0
ENSG00000188508.10,KRTDAP,0.0,0.0,0
ENSG00000161249.20,DMKN,0.0,0.0,0
ENSG00000189001.10,SBSN,0.0,0.0,0
ENSG00000105679.8,GAPDHS,0.0,0.0,0
ENSG00000167595.14,PROSER3,0.0,0.0,0
ENSG00000004776.12,HSPB6,0.0,0.0,0
ENSG00000267328.1,AC002398.12,0.0,0.0,0
ENSG00000267439.1,AC002398.11,0.0,0.0,0
ENSG00000205155.7,PSENEN,0.0,0.0,0
ENSG00000126246.9,IGFLR1,0.0,0.0,0
ENSG00000272333.5,KMT2B,0.0,0.0,0
ENSG00000011590.13,ZBTB32,0.0,0.0,0
ENSG00000126267.8,COX6B1,0.0,0.0,0
ENSG00000126254.11,RBM42,0.0,0.0,0
ENSG00000249115.8,HAUS5,0.0,0.0,0
ENSG00000283907.1,LLNLF-96A1.1,0.0,0.0,0
ENSG00000105675.8,ATP4A,0.0,0.0,0
ENSG00000105677.11,TMEM147,0.0,0.0,0
ENSG00000236144.6,TMEM147-AS1,0.0,0.0,0
ENSG00000089335.20,ZNF302,0.0,0.0,0
ENSG00000142279.12,WTIP,0.0,0.0,0
ENSG00000126261.12,UBA2,0.0,0.0,0
ENSG00000173809.17,TDRD12,0.0,0.0,0
ENSG00000201388.1,SNORA68,0.0,0.0,0
ENSG00000105186.15,ANKRD27,0.0,0.0,0
ENSG00000105185.11,PDCD5,0.0,0.0,0
ENSG00000178904.18,DPY19L3,0.0,0.0,0
ENSG00000168813.16,ZNF507,0.0,0.0,0
ENSG00000121297.6,TSHZ3,0.0,0.0,0
ENSG00000266910.1,CTC-448F2.6,0.0,0.0,0
ENSG00000267692.1,TAF9P3,0.0,0.0,0
ENSG00000242100.2,RPL9P32,0.0,0.0,0
ENSG00000105176.17,URI1,0.0,0.0,0
ENSG00000105173.13,CCNE1,0.0,0.0,0
ENSG00000131943.17,C19orf12,0.0,0.0,0
ENSG00000166289.5,PLEKHF1,0.0,0.0,0
ENSG00000105171.9,POP4,0.0,0.0,0
ENSG00000169021.5,UQCRFS1,0.0,0.0,0
ENSG00000213965.3,NUDT19,0.0,0.0,0
ENSG00000021488.12,SLC7A9,0.0,0.0,0
ENSG00000126249.7,PDCD2L,0.0,0.0,0
ENSG00000121289.17,CEP89,0.0,0.0,0
ENSG00000105220.14,GPI,0.0,0.00042903362,1
ENSG00000257074.3,RPL29P33,0.0,0.0,0
ENSG00000166398.12,KIAA0355,0.0,0.0,0
ENSG00000257103.8,LSM14A,0.0,0.0,0
ENSG00000153885.14,KCTD15,0.0,0.0,0
ENSG00000124299.13,PEPD,0.0,0.0,0
ENSG00000153879.8,CEBPG,0.0,0.0,0
ENSG00000267727.1,CTD-2540B15.7,0.0,0.0,0
ENSG00000245848.2,CEBPA,0.0,0.0,0
ENSG00000273420.1,CTD-2540B15.13,0.0,0.0,0
ENSG00000130881.13,LRP3,0.0,0.0,0
ENSG00000166359.10,WDR88,0.0,0.0,0
ENSG00000076650.6,GPATCH1,0.0,0.0,0
ENSG00000131941.7,RHPN2,0.0,0.0,0
ENSG00000131944.9,FAAP24,0.0,0.0,0
ENSG00000105701.15,FKBP8,0.0,0.0,0
ENSG00000105655.18,ISYNA1,0.0,0.00010185836,1
ENSG00000104774.12,MAN2B1,0.0,0.0,0
ENSG00000105011.8,ASF1B,0.0,0.0,0
ENSG00000132002.7,DNAJB1,0.0,0.0,0
ENSG00000224543.4,SNRPGP15,0.0,0.0,0
ENSG00000123159.15,GIPC1,0.0,0.0,0
ENSG00000123136.14,DDX39A,0.0,0.0,0
ENSG00000267379.1,CTC-548K16.5,0.0,0.0,0
ENSG00000123146.19,ADGRE5,0.0,0.0,0
ENSG00000072071.16,ADGRL1,0.0,0.0,0
ENSG00000072062.13,PRKACA,0.0,0.0,0
ENSG00000132016.11,C19orf57,0.0,0.0,0
ENSG00000141858.11,SAMD1,0.0,0.0005054404,1
ENSG00000141854.9,MISP3,0.0,0.0,0
ENSG00000187867.8,PALM3,0.0,0.0,0
ENSG00000104998.3,IL27RA,0.0,0.0,0
ENSG00000132005.8,RFX1,0.0,0.0,0
ENSG00000132017.10,DCAF15,0.0,0.0,0
ENSG00000132000.11,PODNL1,0.0,0.0,0
ENSG00000099797.13,TECR,0.0,0.0,0
ENSG00000099795.6,NDUFB7,0.0,0.0,0
ENSG00000187912.11,CLEC17A,0.0,0.0,0
ENSG00000131355.14,ADGRE3,0.0,0.0,0
ENSG00000105122.12,RASAL3,0.0,0.0,0
ENSG00000011451.17,WIZ,0.0,0.0,0
ENSG00000279716.1,AC006128.2,0.0,0.0,0
ENSG00000011243.17,AKAP8L,0.0,0.00013136922,1
ENSG00000105127.8,AKAP8,0.0,0.000924132,2
ENSG00000141867.17,BRD4,0.0,0.0,0
ENSG00000105131.7,EPHX3,0.0,0.00091098604,2
ENSG00000074181.8,NOTCH3,0.0,0.0,0
ENSG00000105135.15,ILVBL,0.0,0.0,0
ENSG00000105137.12,SYDE1,0.0,0.00094578584,1
ENSG00000105141.5,CASP14,0.0,0.00049453473,1
ENSG00000256210.3,AC005255.3,0.0,0.0,0
ENSG00000127507.17,ADGRE2,0.0,0.0,0
ENSG00000160961.11,ZNF333,0.0,0.0,0
ENSG00000269378.1,ITGB1P1,0.0,0.0,0
ENSG00000132024.17,CC2D1A,0.0,0.0,0
ENSG00000132003.9,ZSWIM4,0.0,0.0,0
ENSG00000130511.15,SSBP4,0.0,0.0,0
ENSG00000123144.10,C19orf43,0.0,0.0,0
ENSG00000105613.9,MAST1,0.0,0.0,0
ENSG00000104889.5,RNASEH2A,0.0,0.0,0
ENSG00000267062.1,CTD-2659N19.10,0.0,0.0,0
ENSG00000167815.11,PRDX2,0.0,0.0,0
ENSG00000171223.5,JUNB,0.0,0.0,0
ENSG00000095066.11,HOOK2,0.0,0.0,0
ENSG00000198356.11,ASNA1,0.0,0.0,0
ENSG00000209702.1,SNORD41,0.0,6.5573506e-05,1
ENSG00000104979.8,C19orf53,0.0,0.0,0
ENSG00000105576.15,TNPO2,0.0,0.0,0
ENSG00000267791.1,CTD-2659N19.2,0.0,0.0,0
ENSG00000132004.12,FBXW9,0.0,0.0,0
ENSG00000283980.1,CTD-2659N19.11,0.0,0.0,0
ENSG00000095059.15,DHPS,0.0,0.0,0
ENSG00000105583.9,WDR83OS,0.0,0.0,0
ENSG00000123154.11,WDR83,0.0,0.0,0
ENSG00000267735.1,CTD-2265O21.7,0.0,0.0,0
ENSG00000105607.12,GCDH,0.0,0.0,0
ENSG00000240616.1,RPS6P25,0.0,0.0,0
ENSG00000161860.7,SYCE2,0.0,0.0,0
ENSG00000267633.1,CTB-5E10.3,0.0,0.0,0
ENSG00000037757.13,MRI1,0.0,0.0,0
ENSG00000104957.13,CCDC130,0.0,0.0,0
ENSG00000141837.19,CACNA1A,0.0,0.0,0
ENSG00000213253.5,RPL12P42,0.0,0.0,0
ENSG00000267598.1,CTC-250I14.6,0.0,0.0,0
ENSG00000160888.6,IER2,0.0,0.0,0
ENSG00000160877.5,NACC1,0.0,0.0,0
ENSG00000104907.12,TRMT1,0.0,0.0,0
ENSG00000104903.4,LYL1,0.0,0.0,0
ENSG00000008441.16,NFIX,0.0,0.0,0
ENSG00000179271.2,GADD45GIP1,0.0,0.0,0
ENSG00000179262.9,RAD23A,0.0,0.0,0
ENSG00000179218.13,CALR,0.0,0.0,0
ENSG00000179115.10,FARSA,0.0,0.0,0
ENSG00000171954.12,CYP4F22,0.0,0.00019742297,1
ENSG00000267135.2,AD000091.3,0.0,0.00039495682,1
ENSG00000225067.4,RPL23AP2,0.0,0.0,0
ENSG00000130479.10,MAP1S,0.0,0.0,0
ENSG00000105641.3,SLC5A5,0.0,0.0001580555,1
ENSG00000207166.1,SNORA68,0.0,0.0,0
ENSG00000105640.12,RPL18A,0.0,0.0,0
ENSG00000105639.18,JAK3,0.0,0.0,0
ENSG00000248099.3,INSL3,0.0,0.0,0
ENSG00000130475.14,FCHO1,0.0,0.0,0
ENSG00000268112.1,CTD-3149D2.4,0.0,0.0,0
ENSG00000130477.15,UNC13A,0.0,0.0,0
ENSG00000186529.15,CYP4F3,0.0,0.0,0
ENSG00000130309.10,COLGALT1,0.0,0.0,0
ENSG00000167483.17,FAM129C,0.0,0.0,0
ENSG00000130313.6,PGLS,0.0,0.0,0
ENSG00000269439.5,CTD-3131K8.2,0.0,0.0,0
ENSG00000130304.16,SLC27A1,0.0,0.0,0
ENSG00000141971.12,MVB12A,0.0,0.0,0
ENSG00000130303.12,BST2,0.0,0.0,0
ENSG00000007080.10,CCDC124,0.0,0.0,0
ENSG00000105643.9,ARRDC2,0.0,0.0,0
ENSG00000279172.1,CTB-52I2.7,0.0,0.0,0
ENSG00000273654.1,CTB-52I2.4,0.0,0.0,0
ENSG00000175489.9,LRRC25,0.0,0.0,0
ENSG00000130513.6,GDF15,0.0,0.0,0
ENSG00000130517.13,PGPEP1,0.0,0.0,0
ENSG00000130520.10,LSM4,0.0,0.0,0
ENSG00000241464.3,RPL39P38,0.0,0.0,0
ENSG00000130522.5,JUND,0.0,0.0,0
ENSG00000130518.16,KIAA1683,0.0,0.0,0
ENSG00000105650.21,PDE4C,0.0,0.0,0
ENSG00000105649.9,RAB3A,0.0,0.0,0
ENSG00000254858.9,MPV17L2,0.0,0.0,0
ENSG00000216490.3,IFI30,0.0,2.139986e-06,1
ENSG00000105647.16,PIK3R2,0.0,0.0,0
ENSG00000099308.10,MAST3,0.0,0.0,0
ENSG00000096996.15,IL12RB1,0.0,0.0,0
ENSG00000243455.3,RPS18P13,0.0,0.0,0
ENSG00000130300.8,PLVAP,0.0,0.0,0
ENSG00000130299.16,GTPBP3,0.0,0.0,0
ENSG00000074855.10,ANO8,0.0,0.0,0
ENSG00000105085.10,MED26,0.0,0.0,0
ENSG00000085872.14,CHERP,0.0,0.0,0
ENSG00000105072.8,C19orf44,0.0,0.0,0
ENSG00000240418.1,CTD-2013N17.1,0.0,0.0,0
ENSG00000127527.13,EPS15L1,0.0,0.0,0
ENSG00000127528.5,KLF2,0.0,0.0,0
ENSG00000072958.8,AP1M1,0.0,0.0,0
ENSG00000105058.11,FAM32A,0.0,0.0,0
ENSG00000196684.12,HSH2D,0.0,0.0,0
ENSG00000167461.11,RAB8A,0.0,0.0,0
ENSG00000279198.1,CTD-2231E14.2,0.0,0.0,0
ENSG00000167460.14,TPM4,0.0,0.0,0
ENSG00000171903.16,CYP4F11,0.0,0.0,0
ENSG00000267056.2,AC005336.4,0.0,0.0,0
ENSG00000186115.12,CYP4F2,0.0,0.00011283598,1
ENSG00000186204.14,CYP4F12,0.0,0.0,0
ENSG00000127526.14,SLC35E1,0.0,0.0,0
ENSG00000214046.8,SMIM7,0.0,0.0,0
ENSG00000130311.10,DDA1,0.0,0.0,0
ENSG00000072954.6,TMEM38A,0.0,0.0,0
ENSG00000130312.6,MRPL34,0.0,0.0,0
ENSG00000127220.5,ABHD8,0.0,0.00019432545,1
ENSG00000105393.15,BABAM1,0.0,0.0,0
ENSG00000130307.11,USHBP1,0.0,0.0,0
ENSG00000160113.5,NR2F6,0.0,0.0,0
ENSG00000099330.8,OCEL1,0.0,0.0,0
ENSG00000053501.12,USE1,0.0,0.0,0
ENSG00000269480.1,CTD-3032J10.3,0.0,0.0,0
ENSG00000268056.5,CTD-3032J10.2,0.0,0.0,0
ENSG00000099331.13,MYO9B,0.0,0.0,0
ENSG00000131351.14,HAUS8,0.0,0.0,0
ENSG00000160111.12,CPAMD8,0.0,0.0,0
ENSG00000127533.3,F2RL3,0.0,0.0,0
ENSG00000127511.9,SIN3B,0.0,0.0,0
ENSG00000188039.13,NWD1,0.0,0.0,0
ENSG00000099622.13,CIRBP,0.0,0.0,0
ENSG00000167470.12,MIDN,0.0,0.0,0
ENSG00000118046.14,STK11,0.0,0.0,0
ENSG00000284250.1,MIR6516,0.0,0.0,0
ENSG00000167900.11,TK1,0.0,0.0,0
ENSG00000108639.7,SYNGR2,0.0,0.0,0
ENSG00000167895.14,TMC8,0.0,0.0,0
ENSG00000204282.4,TNRC6C-AS1,0.0,0.0,0
ENSG00000078687.17,TNRC6C,0.0,0.0016319886,1
ENSG00000279801.1,RP11-75C10.6,0.0,0.0,0
ENSG00000184640.17,9-Sep,0.0,0.0,0
ENSG00000129657.14,SEC14L1,0.0,0.0,0
ENSG00000070526.14,ST6GALNAC1,0.0,0.0,0
ENSG00000234912.11,SNHG20,0.0,0.0012987247,2
ENSG00000167889.12,MGAT5B,0.0,0.0,0
ENSG00000092931.11,MFSD11,0.0,0.0,0
ENSG00000161547.16,SRSF2,0.0,0.0,0
ENSG00000181038.13,METTL23,0.0,2.7606022e-05,1
ENSG00000274051.1,uc_338,0.0,0.0,0
ENSG00000070495.14,JMJD6,0.0,0.0,0
ENSG00000183077.15,AFMID,0.0,0.0,0
ENSG00000089685.14,BIRC5,0.0,0.0,0
ENSG00000184557.4,SOCS3,0.0,0.0,0
ENSG00000087157.18,PGS1,0.0,0.0,0
ENSG00000275516.1,RP11-353N14.7,0.0,0.0,0
ENSG00000167291.15,TBC1D16,0.0,0.0,0
ENSG00000141582.14,CBX4,0.0,0.0,0
ENSG00000141570.10,CBX8,0.0,0.0,0
ENSG00000173894.10,CBX2,0.0,0.0,0
ENSG00000167280.16,ENGASE,0.0,0.0,0
ENSG00000173918.14,C1QTNF1,0.0,0.0,0
ENSG00000171302.16,CANT1,0.0,0.0,0
ENSG00000108679.12,LGALS3BP,0.0,0.0,0
ENSG00000178404.9,CEP295NL,0.0,0.0,0
ENSG00000267601.1,RP11-323N12.5,0.0,0.0,0
ENSG00000035862.12,TIMP2,0.0,0.0,0
ENSG00000055483.19,USP36,0.0,0.0,0
ENSG00000108669.16,CYTH1,0.0,0.0,0
ENSG00000187775.16,DNAH17,0.0,4.3018597e-05,1
ENSG00000182534.13,MXRA7,0.0,0.0,0
ENSG00000267078.1,RP11-666A8.9,0.0,0.0,0
ENSG00000259120.2,SMIM6,0.0,0.0,0
ENSG00000267801.1,RP11-552F3.9,0.0,0.0,0
ENSG00000167880.7,EVPL,0.0,0.0,0
ENSG00000250506.7,CDK3,0.0,0.00052211934,1
ENSG00000257949.6,TEN1,0.0,0.0,0
ENSG00000161533.11,ACOX1,0.0,0.0,0
ENSG00000188878.19,FBF1,0.0,0.0,0
ENSG00000204316.12,MRPL38,0.0,0.0,0
ENSG00000141569.10,TRIM65,0.0,0.0,0
ENSG00000132481.6,TRIM47,0.0,0.0,0
ENSG00000070731.10,ST6GALNAC2,0.0,0.0,0
ENSG00000132471.11,WBP2,0.0,0.0,0
ENSG00000092929.11,UNC13D,0.0,0.0,0
ENSG00000266980.1,RP11-552F3.4,0.0,0.0,0
ENSG00000132478.9,UNK,0.0,0.0,0
ENSG00000132475.10,H3F3B,0.0,0.0,0
ENSG00000108479.11,GALK1,0.0,0.00032060468,1
ENSG00000132470.13,ITGB4,0.0,0.0,0
ENSG00000167881.14,SRP68,0.0,0.0,0
ENSG00000186919.12,ZACN,0.0,0.0,0
ENSG00000182473.21,EXOC7,0.0,0.0,0
ENSG00000279382.1,RP11-449J21.3,0.0,0.0,0
ENSG00000284526.1,RP11-666A8.13,0.0,0.0,0
ENSG00000199961.1,SNORD1B,0.0,3.1599928e-05,1
ENSG00000274091.1,SNORD1C,0.0,0.0,0
ENSG00000163597.14,SNHG16,0.0,0.0007584409,1
ENSG00000214140.10,PRCD,0.0,0.0,0
ENSG00000161544.9,CYGB,0.0,0.0,0
ENSG00000129667.12,RHBDF2,0.0,0.0,0
ENSG00000175931.12,UBE2O,0.0,0.0,0
ENSG00000176170.13,SPHK1,0.0,0.0,0
ENSG00000161542.16,PRPSAP1,0.0,0.0,0
ENSG00000129646.14,QRICH2,0.0,0.0,0
ENSG00000185262.8,UBALD2,0.0,0.0,0
ENSG00000228218.1,ATF4P3,0.0,0.0,0
ENSG00000141576.14,RNF157,0.0,0.0,0
ENSG00000129654.7,FOXJ1,0.0,0.0,0
ENSG00000141519.14,CCDC40,0.0,0.0,0
ENSG00000171298.12,GAA,0.0,0.0,0
ENSG00000141543.9,EIF4A3,0.0,0.0,0
ENSG00000187531.13,SIRT7,0.0,0.0,0
ENSG00000169750.8,RAC3,0.0,0.0,0
ENSG00000169683.7,LRRC45,0.0,0.0,0
ENSG00000169689.14,CENPX,0.0,0.0,0
ENSG00000169696.15,ASPSCR1,0.0,0.0,0
ENSG00000185269.11,NOTUM,0.0,0.0,0
ENSG00000183010.16,PYCR1,0.0,0.0,0
ENSG00000264769.1,RP11-498C9.12,0.0,0.0,0
ENSG00000185813.10,PCYT2,0.0,0.0,0
ENSG00000141527.16,CARD14,0.0,0.0,0
ENSG00000141552.17,ANAPC11,0.0,0.0,0
ENSG00000183684.7,ALYREF,0.0,0.0,0
ENSG00000141522.11,ARHGDIA,0.0,0.0,0
ENSG00000262413.1,RP11-498C9.3,0.0,0.0,0
ENSG00000262831.1,RP11-498C9.2,0.0,0.0,0
ENSG00000225663.7,MCRIP1,0.0,0.0,0
ENSG00000215644.9,GCGR,0.0,0.0011157657,2
ENSG00000169738.7,DCXR,0.0,0.0,0
ENSG00000169733.11,RFNG,0.0,0.00020781365,1
ENSG00000169718.17,DUS1L,0.0,0.0,0
ENSG00000169710.8,FASN,0.0,0.0,0
ENSG00000141580.15,WDR45B,0.0,0.0,0
ENSG00000265136.1,RP13-638C3.6,0.0,0.0,0
ENSG00000141568.20,FOXK2,0.0,0.0,0
ENSG00000266236.1,NARF-IT1,0.0,0.0,0
ENSG00000141562.17,NARF,0.0,0.0,0
ENSG00000178927.17,C17orf62,0.0,0.0,0
ENSG00000169660.15,HEXDC,0.0,0.0,0
ENSG00000181396.12,OGFOD3,0.0,0.0,0
ENSG00000141574.7,SECTM1,0.0,0.0,0
ENSG00000173762.7,CD7,0.0,0.0,0
ENSG00000280407.2,RP13-516M14.8,0.0,0.0,0
ENSG00000275888.1,RP13-516M14.10,0.0,0.0,0
ENSG00000141551.14,CSNK1D,0.0,0.0,0
ENSG00000141526.16,SLC16A3,0.0,0.0,0
ENSG00000176155.18,CCDC57,0.0,0.0,0
ENSG00000183048.11,SLC25A10,0.0,0.0,0
ENSG00000262814.7,MRPL12,0.0,0.0,0
ENSG00000262049.1,RP13-1032I1.7,0.0,0.0,0
ENSG00000141577.13,CEP131,0.0,0.0,0
ENSG00000181409.11,AATK,0.0,0.0,0
ENSG00000175866.15,BAIAP2,0.0,0.0,0
ENSG00000226137.5,BAIAP2-AS1,0.0,0.0,0
ENSG00000176108.9,CHMP6,0.0,0.0,0
ENSG00000232083.3,RPL31P7,0.0,0.00030907214,1
ENSG00000141564.13,RPTOR,0.0,0.0,0
ENSG00000171246.5,NPTX1,0.0,0.0,0
ENSG00000173818.16,ENDOV,0.0,0.0,0
ENSG00000263069.5,CTD-2047H16.4,0.0,0.0,0
ENSG00000280248.1,CTD-2047H16.3,0.0,0.0,0
ENSG00000276863.1,CTD-2047H16.5,0.0,0.0,0
ENSG00000173821.19,RNF213,0.0,0.0,0
ENSG00000181045.14,SLC26A11,0.0,0.0,0
ENSG00000181523.12,SGSH,0.0,0.0,0
ENSG00000262580.5,RP11-334C17.5,0.0,0.0,0
ENSG00000207736.1,MIR657,0.0,0.00012336046,1
ENSG00000262115.1,RP11-455O6.2,0.0,0.0,0
ENSG00000185359.12,HGS,0.0,0.0,0
ENSG00000167302.10,TEPSIN,0.0,0.0,0
ENSG00000214087.8,ARL16,0.0,0.0,0
ENSG00000185298.12,CCDC137,0.0,0.0,0
ENSG00000204237.4,OXLD1,0.0,0.0,0
ENSG00000185527.11,PDE6G,0.0,0.0,0
ENSG00000182446.13,NPLOC4,0.0,0.0,0
ENSG00000185504.16,FAAP100,0.0,0.0,0
ENSG00000186765.11,FSCN2,0.0,0.0,0
ENSG00000184009.9,ACTG1,0.0,0.0,0
ENSG00000263271.1,RP11-1055B8.8,0.0,0.0,0
ENSG00000266074.8,BAHCC1,0.0,0.0,0
ENSG00000185168.5,LINC00482,0.0,0.0,0
ENSG00000276101.1,RP11-455O6.8,0.0,0.0,0
ENSG00000157637.12,SLC38A10,0.0,0.0,0
ENSG00000224877.3,NDUFAF8,0.0,0.0,0
ENSG00000260005.6,AC027601.1,0.0,0.0,0
ENSG00000161526.14,SAP30BP,0.0,0.00073645724,1
ENSG00000108469.14,RECQL5,0.0,0.0,0
ENSG00000064932.15,SBNO2,0.0,0.0,0
ENSG00000256525.6,POLG2,0.0,0.00038134487,1
ENSG00000265298.1,RP13-104F24.3,0.0,0.0,0
ENSG00000266820.1,KPNA2P3,0.0,0.0,0
ENSG00000270714.1,MINOS1P2,0.0,0.0,0
ENSG00000108854.15,SMURF2,0.0,0.0,0
ENSG00000258890.6,CEP95,0.0,0.00035510672,1
ENSG00000108654.13,DDX5,0.0,0.0,0
ENSG00000256826.1,ATP5J2P4,0.0,0.0,0
ENSG00000271605.5,MILR1,0.0,0.0,0
ENSG00000224383.7,PRR29,0.0,0.0,0
ENSG00000261371.5,PECAM1,0.0,0.0,0
ENSG00000136478.7,TEX2,0.0,8.934425e-05,1
ENSG00000277887.1,SNORA50C,0.0,0.0,0
ENSG00000281311.1,SNORA50,0.0,0.0,0
ENSG00000199753.1,SNORD104,0.0,0.0,0
ENSG00000266402.3,SNHG25,0.0,0.0,0
ENSG00000178607.15,ERN1,0.0,0.0,0
ENSG00000263647.1,BPTFP1,0.0,0.0,0
ENSG00000214176.9,PLEKHM1P1,0.0,0.0,0
ENSG00000176809.10,LRRC37A3,0.0,0.0,0
ENSG00000264057.1,RP11-583F2.1,0.0,0.0,0
ENSG00000197170.9,PSMD12,0.0,0.001349328,1
ENSG00000207410.1,SNORA8,0.0,0.0,0
ENSG00000213180.4,RPL36AP48,0.0,0.0,0
ENSG00000198265.11,HELZ,0.0,0.0,0
ENSG00000075461.5,CACNG4,0.0,0.0,0
ENSG00000154229.11,PRKCA,0.0,0.0,0
ENSG00000091583.10,APOH,0.0,0.0,0
ENSG00000270870.1,GS1-531I17.2,0.0,0.0,0
ENSG00000154240.16,CEP112,0.0,0.0,0
ENSG00000168646.12,AXIN2,0.0,0.0,0
ENSG00000108370.16,RGS9,0.0,0.0,0
ENSG00000120063.9,GNA13,0.0,0.0,0
ENSG00000214174.8,AMZ2P1,0.0,0.0,0
ENSG00000232457.4,SLC16A6P1,0.0,0.0,0
ENSG00000272346.2,RP11-927P21.11,0.0,0.0,0
ENSG00000108622.10,ICAM2,0.0,0.0,0
ENSG00000007314.12,SCN4A,0.0,1.8687777e-05,1
ENSG00000266714.6,MYO15B,0.0,0.0,0
ENSG00000108506.11,INTS2,0.0,0.0,0
ENSG00000265702.1,RP11-156L14.1,0.0,0.0,0
ENSG00000279713.1,CTD-3035K23.3,0.0,0.0,0
ENSG00000011028.13,MRC2,0.0,0.0,0
ENSG00000239246.3,RP11-464D20.2,0.0,0.0,0
ENSG00000146872.17,TLK2,0.0,0.0,0
ENSG00000087995.15,METTL2A,0.0,0.0,0
ENSG00000108510.9,MED13,0.0,0.0,0
ENSG00000136492.8,BRIP1,0.0,0.0,0
ENSG00000007312.12,CD79B,0.0,0.0,0
ENSG00000253506.2,NACA2,0.0,0.0,0
ENSG00000121075.9,TBX4,0.0,0.0,0
ENSG00000187013.4,C17orf82,0.0,0.0,0
ENSG00000121068.13,TBX2,0.0,0.0,0
ENSG00000227694.1,RPL23AP74,0.0,0.0,0
ENSG00000267449.1,RP11-264B14.2,0.0,0.0,0
ENSG00000267207.1,RP11-264B14.1,0.0,0.0,0
ENSG00000173838.11,10-Mar,0.0,0.0,0
ENSG00000170921.15,TANC2,0.0,0.0,0
ENSG00000233635.2,AC037445.1,0.0,0.0,0
ENSG00000271919.1,RP11-269G24.8,0.0,0.0,0
ENSG00000136488.14,CSH1,0.0,0.0,0
ENSG00000213218.10,CSH2,0.0,0.0,0
ENSG00000108604.15,SMARCD2,0.0,0.0,0
ENSG00000087191.12,PSMC5,0.0,0.0,0
ENSG00000108592.16,FTSJ3,0.0,0.0,0
ENSG00000198231.12,DDX42,0.0,0.0,0
ENSG00000136490.8,LIMD2,0.0,0.0,0
ENSG00000266173.6,STRADA,0.0,0.0,0
ENSG00000198909.7,MAP3K3,0.0,0.0,0
ENSG00000136463.7,TACO1,0.0,0.0,0
ENSG00000136485.14,DCAF7,0.0,0.0,0
ENSG00000173826.14,KCNH6,0.0,0.0,0
ENSG00000159640.15,ACE,0.0,0.0,0
ENSG00000228979.4,CTD-2501B8.5,0.0,0.0,0
ENSG00000008283.15,CYB561,0.0,0.0,0
ENSG00000154217.14,PITPNC1,0.0,0.0,0
ENSG00000263690.2,hsa-mir-548d-2,0.0,0.0021852122,2
ENSG00000207688.2,MIR548AA2,0.0,0.00018938453,1
ENSG00000186074.18,CD300LF,0.0,0.0,0
ENSG00000167862.9,MRPL58,0.0,0.0,0
ENSG00000109089.7,CDR2L,0.0,0.0,0
ENSG00000167861.15,HID1,0.0,0.0,0
ENSG00000161513.11,FDXR,0.0,0.0,0
ENSG00000109066.13,TMEM104,0.0,0.0,0
ENSG00000109065.11,NAT9,0.0,0.0,0
ENSG00000266036.1,RP11-452I5.2,0.0,0.0,0
ENSG00000172794.19,RAB37,0.0,0.0,0
ENSG00000130935.9,NOL11,0.0,0.0,0
ENSG00000186407.6,CD300E,0.0,0.0,0
ENSG00000167850.3,CD300C,0.0,0.0,0
ENSG00000167851.13,CD300A,0.0,0.0,0
ENSG00000170412.16,GPRC5C,0.0,0.0,0
ENSG00000196169.14,KIF19,0.0,0.0002317212,1
ENSG00000266106.1,RP11-647F2.2,0.0,0.0,0
ENSG00000171595.13,DNAI2,0.0,0.0,0
ENSG00000180901.10,KCTD2,0.0,0.0,0
ENSG00000167863.11,ATP5H,0.0,0.0,0
ENSG00000170190.15,SLC16A5,0.0,0.0,0
ENSG00000125449.6,ARMC7,0.0,0.0,0
ENSG00000073350.13,LLGL2,0.0,0.0,0
ENSG00000182173.12,TSEN54,0.0,0.0,0
ENSG00000177303.9,CASKIN2,0.0,0.0,0
ENSG00000177728.16,TMEM94,0.0,0.0,0
ENSG00000228007.1,AC011933.2,0.0,0.0,0
ENSG00000125454.11,SLC25A19,0.0,0.0,0
ENSG00000263843.1,RP11-649A18.12,0.0,0.0,0
ENSG00000125457.13,MIF4GD,0.0,0.0,0
ENSG00000125445.10,MRPS7,0.0,0.0,0
ENSG00000125447.16,GGA3,0.0,0.0,0
ENSG00000125450.10,NUP85,0.0,0.0,0
ENSG00000188612.11,SUMO2,0.0,0.0,0
ENSG00000189159.15,HN1,0.0,0.0,0
ENSG00000279035.1,RP11-649A18.3,0.0,0.0,0
ENSG00000125458.6,NT5C,0.0,0.0,0
ENSG00000141540.10,TTYH2,0.0,0.0,0
ENSG00000172809.12,RPL38,0.0,0.0,0
ENSG00000069188.16,SDK2,0.0,0.0,0
ENSG00000108950.11,FAM20A,0.0,0.0,0
ENSG00000207561.1,MIR635,0.0,0.0,0
ENSG00000070540.12,WIPI1,0.0,0.0,0
ENSG00000267009.6,RP11-120M18.2,0.0,0.0,0
ENSG00000108932.11,SLC16A6,0.0,0.0,0
ENSG00000141337.12,ARSG,0.0,0.0,0
ENSG00000196704.11,AMZ2,0.0,0.0,0
ENSG00000267352.1,SH3GL1P3,0.0,0.0,0
ENSG00000277476.1,RP11-147L13.13,0.0,0.0,0
ENSG00000278730.1,RP11-147L13.11,0.0,0.0,0
ENSG00000267023.5,LRRC37A16P,0.0,0.0,0
ENSG00000237854.3,LINC00674,0.0,0.0,0
ENSG00000182481.8,KPNA2,0.0,0.0,0
ENSG00000186665.9,C17orf58,0.0,0.0,0
ENSG00000279880.1,RP11-855A2.2,0.0,0.0,0
ENSG00000171634.16,BPTF,0.0,0.0,0
ENSG00000108946.14,PRKAR1A,0.0,0.0,0
ENSG00000141338.13,ABCA8,0.0,0.0,0
ENSG00000179604.9,CDC42EP4,0.0,0.0,0
ENSG00000231749.3,ABCA9-AS1,0.0,0.00031595377,1
ENSG00000141219.15,C17orf80,0.0,0.0,0
ENSG00000133193.12,FAM104A,0.0,0.0,0
ENSG00000277728.1,RP11-143K11.7,0.0,0.0,0
ENSG00000166685.11,COG1,0.0,0.0,0
ENSG00000266501.1,RP11-766H1.1,0.0,0.0,0
ENSG00000133195.11,SLC39A11,0.0,0.0,0
ENSG00000125398.5,SOX9,0.0,0.0,0
ENSG00000123700.4,KCNJ2,0.0,0.0,0
ENSG00000153822.13,KCNJ16,0.0,0.0,0
ENSG00000108984.13,MAP2K6,0.0,0.00039879885,1
ENSG00000267203.1,SNRPGP4,0.0,0.0,0
ENSG00000154265.15,ABCA5,0.0,0.0,0
ENSG00000154263.17,ABCA10,0.0,0.0,0
ENSG00000154262.12,ABCA6,0.0,0.0,0
ENSG00000154258.16,ABCA9,0.0,0.0,0
ENSG00000141542.10,RAB40B,0.0,0.0,0
ENSG00000141560.14,FN3KRP,0.0,0.0,0
ENSG00000167363.13,FN3K,0.0,0.0,0
ENSG00000066926.10,FECH,0.0,0.0,0
ENSG00000267743.5,RP11-718I15.1,0.0,0.0,0
ENSG00000049759.17,NEDD4L,0.0,0.0,0
ENSG00000235028.3,HMGN1P30,0.0,0.0,0
ENSG00000081923.11,ATP8B1,0.0,0.0,0
ENSG00000267787.5,RP11-35G9.5,0.0,0.0,0
ENSG00000267040.6,RP11-35G9.3,0.0,0.0,0
ENSG00000134440.11,NARS,0.0,0.0,0
ENSG00000091157.13,WDR7,0.0,0.0,0
ENSG00000134046.11,MBD2,0.0,0.0,0
ENSG00000091164.12,TXNL1,0.0,0.0,0
ENSG00000196628.15,TCF4,0.0,0.0,0
ENSG00000166510.13,CCDC68,0.0,0.0,0
ENSG00000041353.9,RAB27B,0.0,0.00033238606,1
ENSG00000264350.1,SNRPGP2,0.0,0.0,0
ENSG00000166845.13,C18orf54,0.0,0.0,0
ENSG00000101751.10,POLI,0.0,0.0,0
ENSG00000198796.6,ALPK2,0.0,5.128443e-05,1
ENSG00000267257.1,RP11-1151B14.4,0.0,0.0,0
ENSG00000172175.12,MALT1,0.0,0.0,0
ENSG00000074657.13,ZNF532,0.0,0.0,0
ENSG00000206075.13,SERPINB5,0.0,0.0,0
ENSG00000119541.9,VPS4B,0.0,0.0,0
ENSG00000119537.15,KDSR,0.0,0.0,0
ENSG00000171791.12,BCL2,0.0,0.0,0
ENSG00000081913.13,PHLPP1,0.0,0.0,0
ENSG00000141664.9,ZCCHC2,0.0,0.0,0
ENSG00000141655.16,TNFRSF11A,0.0,0.0,0
ENSG00000134444.13,KIAA1468,0.0,0.0,0
ENSG00000197563.10,PIGN,0.0,0.0,0
ENSG00000267742.1,FAM60CP,0.0,0.0,0
ENSG00000141682.11,PMAIP1,0.0,0.0,0
ENSG00000183287.13,CCBE1,0.0,0.0,0
ENSG00000074695.5,LMAN1,0.0,0.0,0
ENSG00000134443.9,GRP,0.0,0.0,0
ENSG00000166562.8,SEC11C,0.0,0.0,0
ENSG00000207233.1,SNORA37,0.0,0.0,0
ENSG00000187323.11,DCC,0.0,0.0,0
ENSG00000141556.20,TBCD,0.0,0.0,0
ENSG00000206181.5,ELOA2,0.0,0.0,0
ENSG00000134030.13,CTIF,0.0,0.0,0
ENSG00000184828.9,ZBTB7C,0.0,0.0,0
ENSG00000175387.15,SMAD2,0.0,0.0,0
ENSG00000134049.5,IER3IP1,0.0,0.0,0
ENSG00000267800.1,RP11-49K24.5,0.0,0.0,0
ENSG00000167220.11,HDHD2,0.0,0.0,0
ENSG00000266957.1,RP11-49K24.4,0.0,0.0,0
ENSG00000278674.1,ELOA3B,0.0,0.0,0
ENSG00000176624.10,MEX3C,0.0,0.0,0
ENSG00000275553.3,ELOA3C,0.0,0.0,0
ENSG00000167216.16,KATNAL2,0.0,0.0,0
ENSG00000078043.15,PIAS2,0.0,0.0,0
ENSG00000152242.10,C18orf25,0.0,0.0,0
ENSG00000152240.12,HAUS1,0.0,0.0,0
ENSG00000152234.15,ATP5A1,0.0,0.0,0
ENSG00000267293.1,RP11-8H2.1,0.0,0.0,0
ENSG00000101665.8,SMAD7,0.0,0.0,0
ENSG00000141627.13,DYM,0.0,0.0,0
ENSG00000177576.11,C18orf32,0.0,0.0,0
ENSG00000265681.7,RPL17,0.0,0.0,0
ENSG00000141646.13,SMAD4,0.0,0.0,0
ENSG00000141642.8,ELAC1,0.0,0.0,0
ENSG00000082212.12,ME2,0.0,0.0009782825,1
ENSG00000141639.11,MAPK4,0.0,0.0,0
ENSG00000154839.9,SKA1,0.0,0.0,0
ENSG00000154832.14,CXXC1,0.0,0.0,0
ENSG00000141644.17,MBD1,0.0,0.0,0
ENSG00000172361.5,CFAP53,0.0,0.0,0
ENSG00000167306.19,MYO5B,0.0,0.0,0
ENSG00000252139.1,SCARNA18,0.0,0.0,0
ENSG00000251992.1,SCARNA17,0.0,0.0,0
ENSG00000267322.2,SNHG22,0.0,0.0,0
ENSG00000167315.17,ACAA2,0.0,0.00014093895,1
ENSG00000101670.11,LIPG,0.0,0.0,0
ENSG00000271982.1,SNORD58B,0.0,0.0,0
ENSG00000214318.3,ATP5G1P6,0.0,0.0,0
ENSG00000197641.11,SERPINB13,0.0,0.0,0
ENSG00000206073.10,SERPINB4,0.0,4.0516952e-05,1
ENSG00000197540.7,GZMM,0.0,0.0,0
ENSG00000099864.17,PALM,0.0,0.0,0
ENSG00000070404.9,FSTL3,0.0,0.0,0
ENSG00000070423.17,RNF126,0.0,0.0,0
ENSG00000099821.13,POLRMT,0.0,0.0,0
ENSG00000099822.2,HCN2,0.0,0.0,0
ENSG00000172270.18,BSG,0.0,0.0,0
ENSG00000267751.5,AC009005.2,0.0,0.0,0
ENSG00000099804.8,CDC34,0.0,0.0,0
ENSG00000206072.12,SERPINB11,0.0,0.0,0
ENSG00000141933.9,TPGS1,0.0,0.0,0
ENSG00000129946.10,SHC2,0.0,0.000118993536,1
ENSG00000105556.11,MIER2,0.0,0.0,0
ENSG00000141934.9,PLPP2,0.0,0.0,0
ENSG00000282508.1,LINC01002,0.0,0.0,0
ENSG00000282458.1,WASH5P,0.0,0.0,0
ENSG00000267251.2,AC139100.3,0.0,0.0,0
ENSG00000099812.8,MISP,0.0,0.0,0
ENSG00000011304.19,PTBP1,0.0,0.0,0
ENSG00000129951.18,PLPPR3,0.0,0.0,0
ENSG00000197561.6,ELANE,0.0,0.0,0
ENSG00000167468.16,GPX4,0.0,0.0,0
ENSG00000099817.11,POLR2E,0.0,0.0,0
ENSG00000180448.10,ARHGAP45,0.0,0.0,0
ENSG00000064687.12,ABCA7,0.0,0.0,0
ENSG00000064666.14,CNN2,0.0,0.0,0
ENSG00000207357.1,RNU6-2,0.0,0.0,0
ENSG00000274177.1,LLNLR-284B4.1,0.0,0.0,0
ENSG00000182087.12,TMEM259,0.0,0.0,0
ENSG00000116032.5,GRIN3B,0.0,0.0,0
ENSG00000065268.10,WDR18,0.0,0.0,0
ENSG00000116017.10,ARID3A,0.0,0.0,0
ENSG00000116014.9,KISS1R,0.0,0.0,0
ENSG00000207507.1,RNU6-9,0.0,0.0,0
ENSG00000175221.14,MED16,0.0,0.0,0
ENSG00000197766.7,CFD,0.0,0.0,0
ENSG00000178184.15,PARD6G,0.0,0.0,0
ENSG00000101544.8,ADNP2,0.0,0.0,0
ENSG00000101546.12,RBFA,0.0,0.0,0
ENSG00000075336.11,TIMM21,0.0,0.0,0
ENSG00000176225.13,RTTN,0.0,0.0,0
ENSG00000150637.8,CD226,0.0,0.0,0
ENSG00000206052.10,DOK6,0.0,0.0,0
ENSG00000150636.17,CCDC102B,0.0,0.0,0
ENSG00000166479.9,TMX3,0.0,0.0,0
ENSG00000260747.1,RP11-421N8.1,0.0,0.0,0
ENSG00000263424.1,CTD-2541J13.2,0.0,0.0,0
ENSG00000171451.13,DSEL,0.0,0.0,0
ENSG00000071991.8,CDH19,0.0,0.0,0
ENSG00000166401.14,SERPINB8,0.0,0.0,0
ENSG00000221887.5,HMSD,0.0,0.0,0
ENSG00000242550.5,SERPINB10,0.0,8.082451e-05,1
ENSG00000197632.8,SERPINB2,0.0,0.00037293247,1
ENSG00000166396.12,SERPINB7,0.0,0.0,0
ENSG00000057149.15,SERPINB3,0.0,0.0,0
ENSG00000170677.5,SOCS6,0.0,0.0,0
ENSG00000166347.18,CYB5A,0.0,0.0,0
ENSG00000141759.14,TXNL4A,0.0,0.0,0
ENSG00000235297.3,FAUP1,0.0,0.0,0
ENSG00000226742.3,HSBP1L1,0.0,0.0,0
ENSG00000122490.18,PQLC1,0.0,0.0,0
ENSG00000060069.16,CTDP1,0.0,0.0,0
ENSG00000131196.17,NFATC1,0.0,0.0,0
ENSG00000166377.19,ATP9B,0.0,0.0,0
ENSG00000197971.14,MBP,0.0,0.0,0
ENSG00000244229.1,RPL26P35,0.0,0.0,0
ENSG00000130856.15,ZNF236,0.0,0.0,0
ENSG00000265626.1,AC139085.2,0.0,0.0,0
ENSG00000101493.10,ZNF516,0.0,0.0,0
ENSG00000179981.9,TSHZ1,0.0,0.0,0
ENSG00000180011.6,ZADH2,0.0,0.0,0
ENSG00000215421.9,ZNF407,0.0,0.0,0
ENSG00000150656.14,CNDP1,0.0,0.0,0
ENSG00000133313.14,CNDP2,0.0,0.0,0
ENSG00000152223.12,EPG5,0.0,0.0,0
ENSG00000197046.11,SIGLEC15,0.0,0.00015487081,1
ENSG00000141469.16,SLC14A1,0.0,0.0,0
ENSG00000168461.12,RAB31,0.0,0.0,0
ENSG00000257513.7,NPIPB1P,0.0,0.0,0
ENSG00000264843.1,RP11-856M7.2,0.0,0.0,0
ENSG00000154864.11,PIEZO2,0.0,0.0,0
ENSG00000134265.12,NAPG,0.0,0.0,0
ENSG00000154856.12,APCDD1,0.0,0.0,0
ENSG00000101558.13,VAPA,0.0,0.0,0
ENSG00000168454.11,TXNDC2,0.0,0.0,0
ENSG00000154845.15,PPP4R1,0.0,0.0,0
ENSG00000067900.7,ROCK1,0.0,0.0,0
ENSG00000017797.12,RALBP1,0.0,0.0,0
ENSG00000128791.11,TWSG1,0.0,0.0,0
ENSG00000101745.16,ANKRD12,0.0,0.0,0
ENSG00000178127.12,NDUFV2,0.0,1.7957505e-05,1
ENSG00000168502.17,MTCL1,0.0,0.0,0
ENSG00000266708.1,RP11-661O13.1,0.0,0.0,0
ENSG00000206418.3,RAB12,0.0,0.0,0
ENSG00000141404.15,GNAL,0.0,0.0,0
ENSG00000255112.2,CHMP1B,0.0,0.0,0
ENSG00000154889.16,MPPE1,0.0,0.0,0
ENSG00000141401.11,IMPA2,0.0,0.0,0
ENSG00000186481.16,ANKRD20A5P,0.0,0.00052270165,1
ENSG00000101654.17,RNMT,0.0,0.0,0
ENSG00000177150.12,FAM210A,0.0,0.0,0
ENSG00000168675.18,LDLRAD4,0.0,0.0,0
ENSG00000101639.18,CEP192,0.0,0.0,0
ENSG00000266969.1,RP11-773H22.4,0.0,0.0,0
ENSG00000085415.15,SEH1L,0.0,0.0,0
ENSG00000175354.18,PTPN2,0.0,0.0,0
ENSG00000101624.10,CEP76,0.0,0.0,0
ENSG00000128789.20,PSMG2,0.0,0.0,0
ENSG00000134278.15,SPIRE1,0.0,0.0,0
ENSG00000141391.13,PRELID3A,0.0,0.0,0
ENSG00000141385.9,AFG3L2,0.0,0.0,0
ENSG00000176014.12,TUBB6,0.0,0.0,0
ENSG00000181626.11,ANKRD62,0.0,0.0,0
ENSG00000173482.16,PTPRM,0.0,0.0,0
ENSG00000101680.14,LAMA1,0.0,0.0,0
ENSG00000263797.1,RP11-146G7.2,0.0,0.0,0
ENSG00000132205.10,EMILIN2,0.0,0.0,0
ENSG00000080986.12,NDC80,0.0,0.0,0
ENSG00000101574.14,METTL4,0.0,7.133943e-05,1
ENSG00000265417.1,RP11-288C17.1,0.0,0.00039067905,1
ENSG00000266171.1,RP11-769O8.1,0.0,0.0,0
ENSG00000176105.13,YES1,0.0,0.0,0
ENSG00000265490.1,RP11-806L2.6,0.0,0.0,0
ENSG00000132199.18,ENOSF1,0.0,0.0,0
ENSG00000176890.15,TYMS,0.0,0.0,0
ENSG00000176912.3,TYMSOS,0.0,0.0,0
ENSG00000158270.11,COLEC12,0.0,0.0,0
ENSG00000079134.11,THOC1,0.0,0.0,0
ENSG00000101557.14,USP14,0.0,0.0,0
ENSG00000176845.12,METRNL,0.0,0.0,0
ENSG00000175711.8,B3GNTL1,0.0,0.0001205951,1
ENSG00000141579.6,ZNF750,0.0,0.0,0
ENSG00000101596.14,SMCHD1,0.0,0.0,0
ENSG00000101577.9,LPIN2,0.0,0.0,0
ENSG00000088756.12,ARHGAP28,0.0,0.0,0
ENSG00000272625.1,RP11-737O24.5,0.0,0.0,0
ENSG00000235552.4,RPL6P27,0.0,0.0,0
ENSG00000154655.15,L3MBTL4,0.0,0.0,0
ENSG00000082397.17,EPB41L3,0.0,0.0,0
ENSG00000198081.10,ZBTB14,0.0,0.0,0
ENSG00000263753.6,LINC00667,0.0,0.0,0
ENSG00000264575.1,LINC00526,0.0,0.0,0
ENSG00000265091.5,RP11-835E18.5,0.0,0.0,0
ENSG00000177337.7,DLGAP1-AS1,0.0,0.0,0
ENSG00000177426.20,TGIF1,0.0,0.0,0
ENSG00000118680.12,MYL12B,0.0,0.0002692774,1
ENSG00000264235.5,RP13-270P17.1,0.0,0.0,0
ENSG00000101605.12,MYOM1,0.0,0.0,0
ENSG00000264186.1,SNRPCP4,0.0,0.0,0
ENSG00000265907.1,RP11-737O24.2,0.0,0.0,0
ENSG00000263606.1,RP11-737O24.3,0.0,0.0,0
ENSG00000266145.1,RHOT1P1,0.0,0.0,0
ENSG00000141449.14,GREB1L,0.0,0.0,0
ENSG00000132874.14,SLC14A2,0.0,0.0,0
ENSG00000141434.11,MEP1B,0.0,0.0,0
ENSG00000134769.21,DTNA,0.0,0.0,0
ENSG00000267746.1,RP11-379L18.1,0.0,0.0,0
ENSG00000101746.15,NOL4,0.0,0.00049267104,1
ENSG00000141431.10,ASXL3,0.0,0.0,0
ENSG00000215492.6,HNRNPA1P7,0.0,0.0,0
ENSG00000262477.1,AC021224.1,0.0,0.0,0
ENSG00000264982.1,RP11-344B2.2,0.0,0.0,0
ENSG00000141441.15,GAREM1,0.0,0.0,0
ENSG00000141446.10,ESCO1,0.0,0.0,0
ENSG00000134758.13,RNF138,0.0,0.0,0
ENSG00000101695.8,RNF125,0.0,0.0,0
ENSG00000263823.1,RP11-326K13.4,0.0,0.00013118624,1
ENSG00000153339.13,TRAPPC8,0.0,0.0,0
ENSG00000118276.11,B4GALT6,0.0,0.0,0
ENSG00000118271.9,TTR,0.0,0.0,0
ENSG00000264859.5,DSG2-AS1,0.0,0.0,0
ENSG00000166974.12,MAPRE2,0.0,0.0,0
ENSG00000186812.12,ZNF397,0.0,0.0,0
ENSG00000186814.13,ZSCAN30,0.0,0.0,0
ENSG00000257267.3,ZNF271P,0.0,0.0,0
ENSG00000132872.11,SYT4,0.0,0.0,0
ENSG00000078142.12,PIK3C3,0.0,0.0,0
ENSG00000175886.10,RPL7AP66,0.0,0.0,0
ENSG00000150477.14,KIAA1328,0.0,0.0,0
ENSG00000134779.14,TPGS2,0.0,0.0,0
ENSG00000134775.15,FHOD3,0.0,0.0,0
ENSG00000075643.5,MOCOS,0.0,0.0,0
ENSG00000134759.13,ELP2,0.0,0.0,0
ENSG00000141424.12,SLC39A6,0.0,0.0,0
ENSG00000141425.17,RPRD1A,0.0,0.0,0
ENSG00000278986.1,RP11-723J4.3,0.0,0.0,0
ENSG00000141428.16,C18orf21,0.0,0.0,0
ENSG00000141429.13,GALNT1,0.0,0.0,0
ENSG00000153391.15,INO80C,0.0,0.0011086084,1
ENSG00000172466.15,ZNF24,0.0,5.3679054e-05,1
ENSG00000046604.12,DSG2,0.0,0.0,0
ENSG00000134757.4,DSG3,0.0,0.0,0
ENSG00000266729.5,DSG1-AS1,0.0,0.0,0
ENSG00000053747.15,LAMA3,0.0,0.0,0
ENSG00000141458.12,NPC1,0.0,0.0,0
ENSG00000141452.9,C18orf8,0.0,0.0,0
ENSG00000101782.14,RIOK3,0.0,0.0,0
ENSG00000266495.1,RP11-17J14.2,0.0,0.0,0
ENSG00000134490.13,TMEM241,0.0,0.0,0
ENSG00000134508.12,CABLES1,0.0,0.0,0
ENSG00000101773.18,RBBP8,0.0,0.0,0
ENSG00000266283.1,RP11-627G18.1,0.0,0.0,0
ENSG00000141448.8,GATA6,0.0,0.0,0
ENSG00000265142.8,MIR133A1HG,0.0,0.0,0
ENSG00000199977.1,SNORA73,0.0,0.0,0
ENSG00000101752.11,MIB1,0.0,0.0,0
ENSG00000221493.1,MIR320C1,0.0,0.0,0
ENSG00000158201.9,ABHD3,0.0,0.0,0
ENSG00000167088.10,SNRPD1,0.0,0.0,0
ENSG00000154065.16,ANKRD29,0.0,0.0,0
ENSG00000168234.12,TTC39C,0.0,0.0,0
ENSG00000134760.5,DSG1,0.0,0.0,0
ENSG00000264924.1,RP11-799B12.2,0.0,0.0,0
ENSG00000134765.9,DSC1,0.0,0.0,0
ENSG00000134755.14,DSC2,0.0,0.0,0
ENSG00000134762.16,DSC3,0.0,0.0004355168,1
ENSG00000227279.1,AC015933.2,0.0,0.0,0
ENSG00000170558.8,CDH2,0.0,0.0,0
ENSG00000171885.13,AQP4,0.0,0.0,0
ENSG00000134504.12,KCTD1,0.0,0.0,0
ENSG00000263829.1,FAM60BP,0.0,0.0,0
ENSG00000141384.12,TAF4B,0.0,0.0,0
ENSG00000141380.13,SS18,0.0,0.0,0
ENSG00000198795.10,ZNF521,0.0,0.0,0
ENSG00000154059.9,IMPACT,0.0,0.0,0
ENSG00000141447.17,OSBPL1A,0.0,0.0,0
ENSG00000265750.1,RP11-799B12.4,0.0,0.0,0
ENSG00000154040.20,CABYR,0.0,0.0,0
ENSG00000107554.16,DNMBP,0.0,0.0,0
ENSG00000280238.1,RP11-574K11.26,0.0,0.0,0
ENSG00000014919.12,COX15,0.0,0.0,0
ENSG00000113851.14,CRBN,0.0,0.0,0
ENSG00000235978.6,AC018816.3,0.0,0.0,0
ENSG00000150995.18,ITPR1,0.0,0.0,0
ENSG00000170364.12,SETMAR,0.0,0.0,0
ENSG00000229241.1,PNPT1P1,0.0,0.0,0
ENSG00000175928.5,LRRN1,0.0,0.0,0
ENSG00000144455.13,SUMF1,0.0,0.0,0
ENSG00000271870.1,RP11-97C16.1,0.0,0.0,0
ENSG00000072756.16,TRNT1,0.0,0.0,0
ENSG00000154252.11,GAL3ST2,0.0,0.0,0
ENSG00000144619.14,CNTN4,0.0,0.0,0
ENSG00000134115.12,CNTN6,0.0,0.0,0
ENSG00000234661.2,CHL1-AS1,0.0,0.0,0
ENSG00000134121.9,CHL1,0.0,0.0,0
ENSG00000244528.1,SEPT14P2,0.0,0.0,0
ENSG00000220804.8,LINC01881,0.0,0.0,0
ENSG00000216921.7,AC131097.4,0.0,0.0,0
ENSG00000134107.4,BHLHE40,0.0,0.0,0
ENSG00000134108.12,ARL8B,0.0,0.0,0
ENSG00000268509.2,RP11-572B2.1,0.0,0.0,0
ENSG00000134109.10,EDEM1,0.0,0.00022461724,1
ENSG00000156990.14,RPUSD3,0.0,0.0,0
ENSG00000269886.1,RP11-266J6.2,0.0,0.0,0
ENSG00000214021.15,TTLL3,0.0,0.0,0
ENSG00000241553.12,ARPC4,0.0,0.0,0
ENSG00000171148.13,TADA3,0.0,0.0,0
ENSG00000134072.10,CAMK1,0.0,0.0,0
ENSG00000114026.21,OGG1,0.0,0.0,0
ENSG00000156983.15,BRPF1,0.0,0.0,0
ENSG00000163719.19,MTMR14,0.0,0.0,0
ENSG00000168137.15,SETD5,0.0,0.0,0
ENSG00000134077.15,THUMPD3,0.0,0.0,0
ENSG00000196220.15,SRGAP3,0.0,0.0,0
ENSG00000070950.9,RAD18,0.0,0.0,0
ENSG00000215160.2,OR7E122P,0.0,0.0,0
ENSG00000071282.11,LMCD1,0.0,0.0,0
ENSG00000188389.10,PDCD1,0.0,0.0,0
ENSG00000234793.1,AC114730.7,0.0,0.0,0
ENSG00000163702.18,IL17RC,0.0,0.0,0
ENSG00000068024.16,HDAC4,0.0,0.0,0
ENSG00000142330.19,CAPN10,0.0,0.0,0
ENSG00000142327.12,RNPEPL1,0.0,0.0,0
ENSG00000144504.15,ANKMY1,0.0,0.0,0
ENSG00000218416.4,PP14571,0.0,0.0,0
ENSG00000063660.8,GPC1,0.0,0.0,0
ENSG00000172428.10,COPS9,0.0,0.0,0
ENSG00000130414.11,NDUFA10,0.0,0.0,0
ENSG00000233608.3,TWIST2,0.0,0.0,0
ENSG00000215692.2,AC114730.8,0.0,0.0,0
ENSG00000065802.11,ASB1,0.0,0.0,0
ENSG00000204104.11,TRAF3IP1,0.0,0.0,0
ENSG00000132326.11,PER2,0.0,0.0009914951,1
ENSG00000144485.10,HES6,0.0,3.915445e-05,1
ENSG00000132323.8,ILKAP,0.0,0.0,0
ENSG00000178752.15,ERFE,0.0,0.0,0
ENSG00000132330.16,SCLY,0.0,0.0,0
ENSG00000178623.11,GPR35,0.0,0.0,0
ENSG00000130294.15,KIF1A,0.0,0.0,0
ENSG00000172482.4,AGXT,0.0,0.0,0
ENSG00000172478.17,C2orf54,0.0,0.0,0
ENSG00000180902.17,D2HGDH,0.0,0.0,0
ENSG00000235351.1,AC114730.11,0.0,0.0,0
ENSG00000168395.15,ING5,0.0,0.0,0
ENSG00000168393.12,DTYMK,0.0,0.0,0
ENSG00000168397.16,ATG4B,0.0,0.0,0
ENSG00000176946.11,THAP4,0.0,0.0,0
ENSG00000176720.4,BOK,0.0,0.0,0
ENSG00000115694.14,STK25,0.0,0.0,0
ENSG00000006607.13,FARP2,0.0,0.0,0
ENSG00000168385.17,2-Sep,0.0,0.0,0
ENSG00000115677.16,HDLBP,0.0,0.0,0
ENSG00000115687.13,PASK,0.0,0.0,0
ENSG00000122085.16,MTERF4,0.0,0.0,0
ENSG00000162804.13,SNED1,0.0,0.0,0
ENSG00000226321.5,CROCC2,0.0,0.0,0
ENSG00000171135.13,JAGN1,0.0,0.0003390264,1
ENSG00000163703.17,CRELD1,0.0,0.0,0
ENSG00000182247.9,UBE2E2,0.0,0.0,0
ENSG00000131381.12,RBSN,0.0,0.0,0
ENSG00000206561.12,COLQ,0.0,0.0,0
ENSG00000249786.7,EAF1-AS1,0.0,0.0,0
ENSG00000144597.13,EAF1,0.0,0.0,0
ENSG00000206562.11,METTL6,0.0,0.0,0
ENSG00000131370.15,SH3BP5,0.0,0.0,0
ENSG00000224660.1,SH3BP5-AS1,0.0,0.0,0
ENSG00000131375.9,CAPN7,0.0,0.0,0
ENSG00000131368.7,MRPS25,0.0,0.0,0
ENSG00000228242.6,AC093495.4,0.0,0.0,0
ENSG00000177463.15,NR2C2,0.0,0.0,0
ENSG00000225733.5,FGD5-AS1,0.0,0.0,0
ENSG00000154783.11,FGD5,0.0,0.0,0
ENSG00000131379.9,C3orf20,0.0,0.0,0
ENSG00000154781.15,CCDC174,0.0,0.0,0
ENSG00000131389.16,SLC6A6,0.0,0.0,0
ENSG00000170860.3,LSM3,0.0,0.0,0
ENSG00000131373.14,HACL1,0.0,0.0,0
ENSG00000169814.12,BTD,0.0,0.0,0
ENSG00000206560.11,ANKRD28,0.0,0.0,0
ENSG00000263740.2,RN7SL4P,0.0,0.0,0
ENSG00000129810.14,SGO1,0.0,0.0,0
ENSG00000114166.7,KAT2B,0.0,0.0,0
ENSG00000183977.13,PP2D1,0.0,0.0,0
ENSG00000144566.10,RAB5A,0.0,0.0,0
ENSG00000163576.17,EFHB,0.0,0.0,0
ENSG00000183960.8,KCNH8,0.0,0.0,0
ENSG00000182568.16,SATB1,0.0,0.0,0
ENSG00000214286.2,PDCL3P3,0.0,0.0,0
ENSG00000213383.2,AC104297.1,0.0,0.0,0
ENSG00000233133.1,AC104451.2,0.0,0.0,0
ENSG00000131374.14,TBC1D5,0.0,0.0,0
ENSG00000154822.17,PLCL2,0.0,0.0,0
ENSG00000154814.13,OXNAD1,0.0,0.0,0
ENSG00000154813.9,DPH3,0.0,0.0,0
ENSG00000131386.17,GALNT15,0.0,0.0,0
ENSG00000154767.14,XPC,0.0,2.4344827e-05,1
ENSG00000170876.7,TMEM43,0.0,0.0,0
ENSG00000163704.11,PRRT3,0.0,0.0,0
ENSG00000134070.4,IRAK2,0.0,0.0,0
ENSG00000213964.3,CHCHD4P4,0.0,0.0,0
ENSG00000196639.6,HRH1,0.0,0.0,0
ENSG00000157103.10,SLC6A1,0.0,0.0,0
ENSG00000132164.9,SLC6A11,0.0,0.00043267244,1
ENSG00000240288.7,GHRLOS,0.0,0.0,0
ENSG00000157017.15,GHRL,0.0,0.0,0
ENSG00000157014.10,TATDN2,0.0,0.0,0
ENSG00000134086.7,VHL,0.0,0.0,0
ENSG00000163528.12,CHCHD4,0.0,0.0,0
ENSG00000254999.3,BRK1,0.0,0.00078007363,1
ENSG00000163705.12,FANCD2OS,0.0,0.0,0
ENSG00000144554.10,FANCD2,0.0,0.0,0
ENSG00000232901.1,CYCSP10,0.0,0.0,0
ENSG00000180385.8,EMC3-AS1,0.0,0.0,0
ENSG00000125037.12,EMC3,0.0,0.0,0
ENSG00000230082.1,PRRT3-AS1,0.0,0.0,0
ENSG00000197548.12,ATG7,0.0,0.0,0
ENSG00000144559.10,TAMM41,0.0,0.0,0
ENSG00000157152.16,SYN2,0.0,0.0,0
ENSG00000157150.4,TIMP4,0.0,0.0,0
ENSG00000163520.13,FBLN2,0.0,0.0,0
ENSG00000163517.14,HDAC11,0.0,0.0,0
ENSG00000132182.11,NUP210,0.0,0.0,0
ENSG00000231362.1,RP11-715I4.1,0.0,0.0,0
ENSG00000144711.13,IQSEC1,0.0,0.0,0
ENSG00000207496.1,SNORA7A,0.0,0.00057935214,1
ENSG00000144713.12,RPL32,0.0,0.0,0
ENSG00000144712.11,CAND2,0.0,0.0,0
ENSG00000088726.15,TMEM40,0.0,0.0,0
ENSG00000132155.11,RAF1,0.0,0.0,0
ENSG00000075975.15,MKRN2,0.0,0.0,0
ENSG00000225526.4,MKRN2OS,0.0,0.0,0
ENSG00000154743.17,TSEN2,0.0,0.0,0
ENSG00000225026.1,AC091492.2,0.0,0.00093033223,1
ENSG00000132170.19,PPARG,0.0,0.0,0
ENSG00000184182.18,UBE2F,0.0,0.0,0
ENSG00000132329.10,RAMP1,0.0,0.0,0
ENSG00000177483.11,RBM44,0.0,0.0,0
ENSG00000163082.9,SGPP2,0.0,0.0,0
ENSG00000152056.16,AP1S3,0.0,0.0,0
ENSG00000171951.4,SCG2,0.0,0.0,0
ENSG00000152049.6,KCNE4,0.0,0.0,0
ENSG00000123983.13,ACSL3,0.0,0.0,0
ENSG00000124003.12,MOGAT1,0.0,0.0,0
ENSG00000116120.9,FARSB,0.0,0.0,0
ENSG00000228670.4,NANOGP2,0.0,0.0,0
ENSG00000226666.1,HSPA9P1,0.0,0.0,0
ENSG00000144591.18,GMPPA,0.0,0.0,0
ENSG00000233868.1,AC009302.2,0.0,0.0,0
ENSG00000116106.11,EPHA4,0.0,0.0,0
ENSG00000144589.21,STK11IP,0.0,0.0,0
ENSG00000123999.4,INHA,0.0,0.0,0
ENSG00000269068.1,RP11-256I23.2,0.0,0.0,0
ENSG00000124006.14,OBSL1,0.0,0.0,0
ENSG00000188760.10,TMEM198,0.0,0.0,0
ENSG00000085449.14,WDFY1,0.0,0.0,0
ENSG00000135900.3,MRPL44,0.0,0.0,0
ENSG00000135919.12,SERPINE2,0.0,0.0,0
ENSG00000274629.1,RP11-92F20.1,0.0,0.0,0
ENSG00000153827.13,TRIP12,0.0,0.0,0
ENSG00000187957.7,DNER,0.0,0.0,0
ENSG00000153823.18,PID1,0.0,0.0,0
ENSG00000123977.9,DAW1,0.0,0.0,0
ENSG00000135917.13,SLC19A3,0.0,0.0,0
ENSG00000173744.17,AGFG1,0.0,0.0,0
ENSG00000168955.3,TM4SF20,0.0,0.0,0
ENSG00000168958.19,MFF,0.0,0.0,0
ENSG00000169031.18,COL4A3,0.0,0.0,0
ENSG00000081052.11,COL4A4,0.0,0.0,0
ENSG00000144468.16,RHBDD1,0.0,0.0,0
ENSG00000169047.5,IRS1,0.0,0.0,0
ENSG00000144460.12,NYAP2,0.0,0.0,0
ENSG00000135905.18,DOCK10,0.0,0.0,0
ENSG00000036257.12,CUL3,0.0,0.0,0
ENSG00000123989.13,CHPF,0.0,0.0,0
ENSG00000072195.14,SPEG,0.0,0.0,0
ENSG00000124831.18,LRRFIP1,0.0,0.00035301645,1
ENSG00000144579.7,CTDSP1,0.0,0.0,0
ENSG00000163482.11,STK36,0.0,0.0,0
ENSG00000163481.7,RNF25,0.0,0.0,0
ENSG00000074582.12,BCS1L,0.0,0.0,0
ENSG00000115568.15,ZNF142,0.0,0.0,0
ENSG00000273466.1,RP11-548H3.1,0.0,0.0,0
ENSG00000144580.13,CNOT9,0.0,0.0,0
ENSG00000135913.10,USP37,0.0,0.0,0
ENSG00000018280.16,SLC11A1,0.0,0.00036041986,1
ENSG00000234638.1,AC053503.6,0.0,0.0,0
ENSG00000158428.3,CATIP,0.0,0.0,0
ENSG00000230580.1,AC021016.7,0.0,0.0,0
ENSG00000135926.14,TMBIM1,0.0,0.0,0
ENSG00000127838.13,PNKD,0.0,0.0,0
ENSG00000127837.9,AAMP,0.0,0.0,0
ENSG00000179921.14,GPBAR1,0.0,0.0,0
ENSG00000163466.15,ARPC2,0.0,0.0,0
ENSG00000135912.10,TTLL4,0.0,0.0,0
ENSG00000135929.8,CYP27A1,0.0,0.0,0
ENSG00000135925.8,WNT10A,0.0,0.0,0
ENSG00000181378.13,CFAP65,0.0,0.0,0
ENSG00000175084.11,DES,0.0,0.0,0
ENSG00000054356.13,PTPRN,0.0,0.0,0
ENSG00000135924.15,DNAJB2,0.0,0.0,0
ENSG00000243910.7,TUBA4B,0.0,0.0,0
ENSG00000127824.13,TUBA4A,0.0,0.0,0
ENSG00000115661.13,STK16,0.0,0.0,0
ENSG00000163521.15,GLB1L,0.0,0.0,0
ENSG00000163516.13,ANKZF1,0.0,0.0,0
ENSG00000198925.10,ATG9A,0.0,0.0,0
ENSG00000115657.12,ABCB6,0.0,0.0,0
ENSG00000158552.12,ZFAND2B,0.0,0.0,0
ENSG00000144567.10,FAM134A,0.0,0.0,0
ENSG00000115649.15,CNPPD1,0.0,0.0,0
ENSG00000213901.10,SLC23A3,0.0,0.0,0
ENSG00000187736.12,NHEJ1,0.0,0.0,0
ENSG00000153832.11,FBXO36,0.0,0.0,0
ENSG00000163053.10,SLC16A14,0.0,0.0,0
ENSG00000225963.7,AC009950.2,0.0,0.0,0
ENSG00000242515.5,UGT1A10,0.0,0.0,0
ENSG00000227802.1,DNAJB3,0.0,0.0,0
ENSG00000243135.6,UGT1A3,0.0,0.0,0
ENSG00000244474.5,UGT1A4,0.0,0.0,0
ENSG00000240224.1,UGT1A5,0.0,0.0,0
ENSG00000224814.1,AC114812.8,0.0,0.0,0
ENSG00000167165.18,UGT1A6,0.0,0.0,0
ENSG00000241119.1,UGT1A9,0.0,0.003998872,2
ENSG00000242366.3,UGT1A8,0.0,0.00033161612,2
ENSG00000135899.17,SP110,0.0,0.0,0
ENSG00000085982.13,USP40,0.0,0.0,0
ENSG00000077044.10,DGKD,0.0,0.00029704213,1
ENSG00000251791.1,SCARNA6,0.0,0.0,0
ENSG00000252010.1,SCARNA5,0.0,0.0,0
ENSG00000168918.13,INPP5D,0.0,0.0,0
ENSG00000066248.14,NGEF,0.0,0.0,0
ENSG00000115474.6,KCNJ13,0.0,0.0,0
ENSG00000228445.1,UGT1A2P,0.0,0.0,0
ENSG00000178836.6,AC114812.5,0.0,0.0,0
ENSG00000241635.7,UGT1A1,0.0,0.0,0
ENSG00000123485.11,HJURP,0.0,0.0,0
ENSG00000124839.12,RAB17,0.0,0.0,0
ENSG00000115648.13,MLPH,0.0,0.0,0
ENSG00000163359.15,COL6A3,0.0,0.0,0
ENSG00000198612.10,COPS8,0.0,0.0,0
ENSG00000144476.5,ACKR3,0.0,0.0,0
ENSG00000132321.16,IQCA1,0.0,0.0,0
ENSG00000228499.1,TMSB10P1,0.0,0.0,0
ENSG00000222007.6,AC064874.1,0.0,0.0,0
ENSG00000157985.18,AGAP1,0.0,0.0,0
ENSG00000130147.15,SH3BP4,0.0,0.0,0
ENSG00000188042.7,ARL4C,0.0,0.0,0
ENSG00000072080.10,SPP2,0.0,0.0,0
ENSG00000144481.16,TRPM8,0.0,0.0,0
ENSG00000279809.1,AC005538.3,0.0,0.0,0
ENSG00000224287.2,MSL3P1,0.0,0.0,0
ENSG00000241409.1,AC064852.4,0.0,0.0,0
ENSG00000213055.3,EEF1B2P7,0.0,0.0,0
ENSG00000204120.14,GIGYF2,0.0,0.0,0
ENSG00000202400.1,SNORD82,0.0,0.0,0
ENSG00000115053.15,NCL,0.0,0.0,0
ENSG00000233538.1,AC017104.2,0.0,0.0,0
ENSG00000156966.6,B3GNT7,0.0,0.0,0
ENSG00000237039.1,AC018738.2,0.0,0.0,0
ENSG00000135931.17,ARMC9,0.0,0.0,0
ENSG00000135914.5,HTR2B,0.0,0.0,0
ENSG00000204128.5,C2orf72,0.0,0.0,0
ENSG00000135916.15,ITM2C,0.0,0.0,0
ENSG00000237758.1,BANF1P3,0.0,0.00012929049,1
ENSG00000135932.10,CAB39,0.0,0.0,0
ENSG00000183022.5,TPM3P8,0.0,0.0,0
ENSG00000250011.1,HMGB1P3,0.0,0.0,0
ENSG00000067066.16,SP100,0.0,0.0,0
ENSG00000185404.16,SP140L,0.0,0.0,0
ENSG00000079263.18,SP140,0.0,0.0,0
ENSG00000206885.1,SNORA75,0.0,0.0,0
ENSG00000181798.2,LINC00471,0.0,0.0,0
ENSG00000115468.11,EFHD1,0.0,0.0,0
ENSG00000187514.16,PTMA,0.0,0.0,0
ENSG00000237126.8,AC073254.1,0.0,0.0,0
ENSG00000135930.13,EIF4E2,0.0,0.0,0
ENSG00000221944.6,TIGD1,0.0,0.0,0
ENSG00000196811.11,CHRNG,0.0,0.0,0
ENSG00000135902.9,CHRND,0.0,0.0,0
ENSG00000171551.11,ECEL1,0.0,0.0,0
ENSG00000163286.8,ALPPL2,0.0,0.0,0
ENSG00000224516.5,AC068134.8,0.0,0.0,0
ENSG00000163283.6,ALPP,0.0,0.0,0
ENSG00000251485.1,AC068134.10,0.0,0.0,0
ENSG00000207626.1,MIR562,0.0,0.0,0
ENSG00000144535.19,DIS3L2,0.0,0.0,0
ENSG00000144524.17,COPS7B,0.0,0.0,0
ENSG00000156973.13,PDE6D,0.0,0.0,0
ENSG00000284378.1,MIR1244-1,0.0,0.00025623856,1
ENSG00000132967.9,HMGB1P5,0.0,0.0,0
ENSG00000170142.11,UBE2E1,0.0,0.0,0
ENSG00000163666.8,HESX1,0.0,0.0,0
ENSG00000233276.3,GPX1,0.0,0.0006617737,1
ENSG00000164062.12,APEH,0.0,0.0,0
ENSG00000164061.4,BSN,0.0,0.0,0
ENSG00000173402.11,DAG1,0.0,0.0,0
ENSG00000145029.13,NICN1,0.0,0.0,0
ENSG00000145020.15,AMT,0.0,0.0,0
ENSG00000145022.4,TCTA,0.0,0.0,0
ENSG00000067560.10,RHOA,0.0,0.0,0
ENSG00000114316.12,USP4,0.0,0.0,0
ENSG00000198218.10,QRICH1,0.0,0.0,0
ENSG00000188315.7,C3orf62,0.0,0.0,0
ENSG00000225399.4,RP11-3B7.1,0.0,0.0,0
ENSG00000173421.16,CCDC36,0.0,0.0,0
ENSG00000185909.14,KLHDC8B,0.0,0.0,0
ENSG00000177352.9,CCDC71,0.0,0.0,0
ENSG00000172037.13,LAMB2,0.0,0.0,0
ENSG00000172046.18,USP19,0.0,0.0,0
ENSG00000173531.15,MST1,0.0,0.0,0
ENSG00000164068.15,RNF123,0.0,0.0,0
ENSG00000176020.8,AMIGO3,0.0,0.0,0
ENSG00000173540.12,GMPPB,0.0,0.0,0
ENSG00000012171.19,SEMA3B,0.0,0.0,0
ENSG00000114353.16,GNAI2,0.0,0.0,0
ENSG00000188338.14,SLC38A3,0.0,0.0,0
ENSG00000001617.11,SEMA3F,0.0,0.0,0
ENSG00000235016.1,SEMA3F-AS1,0.0,0.0,0
ENSG00000281691.1,RBM5-AS1,0.0,0.00020723426,1
ENSG00000003756.16,RBM5,0.0,0.0,0
ENSG00000004534.14,RBM6,0.0,0.0,0
ENSG00000164077.13,MON1A,0.0,0.0,0
ENSG00000230698.1,CTD-2330K9.2,0.0,0.0,0
ENSG00000164078.12,MST1R,0.0,0.0,0
ENSG00000183763.8,TRAIP,0.0,0.0,0
ENSG00000182179.12,UBA7,0.0,0.0,0
ENSG00000187492.8,CDHR4,0.0,0.00040729454,1
ENSG00000176095.11,IP6K1,0.0,0.0,0
ENSG00000172053.17,QARS,0.0,0.0,0
ENSG00000178035.11,IMPDH2,0.0,0.0,0
ENSG00000186792.16,HYAL3,0.0,0.0,0
ENSG00000231884.1,NDUFB1P1,0.0,0.0,0
ENSG00000232112.3,TMA7,0.0,0.0,0
ENSG00000164051.13,CCDC51,0.0,0.0,0
ENSG00000164050.12,PLXNB1,0.0,0.00083233294,1
ENSG00000172113.8,NME6,0.0,0.0,0
ENSG00000229759.1,MRPS18AP1,0.0,0.0,0
ENSG00000164048.13,ZNF589,0.0,0.0,0
ENSG00000164047.4,CAMP,0.0,0.0,0
ENSG00000164045.11,CDC25A,0.0,0.0,0
ENSG00000178057.14,NDUFAF3,0.0,0.0,0
ENSG00000047849.21,MAP4,0.0,0.0,0
ENSG00000132153.14,DHX30,0.0,0.00016732873,1
ENSG00000235695.1,RP11-395P16.1,0.0,0.0,0
ENSG00000214773.1,RP11-717D12.1,0.0,0.0,0
ENSG00000173473.10,SMARCC1,0.0,0.0,0
ENSG00000163832.15,ELP6,0.0,0.0,0
ENSG00000276925.1,RP11-708J19.3,0.0,0.0,0
ENSG00000244380.1,RP11-24C3.2,0.0,0.0,0
ENSG00000164053.19,ATRIP,0.0,0.0,0
ENSG00000213689.11,TREX1,0.0,0.0,0
ENSG00000164054.15,SHISA5,0.0,0.0,0
ENSG00000178149.16,DALRD3,0.0,0.0,0
ENSG00000178252.17,WDR6,0.0,0.0,0
ENSG00000178467.17,P4HTM,0.0,0.0,0
ENSG00000177479.19,ARIH2,0.0,0.0,0
ENSG00000221883.2,ARIH2OS,0.0,0.0,0
ENSG00000178537.9,SLC25A20,0.0,0.0,0
ENSG00000114302.15,PRKAR2A,0.0,0.0,0
ENSG00000068745.14,IP6K2,0.0,0.0,0
ENSG00000213672.7,NCKIPSD,0.0,0.0,0
ENSG00000271973.1,RP11-572O6.1,0.0,0.0,0
ENSG00000008300.16,CELSR3,0.0,0.0,0
ENSG00000225697.12,SLC26A6,0.0,0.0,0
ENSG00000010256.10,UQCRC1,0.0,0.0,0
ENSG00000114270.17,COL7A1,0.0,0.0,0
ENSG00000114268.11,PFKFB4,0.0,0.0,0
ENSG00000214706.10,IFRD2,0.0,0.0,0
ENSG00000243477.5,NAT6,0.0,0.0,0
ENSG00000231395.1,ARL4AP4,0.0,0.0,0
ENSG00000114902.13,SPCS1,0.0,0.0,0
ENSG00000239799.1,ITIH4-AS1,0.0,0.0,0
ENSG00000055955.15,ITIH4,0.0,0.0,0
ENSG00000162267.12,ITIH3,0.0,0.0,0
ENSG00000055957.10,ITIH1,0.0,0.0,0
ENSG00000271137.1,RP5-966M1.4,0.0,0.0,0
ENSG00000270941.1,RP5-966M1.5,0.0,0.0,0
ENSG00000114904.12,NEK4,0.0,0.0,0
ENSG00000163938.16,GNL3,0.0,0.0,0
ENSG00000163930.9,BAP1,0.0,0.0,0
ENSG00000163939.18,PBRM1,0.0,0.0,0
ENSG00000168273.7,SMIM4,0.0,0.0,0
ENSG00000168268.10,NT5DC2,0.0,0.0,0
ENSG00000010327.10,STAB1,0.0,0.0,0
ENSG00000010322.15,NISCH,0.0,0.0,0
ENSG00000114854.7,TNNC1,0.0,0.0,0
ENSG00000010319.6,SEMA3G,0.0,0.0,0
ENSG00000272573.5,MUSTN1,0.0,0.0,0
ENSG00000213533.11,TMEM110,0.0,0.0,0
ENSG00000163935.13,SFMBT1,0.0,0.0,0
ENSG00000163933.9,RFT1,0.0,0.0,0
ENSG00000186451.1,SPATA12,0.0,0.0,0
ENSG00000163947.11,ARHGEF3,0.0,0.00044206777,1
ENSG00000163946.13,FAM208A,0.0,0.0,0
ENSG00000180376.16,CCDC66,0.0,0.0,0
ENSG00000187672.12,ERC2,0.0,0.0,0
ENSG00000114251.14,WNT5A,0.0,0.0,0
ENSG00000157445.14,CACNA2D3,0.0,7.0850525e-05,1
ENSG00000113811.10,SELENOK,0.0,0.0,0
ENSG00000113812.13,ACTR8,0.0,0.0,0
ENSG00000056736.9,IL17RB,0.0,0.0,0
ENSG00000016391.10,CHDH,0.0,0.0,0
ENSG00000157388.15,CACNA1D,0.0,0.0,0
ENSG00000274967.1,Y_RNA,0.0,0.0,0
ENSG00000272886.5,DCP1A,0.0,0.0,0
ENSG00000163932.13,PRKCD,0.0,0.0,0
ENSG00000010318.20,PHF7,0.0,0.0,0
ENSG00000239557.1,RP11-168J18.6,0.0,0.0,0
ENSG00000114378.16,HYAL1,0.0,0.0,0
ENSG00000007402.11,CACNA2D2,0.0,0.0,0
ENSG00000145050.15,MANF,0.0,0.0,0
ENSG00000088538.12,DOCK3,0.0,0.0,0
ENSG00000114738.10,MAPKAPK3,0.0,0.00020273437,1
ENSG00000114737.15,CISH,0.0,0.0,0
ENSG00000114735.9,HEMK1,0.0,0.00039366866,1
ENSG00000088543.14,C3orf18,0.0,0.0,0
ENSG00000271858.5,CYB561D2,0.0,0.0,0
ENSG00000126062.3,TMEM115,0.0,0.0,0
ENSG00000114841.17,DNAH1,0.0,0.0,0
ENSG00000114395.10,CYB561D2,0.0,0.0,0
ENSG00000114388.12,NPRL2,0.0,0.0,0
ENSG00000004838.13,ZMYND10,0.0,0.0,0
ENSG00000281358.1,RASSF1-AS1,0.0,0.0,0
ENSG00000068028.17,RASSF1,0.0,0.0,0
ENSG00000114383.9,TUSC2,0.0,0.0,0
ENSG00000068001.13,HYAL2,0.0,0.0002090371,1
ENSG00000259956.1,RBM15B,0.0,0.0,0
ENSG00000145041.15,DCAF1,0.0,0.0,0
ENSG00000164080.13,RAD54L2,0.0,0.0,0
ENSG00000164081.12,TEX264,0.0,0.0,0
ENSG00000207926.1,MIR135A1,0.0,0.0,0
ENSG00000242797.3,GLYCTK-AS1,0.0,0.0,0
ENSG00000168237.17,GLYCTK,0.0,0.0,0
ENSG00000164091.11,WDR82,0.0,0.0,0
ENSG00000164088.17,PPM1M,0.0,4.806901e-05,1
ENSG00000247596.8,TWF2,0.0,0.0,0
ENSG00000239732.3,TLR9,0.0,0.0,0
ENSG00000164087.7,POC1A,0.0,0.0,0
ENSG00000164086.9,DUSP7,0.0,0.0,0
ENSG00000162244.10,RPL29,0.0,0.0,0
ENSG00000243989.8,ACY1,0.0,0.0,0
ENSG00000248487.8,ABHD14A,0.0,0.0,0
ENSG00000114779.19,ABHD14B,0.0,0.0,0
ENSG00000041880.14,PARP3,0.0,0.0,0
ENSG00000114767.6,RRP9,0.0,0.0,0
ENSG00000114650.18,SCAP,0.0,0.0,0
ENSG00000076201.14,PTPN23,0.0,0.0,0
ENSG00000114648.11,KLHL18,0.0,0.0,0
ENSG00000236165.1,PRADC1P1,0.0,0.0,0
ENSG00000144674.16,GOLGA4,0.0,0.0,0
ENSG00000270194.1,RP11-259K5.2,0.0,0.0,0
ENSG00000225558.1,UBE2D3P2,0.0,0.0,0
ENSG00000093167.17,LRRFIP2,0.0,0.0,0
ENSG00000224858.5,RPL29P11,0.0,0.0,0
ENSG00000076242.14,MLH1,0.0,0.0,0
ENSG00000178567.7,EPM2AIP1,0.0,0.0,0
ENSG00000234073.1,AC011816.1,0.0,0.0,0
ENSG00000235424.1,SUMO2P10,0.0,0.0,0
ENSG00000168016.13,TRANK1,0.0,0.0,0
ENSG00000144681.10,STAC,0.0,9.029604e-05,1
ENSG00000170248.13,PDCD6IP,0.0,0.0,0
ENSG00000163539.16,CLASP2,0.0,0.0,0
ENSG00000153560.11,UBP1,0.0,0.0,0
ENSG00000153558.13,FBXL2,0.0,0.0,0
ENSG00000170275.14,CRTAP,0.0,0.0,0
ENSG00000198590.11,C3orf35,0.0,0.0,0
ENSG00000144668.11,ITGA9,0.0,0.0,0
ENSG00000236411.1,NDUFAF4P3,0.0,0.0,0
ENSG00000144677.14,CTDSPL,0.0,0.0,0
ENSG00000228168.1,HNRNPA1P21,0.0,0.0,0
ENSG00000168329.13,CX3CR1,0.0,0.0,0
ENSG00000144655.14,CSRNP1,0.0,0.0,0
ENSG00000168026.18,TTC21A,0.0,0.0,0
ENSG00000114745.13,GORASP1,0.0,0.0,0
ENSG00000114742.13,WDR48,0.0,0.0,0
ENSG00000157036.12,EXOG,0.0,0.0,0
ENSG00000114739.13,ACVR2B,0.0,0.0,0
ENSG00000093217.9,XYLB,0.0,0.0,0
ENSG00000172939.8,OXSR1,0.0,0.0,0
ENSG00000172936.12,MYD88,0.0,0.0,0
ENSG00000060971.17,ACAA1,0.0,0.0,0
ENSG00000008226.19,DLEC1,0.0,0.0,0
ENSG00000187091.13,PLCD1,0.0,0.0,0
ENSG00000136059.14,VILL,0.0,0.0,0
ENSG00000188167.8,TMPPE,0.0,6.0763872e-05,1
ENSG00000223899.1,SEC13P1,0.0,0.0,0
ENSG00000239128.1,SNORD13P3,0.0,0.0,0
ENSG00000213871.3,TAF9BP1,0.0,0.0,0
ENSG00000163508.12,EOMES,0.0,0.0,0
ENSG00000213846.5,AC098614.2,0.0,0.0,0
ENSG00000230807.1,AC099535.4,0.0,0.0,0
ENSG00000227523.1,RPS20P15,0.0,0.0,0
ENSG00000033867.16,SLC4A7,0.0,0.0,0
ENSG00000163491.16,NEK10,0.0,0.0,0
ENSG00000151093.7,OXSM,0.0,0.0,0
ENSG00000213872.3,AC092798.2,0.0,0.0,0
ENSG00000170266.15,GLB1,0.0,0.0,0
ENSG00000151092.16,NGLY1,0.0,0.0,0
ENSG00000077097.15,TOP2B,0.0,0.0,0
ENSG00000077092.18,RARB,0.0,0.0008858697,1
ENSG00000151090.17,THRB,0.0,0.0,0
ENSG00000174738.12,NR1D2,0.0,0.0,0
ENSG00000174748.18,RPL15,0.0,0.0,0
ENSG00000197885.10,NKIRAS1,0.0,0.0,0
ENSG00000163512.13,AZI2,0.0,0.0,0
ENSG00000206559.7,ZCWPW2,0.0,9.6355056e-05,1
ENSG00000144642.21,RBMS3,0.0,0.0,0
ENSG00000226216.1,RPS12P5,0.0,0.0,0
ENSG00000183813.6,CCR4,0.0,0.0,0
ENSG00000227337.1,RPL23AP43,0.0,0.0,0
ENSG00000213842.2,SUGT1P2,0.0,0.0,0
ENSG00000182973.18,CNOT10,0.0,0.0,0
ENSG00000237676.1,RPL30P4,0.0,0.0,0
ENSG00000144635.8,DYNC1LI1,0.0,0.00020225532,2
ENSG00000091317.7,CMTM6,0.0,0.00012106367,1
ENSG00000153551.13,CMTM7,0.0,0.0,0
ENSG00000234737.1,KRT18P15,0.0,0.0,0
ENSG00000170293.8,CMTM8,0.0,0.0,0
ENSG00000152642.10,GPD1L,0.0,0.0,0
ENSG00000197385.5,ZNF860,0.0,0.0,0
ENSG00000144645.13,OSBPL10,0.0,0.0,0
ENSG00000163527.9,STT3B,0.0,0.0,0
ENSG00000163513.17,TGFBR2,0.0,0.0,0
ENSG00000144659.10,SLC25A38,0.0,0.0,0
ENSG00000168028.13,RPSA,0.0,0.0,0
ENSG00000206760.1,SNORA6,0.0,0.0,0
ENSG00000163810.11,TGM4,0.0,0.0,0
ENSG00000144791.9,LIMD1,0.0,0.0,0
ENSG00000011376.9,LARS2,0.0,0.0,0
ENSG00000224094.1,RPS24P8,0.0,0.0012526887,2
ENSG00000163814.7,CDCP1,0.0,0.0,0
ENSG00000163815.5,CLEC3B,0.0,8.033922e-05,1
ENSG00000075914.12,EXOSC7,0.0,0.0,0
ENSG00000163812.13,ZDHHC3,0.0,0.0,0
ENSG00000169964.7,TMEM42,0.0,0.0,0
ENSG00000202363.1,SNORA62,0.0,0.0,0
ENSG00000163808.16,KIF15,0.0,0.0,0
ENSG00000163807.5,KIAA1143,0.0,0.0,0
ENSG00000186446.11,ZNF501,0.0,0.0,0
ENSG00000196653.11,ZNF502,0.0,0.0,0
ENSG00000169981.10,ZNF35,0.0,0.0,0
ENSG00000186448.14,ZNF197,0.0,0.0,0
ENSG00000214820.3,MPRIPP1,0.0,0.0,0
ENSG00000211456.10,SACM1L,0.0,0.0,0
ENSG00000163817.15,SLC6A20,0.0,0.00047463103,1
ENSG00000163818.16,LZTFL1,0.0,0.0,0
ENSG00000163820.14,FYCO1,0.0,0.0,0
ENSG00000088727.12,KIF9,0.0,0.0,0
ENSG00000181555.20,SETD2,0.0,0.0,0
ENSG00000160796.16,NBEAL2,0.0,0.0,0
ENSG00000160799.11,CCDC12,0.0,0.00073992216,1
ENSG00000160801.13,PTH1R,0.0,0.0009906623,1
ENSG00000160808.9,MYL3,0.0,0.0,0
ENSG00000226074.4,PRSS44,0.0,0.0,0
ENSG00000188086.13,PRSS45,0.0,0.0,0
ENSG00000178038.16,ALS2CL,0.0,0.0010296665,1
ENSG00000012223.12,LTF,0.0,0.0,0
ENSG00000121797.9,CCRL2,0.0,0.0,0
ENSG00000160791.13,CCR5,0.0,0.0,0
ENSG00000121807.5,CCR2,0.0,0.0,0
ENSG00000163823.3,CCR1,0.0,0.0,0
ENSG00000172215.5,CXCR6,0.0,0.0,0
ENSG00000144792.9,ZNF660,0.0,0.0,0
ENSG00000236869.1,RP11-944L7.4,0.0,0.0,0
ENSG00000196345.12,ZKSCAN7,0.0,0.0,0
ENSG00000114857.17,NKTR,0.0,0.0,0
ENSG00000093183.13,SEC22C,0.0,0.0,0
ENSG00000114812.12,VIPR1,0.0,0.0,0
ENSG00000234562.1,TPMTP2,0.0,0.0,0
ENSG00000182606.14,TRAK1,0.0,0.0,0
ENSG00000223513.1,ATP6V0E1P2,0.0,0.0,0
ENSG00000168038.10,ULK4,0.0,0.0,0
ENSG00000168036.16,CTNNB1,0.0,0.0,0
ENSG00000234287.1,RP11-761N21.2,0.0,0.0,0
ENSG00000172888.11,ZNF621,0.0,0.0,0
ENSG00000177842.11,ZNF620,0.0,0.0,0
ENSG00000177873.12,ZNF619,0.0,0.0,0
ENSG00000188846.13,RPL14,0.0,0.0,0
ENSG00000168032.8,ENTPD3,0.0,0.0,0
ENSG00000114784.3,EIF1B,0.0,0.0,0
ENSG00000170011.13,MYRIP,0.0,0.0,0
ENSG00000008324.11,SS18L2,0.0,0.0,0
ENSG00000230084.5,RP4-613B23.1,0.0,0.0,0
ENSG00000178917.15,ZNF852,0.0,0.0,0
ENSG00000114853.13,ZBTB47,0.0,0.0,0
ENSG00000185219.16,ZNF445,0.0,0.0,0
ENSG00000179152.19,TCAIM,0.0,0.0,0
ENSG00000011198.7,ABHD5,0.0,0.0,0
ENSG00000160746.12,ANO10,0.0,0.0,0
ENSG00000163788.13,SNRK,0.0,0.0,0
ENSG00000144647.5,POMGNT2,0.0,0.0,0
ENSG00000144649.8,FAM198A,0.0,0.0,0
ENSG00000182983.14,ZNF662,0.0,0.0,0
ENSG00000236459.1,HNRNPA1P22,0.0,0.0,0
ENSG00000180432.5,CYP8B1,0.0,0.0,0
ENSG00000240747.7,KRBOX1,0.0,0.0,0
ENSG00000273291.5,RP11-136C24.3,0.0,0.0,0
ENSG00000144648.15,ACKR2,0.0,0.0,0
ENSG00000181061.13,HIGD1A,0.0,0.0,0
ENSG00000010282.14,HHATL,0.0,0.0,0
ENSG00000163464.7,CXCR1,0.0,0.0,0
ENSG00000180871.7,CXCR2,0.0,0.0,0
ENSG00000229754.1,CXCR2P1,0.0,0.00035544127,2
ENSG00000115109.13,EPB41L5,0.0,0.0,0
ENSG00000074054.17,CLASP1,0.0,0.0,0
ENSG00000115112.7,TFCP2L1,0.0,0.0,0
ENSG00000074047.21,GLI2,0.0,0.0,0
ENSG00000163083.5,INHBB,0.0,0.0022023977,2
ENSG00000144118.13,RALB,0.0,0.0,0
ENSG00000226479.3,TMEM185B,0.0,0.0,0
ENSG00000224789.1,AC012363.4,0.0,0.0,0
ENSG00000088179.8,PTPN4,0.0,0.0,0
ENSG00000019169.10,MARCO,0.0,0.0,0
ENSG00000144120.12,TMEM177,0.0,0.0,0
ENSG00000163075.12,CFAP221,0.0,0.0,0
ENSG00000080293.9,SCTR,0.0,0.0,0
ENSG00000171227.6,TMEM37,0.0,0.0,0
ENSG00000155368.16,DBI,0.0,0.0,0
ENSG00000186132.14,C2orf76,0.0,0.002164898,1
ENSG00000229867.1,STEAP3-AS1,0.0,0.0,0
ENSG00000264229.1,RNU4ATAC,0.0,0.0,0
ENSG00000236859.6,NIFK-AS1,0.0,0.0,0
ENSG00000230993.1,RPL12P15,0.0,0.0,0
ENSG00000155438.11,NIFK,0.0,0.0,0
ENSG00000136731.12,UGGT1,0.0,0.0,0
ENSG00000136715.17,SAP130,0.0,0.0,0
ENSG00000144233.9,AMMECR1L,0.0,0.0,0
ENSG00000144231.10,POLR2D,0.0,0.0,0
ENSG00000136709.11,WDR33,0.0,0.0,0
ENSG00000144230.16,GPR17,0.0,0.0,0
ENSG00000072163.19,LIMS2,0.0,6.529989e-06,1
ENSG00000169994.18,MYO7B,0.0,0.0,0
ENSG00000163166.14,IWS1,0.0,0.0,0
ENSG00000115718.17,PROC,0.0,0.0,0
ENSG00000169967.16,MAP3K2,0.0,0.0,0
ENSG00000163161.12,ERCC3,0.0,0.0,0
ENSG00000136717.14,BIN1,0.0,0.0,0
ENSG00000213236.3,YWHAZP2,0.0,0.0,0
ENSG00000211460.11,TSN,0.0,0.0,0
ENSG00000115107.19,STEAP3,0.0,0.0,0
ENSG00000125629.14,INSIG2,0.0,0.0,0
ENSG00000136720.6,HS6ST1,0.0,0.0,0
ENSG00000188177.13,ZC3H6,0.0,0.0,0
ENSG00000144130.11,NT5DC4,0.0,0.00020502826,1
ENSG00000144136.10,SLC20A1,0.0,0.0,0
ENSG00000231747.1,AC079922.2,0.0,0.0003872706,1
ENSG00000125611.15,CHCHD5,0.0,0.0,0
ENSG00000125630.15,POLR1B,0.0,0.0,0
ENSG00000114999.7,TTL,0.0,0.0,0
ENSG00000235258.1,NDUFB4P6,0.0,0.0,0
ENSG00000144161.12,ZC3H8,0.0,0.0,0
ENSG00000125633.10,CCDC93,0.0,0.0,0
ENSG00000144152.12,FBLN7,0.0,0.0,0
ENSG00000153214.9,TMEM87B,0.0,0.0,0
ENSG00000225496.1,AC104651.2,0.0,0.0,0
ENSG00000153208.16,MERTK,0.0,0.0,0
ENSG00000153107.11,ANAPC1,0.0,0.0,0
ENSG00000223973.2,AC068491.3,0.0,0.0,0
ENSG00000226928.1,RPS14P4,0.0,0.0,0
ENSG00000169607.12,CKAP2L,0.0,0.0,0
ENSG00000115008.5,IL1A,0.0,0.00027414752,1
ENSG00000125538.11,IL1B,0.0,0.0,0
ENSG00000125571.9,IL37,0.0,0.0,0
ENSG00000088205.12,DDX18,0.0,0.0,0
ENSG00000175497.16,DPP10,0.0,0.0007948851,1
ENSG00000115091.11,ACTR3,0.0,0.0,0
ENSG00000115084.13,SLC35F5,0.0,0.0,0
ENSG00000144158.4,RP11-395L14.17,0.0,0.0,0
ENSG00000144134.18,RABL2A,0.0,0.0,0
ENSG00000240356.6,RPL23AP7,0.0,0.0,0
ENSG00000146556.14,WASH2P,0.0,0.0,0
ENSG00000184492.6,FOXD4L1,0.0,0.0032945885,1
ENSG00000136682.14,CBWD2,0.0,0.0,0
ENSG00000125618.16,PAX8,0.0,0.0,0
ENSG00000125637.15,PSD4,0.0,0.00078498374,1
ENSG00000136695.14,IL36RN,0.0,0.0,0
ENSG00000136694.8,IL36A,0.0,0.0,0
ENSG00000136688.10,IL36G,0.0,0.00042298,1
ENSG00000232101.1,AC108059.2,0.0,0.00024027468,1
ENSG00000196604.12,POTEF,0.0,0.0,0
ENSG00000188282.12,RUFY4,0.0,0.0,0
ENSG00000223911.1,AC009480.3,0.0,0.0,0
ENSG00000168288.12,MMADHC,0.0,0.0,0
ENSG00000228236.2,TXNP5,0.0,4.6602203e-05,1
ENSG00000150556.16,LYPD6B,0.0,0.0,0
ENSG00000168280.16,KIF5C,0.0,0.0,0
ENSG00000135999.11,EPC2,0.0,0.0,0
ENSG00000204406.12,MBD5,0.0,0.0,0
ENSG00000115947.13,ORC4,0.0,0.0,0
ENSG00000121989.14,ACVR2A,0.0,0.0,0
ENSG00000150540.13,HNMT,0.0,0.0,0
ENSG00000238057.8,ZEB2-AS1,0.0,0.0,0
ENSG00000169554.18,ZEB2,0.0,0.0,0
ENSG00000121964.14,GTDC1,0.0,0.0,0
ENSG00000075884.13,ARHGAP15,0.0,0.0,0
ENSG00000168702.17,LRP1B,0.0,0.0,0
ENSG00000144228.8,SPOPL,0.0,0.0,0
ENSG00000232915.1,AC097721.1,0.0,0.0,0
ENSG00000115963.13,RND3,0.0,0.0,0
ENSG00000184898.6,RBM43,0.0,0.0,0
ENSG00000123609.10,NMI,0.0,0.0,0
ENSG00000123610.4,TNFAIP6,0.0,0.0,0
ENSG00000115165.9,CYTIP,0.0,0.0,0
ENSG00000230562.3,FAM133DP,0.0,0.0,0
ENSG00000136541.14,ERMN,0.0,0.0,0
ENSG00000136542.8,GALNT5,0.0,4.3862405e-05,1
ENSG00000115159.15,GPD2,0.0,0.0,0
ENSG00000153234.13,NR4A2,0.0,0.0,0
ENSG00000144278.14,GALNT13,0.0,0.0,0
ENSG00000177917.10,ARL6IP6,0.0,0.0,0
ENSG00000196504.15,PRPF40A,0.0,0.0,0
ENSG00000213197.3,AC012066.1,0.0,0.0,0
ENSG00000157827.19,FMNL2,0.0,0.0,0
ENSG00000115145.9,STAM2,0.0,0.0,0
ENSG00000162980.16,ARL5A,0.0,0.0,0
ENSG00000183091.19,NEB,0.0,0.0,0
ENSG00000080345.17,RIF1,0.0,0.0,0
ENSG00000234645.3,YWHAEP5,0.0,0.0,0
ENSG00000144229.11,THSD7B,0.0,0.0,0
ENSG00000152076.18,CCDC74B,0.0,0.0,0
ENSG00000152102.17,FAM168B,0.0,0.0,0
ENSG00000197927.12,C2orf27A,0.0,0.0,0
ENSG00000204434.5,POTEKP,0.0,0.0,0
ENSG00000163040.14,CCDC74A,0.0,0.0,0
ENSG00000152117.17,AC093838.4,0.0,0.0,0
ENSG00000075886.10,TUBA3D,0.0,0.0,0
ENSG00000173272.15,MZT2A,0.0,0.0,0
ENSG00000188219.14,POTEE,0.0,0.0,0
ENSG00000136002.18,ARHGEF4,0.0,0.0,0
ENSG00000227347.1,HNRNPKP2,0.0,0.0,0
ENSG00000222038.3,POTEJ,0.0,0.0,0
ENSG00000072135.12,PTPN18,0.0,0.0,0
ENSG00000136718.9,IMP4,0.0,0.0,0
ENSG00000136710.9,CCDC115,0.0,0.0,0
ENSG00000230756.1,RHOQP3,0.0,0.0,0
ENSG00000152082.13,MZT2B,0.0,0.0,0
ENSG00000136699.19,SMPD4,0.0,0.0,0
ENSG00000213222.3,AC093724.2,0.0,0.0,0
ENSG00000183840.6,GPR39,0.0,0.0,0
ENSG00000150551.10,LYPD1,0.0,0.0,0
ENSG00000176771.16,NCKAP5,0.0,0.0,0
ENSG00000121966.6,CXCR4,0.0,0.0,0
ENSG00000115866.10,DARS,0.0,0.0,0
ENSG00000076003.4,MCM6,0.0,0.0,0
ENSG00000144224.16,UBXN4,0.0,0.0,0
ENSG00000048991.16,R3HDM1,0.0,0.0,0
ENSG00000235651.1,AC064850.4,0.0,0.0,0
ENSG00000121988.17,ZRANB3,0.0,0.0,0
ENSG00000208308.1,SNORA40,0.0,0.0,0
ENSG00000115839.17,RAB3GAP1,0.0,0.0,0
ENSG00000176601.12,MAP3K19,0.0,0.0,0
ENSG00000082258.12,CCNT2,0.0,0.0,0
ENSG00000153086.13,ACMSD,0.0,0.0,0
ENSG00000224043.7,CCNT2-AS1,0.0,0.0,0
ENSG00000152128.13,TMEM163,0.0,0.0,0
ENSG00000152127.8,MGAT5,0.0,0.0,0
ENSG00000153094.22,BCL2L11,0.0,3.2803127e-05,1
ENSG00000153093.18,ACOXL,0.0,0.0,0
ENSG00000169679.14,BUB1,0.0,0.0,0
ENSG00000204717.4,AC073464.11,0.0,0.0,0
ENSG00000155066.15,PROM2,0.0,0.0,0
ENSG00000275111.4,ZNF2,0.0,0.0,0
ENSG00000144026.11,ZNF514,0.0,0.0,0
ENSG00000144029.11,MRPS5,0.0,0.0,0
ENSG00000172005.10,MAL,0.0,0.0,0
ENSG00000163060.7,TEKT4,0.0,0.0,0
ENSG00000229089.6,ANKRD20A8P,0.0,0.0,0
ENSG00000239819.2,IGKV1D-8,0.0,0.0,0
ENSG00000241566.1,IGKV2D-24,0.0,0.0,0
ENSG00000242580.1,IGKV1D-43,0.0,0.0,0
ENSG00000211633.3,IGKV1D-42,0.0,0.0,0
ENSG00000278857.1,IGKV1D-12,0.0,0.0,0
ENSG00000276566.1,IGKV1D-13,0.0,0.0,0
ENSG00000241244.1,IGKV1D-16,0.0,0.0,0
ENSG00000242766.1,IGKV1D-17,0.0,0.0,0
ENSG00000211625.2,IGKV3D-20,0.0,0.0,0
ENSG00000115042.9,FAHD2A,0.0,0.0,0
ENSG00000229689.3,AC009237.8,0.0,0.0,0
ENSG00000233037.2,AC009237.10,0.0,0.0,0
ENSG00000174501.14,ANKRD36C,0.0,0.0,0
ENSG00000158158.11,CNNM4,0.0,0.0,0
ENSG00000114988.11,LMAN2L,0.0,0.0,0
ENSG00000249715.10,FER1L5,0.0,0.0,0
ENSG00000114982.17,KANSL3,0.0,0.0,0
ENSG00000196843.15,ARID5A,0.0,0.0,0
ENSG00000121152.9,NCAPH,0.0,0.0,0
ENSG00000198885.9,ITPRIPL1,0.0,0.0,0
ENSG00000144028.14,SNRNP200,0.0,0.0,0
ENSG00000144021.2,CIAO1,0.0,0.0,0
ENSG00000135956.8,TMEM127,0.0,0.0,0
ENSG00000084090.13,STARD7,0.0,0.0,0
ENSG00000158050.4,DUSP2,0.0,0.0,0
ENSG00000188886.3,ASTL,0.0,0.0,0
ENSG00000186281.12,GPAT2,0.0,0.0006512658,1
ENSG00000231584.8,FAHD2CP,0.0,0.0,0
ENSG00000225523.2,IGKV6D-21,0.0,0.0,0
ENSG00000224607.4,IGKV1D-27,0.0,0.0,0
ENSG00000230650.1,AC112229.1,0.0,0.0,0
ENSG00000243466.1,IGKV1-5,0.0,2.7451772e-05,1
ENSG00000244437.1,IGKV3-15,0.0,0.0,0
ENSG00000253497.1,IGKV1-13,0.0,0.0,0
ENSG00000243290.3,IGKV1-12,0.0,0.0,0
ENSG00000241351.3,IGKV3-11,0.0,0.0,0
ENSG00000241755.1,IGKV1-9,0.0,0.0011427446,1
ENSG00000240671.4,IGKV1-8,0.0,0.0,0
ENSG00000243063.1,IGKV3-7,0.0,0.0,0
ENSG00000211599.2,IGKV5-2,0.0,0.0,0
ENSG00000242534.2,IGKV2D-28,0.0,0.0,0
ENSG00000211598.2,IGKV4-1,0.0,0.0,0
ENSG00000211597.2,IGKJ1,0.0,0.0,0
ENSG00000211596.3,IGKJ2,0.0,0.0,0
ENSG00000211595.2,IGKJ3,0.0,0.0,0
ENSG00000211594.2,IGKJ4,0.0,0.0,0
ENSG00000211593.2,IGKJ5,0.0,0.0,0
ENSG00000211592.8,IGKC,0.0,0.0,0
ENSG00000240864.3,IGKV1-16,0.0,0.0,0
ENSG00000240382.3,IGKV1-17,0.0,0.0,0
ENSG00000239951.1,IGKV3-20,0.0,0.0,0
ENSG00000211611.2,IGKV6-21,0.0,0.0,0
ENSG00000243264.2,IGKV2D-29,0.0,0.0,0
ENSG00000239571.1,IGKV2D-30,0.0,0.0,0
ENSG00000239975.2,IGKV1D-33,0.0,0.0,0
ENSG00000251546.1,IGKV1D-39,0.0,0.0,0
ENSG00000251039.2,IGKV2D-40,0.0,0.0,0
ENSG00000273962.1,IGKV2-40,0.0,0.0,0
ENSG00000242371.1,IGKV1-39,0.0,0.0,0
ENSG00000239862.1,IGKV1-37,0.0,0.0,0
ENSG00000242076.2,IGKV1-33,0.0,0.0,0
ENSG00000243238.1,IGKV2-30,0.0,0.0,0
ENSG00000253998.3,IGKV2-29,0.0,0.0,0
ENSG00000244116.3,IGKV2-28,0.0,0.0,0
ENSG00000244575.3,IGKV1-27,0.0,0.0,0
ENSG00000254098.1,IGKV2-26,0.0,0.0,0
ENSG00000241294.1,IGKV2-24,0.0,0.0,0
ENSG00000168763.15,CNNM3,0.0,0.0,0
ENSG00000163126.14,ANKRD23,0.0,0.0,0
ENSG00000213337.8,ANKRD39,0.0,0.0,0
ENSG00000170417.15,TMEM182,0.0,0.0,0
ENSG00000235522.6,AC009505.2,0.0,0.0,0
ENSG00000071051.13,NCK2,0.0,0.0,0
ENSG00000115641.18,FHL2,0.0,0.0,0
ENSG00000135974.9,C2orf49,0.0,0.0,0
ENSG00000135966.12,TGFBRAP1,0.0,0.0,0
ENSG00000231851.5,UTAT33,0.0,0.0,0
ENSG00000135972.8,MRPS9,0.0,0.0,0
ENSG00000135953.10,MFSD9,0.0,6.8406145e-05,1
ENSG00000168758.10,SEMA4C,0.0,0.0,0
ENSG00000115616.2,SLC9A2,0.0,0.0,0
ENSG00000180251.4,SLC9A4,0.0,0.0,0
ENSG00000115607.9,IL18RAP,0.0,0.0,0
ENSG00000115604.10,IL18R1,0.0,0.0,0
ENSG00000115602.16,IL1RL1,0.0,0.00012031411,1
ENSG00000115598.9,IL1RL2,0.0,0.0,0
ENSG00000115590.13,IL1R2,0.0,0.0,0
ENSG00000119147.9,C2orf40,0.0,0.0,0
ENSG00000115652.14,UXS1,0.0,0.0,0
ENSG00000153165.18,RGPD3,0.0,0.0,0
ENSG00000214199.3,EEF1A1P12,0.0,0.0,0
ENSG00000144061.12,NPHP1,0.0,0.0,0
ENSG00000144063.3,MALL,0.0,0.0,0
ENSG00000235721.1,AC013268.3,0.0,0.0,0
ENSG00000198142.4,SOWAHC,0.0,0.0,0
ENSG00000186522.14,10-Sep,0.0,0.0,0
ENSG00000228551.1,SNRPGP9,0.0,0.0,0
ENSG00000172985.10,SH3RF3,0.0,0.0,0
ENSG00000163006.11,CCDC138,0.0,0.0,0
ENSG00000153201.15,RANBP2,0.0,0.0,0
ENSG00000169756.16,LIMS1,0.0,0.0,0
ENSG00000135968.20,GCC2,0.0,0.0,0
ENSG00000198075.9,SULT1C4,0.0,0.0,0
ENSG00000198203.9,SULT1C2,0.0,0.0,0
ENSG00000196228.3,SULT1C3,0.0,0.0,0
ENSG00000196862.9,RGPD4,0.0,0.0,0
ENSG00000071054.16,MAP4K4,0.0,0.0,0
ENSG00000196460.12,RFX8,0.0,0.0,0
ENSG00000212283.1,SNORD89,0.0,0.0,0
ENSG00000231822.1,AC019097.7,0.0,0.0,0
ENSG00000196872.11,KIAA1211L,0.0,0.0,0
ENSG00000071073.12,MGAT4A,0.0,0.0,0
ENSG00000115446.11,UNC50,0.0,0.0,0
ENSG00000183513.8,COA5,0.0,0.0,0
ENSG00000040933.15,INPP4A,0.0,0.0,0
ENSG00000144191.11,CNGA3,0.0,0.0008731719,1
ENSG00000168658.18,VWA3B,0.0,0.0,0
ENSG00000235734.4,HMGN1P36,0.0,0.0,0
ENSG00000075568.16,TMEM131,0.0,0.0,0
ENSG00000115085.13,ZAP70,0.0,0.0,0
ENSG00000115073.7,ACTR1B,0.0,0.0,0
ENSG00000135940.6,COX5B,0.0,0.0,0
ENSG00000196912.12,ANKRD36B,0.0,0.0,0
ENSG00000135976.17,ANKRD36,0.0,0.0,0
ENSG00000144199.11,FAHD2B,0.0,0.0,0
ENSG00000135951.14,TSGA10,0.0,0.0,0
ENSG00000273045.5,C2orf15,0.0,0.0,0
ENSG00000163162.8,RNF149,0.0,0.0,0
ENSG00000158411.11,MITD1,0.0,0.0,0
ENSG00000158435.7,CNOT11,0.0,0.0,0
ENSG00000204634.12,TBC1D8,0.0,0.0,0
ENSG00000071082.10,RPL31,0.0,0.0,0
ENSG00000223947.1,AC016738.4,0.0,0.0,0
ENSG00000170485.16,NPAS2,0.0,0.0,0
ENSG00000115539.13,PDCL3,0.0,0.0,0
ENSG00000115526.10,CHST10,0.0,0.0,0
ENSG00000170500.12,LONRF2,0.0,0.0,0
ENSG00000144218.18,AFF3,0.0,0.00032438623,1
ENSG00000135945.9,REV1,0.0,0.0,0
ENSG00000158417.10,EIF5B,0.0,0.0,0
ENSG00000115514.11,TXNDC9,0.0,0.0,0
ENSG00000144214.9,LYG1,0.0,0.0,0
ENSG00000185674.9,LYG2,0.0,0.0,0
ENSG00000185414.19,MRPL30,0.0,0.0,0
ENSG00000115170.13,ACVR1,0.0,0.0,0
ENSG00000153237.17,CCDC148,0.0,0.0,0
ENSG00000144283.21,PKP4,0.0,0.0,0
ENSG00000196141.13,SPATS2L,0.0,0.0,0
ENSG00000196290.14,NIF3L1,0.0,0.0,0
ENSG00000240344.8,PPIL3,0.0,0.0,0
ENSG00000013441.15,CLK1,0.0,0.0,0
ENSG00000082153.17,BZW1,0.0,0.0,0
ENSG00000138356.13,AOX1,0.0,0.0,0
ENSG00000163535.17,SGO2,0.0,0.0,0
ENSG00000155729.12,KCTD18,0.0,0.0,0
ENSG00000162972.10,MAIP1,0.0,0.0,0
ENSG00000231699.1,AC020550.7,0.0,0.0,0
ENSG00000162971.10,TYW5,0.0,0.0,0
ENSG00000178074.5,C2orf69,0.0,0.0,0
ENSG00000226124.6,FTCDNL1,0.0,0.0,0
ENSG00000257045.1,RP11-486F17.1,0.0,0.0,0
ENSG00000119042.16,SATB2,0.0,0.0,0
ENSG00000115896.15,PLCL1,0.0,0.0,0
ENSG00000247626.4,MARS2,0.0,0.0,0
ENSG00000115942.8,ORC2,0.0,0.0,0
ENSG00000183308.6,AC005037.3,0.0,0.0,0
ENSG00000155744.9,FAM126B,0.0,0.0,0
ENSG00000225695.1,HNRNPA1P35,0.0,0.0,0
ENSG00000182329.12,KIAA2012,0.0,0.0,0
ENSG00000155760.2,FZD7,0.0,0.00011164161,1
ENSG00000003393.14,ALS2,0.0,0.0,0
ENSG00000155755.18,TMEM237,0.0,0.0,0
ENSG00000155754.14,ALS2CR11,0.0,0.0,0
ENSG00000213090.2,AC007256.5,0.0,0.0,0
ENSG00000082146.12,STRADB,0.0,0.00016188846,1
ENSG00000115993.12,TRAK2,0.0,0.0,0
ENSG00000155749.12,ALS2CR12,0.0,0.0,0
ENSG00000064012.21,CASP8,0.0,0.0,0
ENSG00000003400.14,CASP10,0.0,0.0,0
ENSG00000226312.7,CFLAR-AS1,0.0,0.0,0
ENSG00000232133.1,IMPDH1P10,0.0,0.0,0
ENSG00000003402.19,CFLAR,0.0,0.0,0
ENSG00000119013.8,NDUFB3,0.0,0.0,0
ENSG00000162944.10,RFTN2,0.0,0.0,0
ENSG00000115540.14,MOB4,0.0,0.0,0
ENSG00000138449.10,SLC40A1,0.0,0.0,0
ENSG00000151690.14,MFSD6,0.0,0.0,0
ENSG00000231858.5,AC067945.4,0.0,0.0,0
ENSG00000229023.1,AC067945.3,0.0,0.0006044429,1
ENSG00000115419.12,GLS,0.0,0.0,0
ENSG00000235852.1,AC005540.3,0.0,0.0,0
ENSG00000228509.5,AC006460.2,0.0,0.0,0
ENSG00000138386.16,NAB1,0.0,0.0,0
ENSG00000189362.11,NEMP2,0.0,0.0,0
ENSG00000151689.12,INPP1,0.0,0.0,0
ENSG00000115541.10,HSPE1,0.0,0.0,0
ENSG00000198130.15,HIBCH,0.0,0.0,0
ENSG00000204253.4,HNRNPCP2,0.0,0.0,0
ENSG00000187699.10,C2orf88,0.0,0.0,0
ENSG00000064933.17,PMS1,0.0,0.0,0
ENSG00000128699.13,ORMDL1,0.0,0.0,0
ENSG00000128694.11,OSGEPL1,0.0,0.0,0
ENSG00000151687.14,ANKAR,0.0,0.0,0
ENSG00000138378.17,STAT4,0.0,0.0,0
ENSG00000128641.18,MYO1B,0.0,0.0,0
ENSG00000274845.1,uc_338,0.0,0.0,0
ENSG00000168497.4,SDPR,0.0,0.0,0
ENSG00000144381.16,HSPD1,0.0,0.0,0
ENSG00000115520.8,COQ10B,0.0,0.0,0
ENSG00000115524.15,SF3B1,0.0,0.0,0
ENSG00000213104.3,NPM1P46,0.0,0.0004900809,1
ENSG00000230482.1,ATP5G2P3,0.0,0.0,0
ENSG00000225636.1,HNRNPA3P15,0.0,0.0,0
ENSG00000065413.18,ANKRD44,0.0,0.0,0
ENSG00000119041.10,GTF3C3,0.0,0.0,0
ENSG00000144395.17,CCDC150,0.0,0.0,0
ENSG00000138411.10,HECW2,0.0,0.0,0
ENSG00000081320.10,STK17B,0.0,0.0,0
ENSG00000118997.13,DNAH7,0.0,0.0,0
ENSG00000196950.13,SLC39A10,0.0,0.0,0
ENSG00000213946.3,DNAJB1P1,0.0,0.0,0
ENSG00000233766.7,AC098617.1,0.0,0.0,0
ENSG00000223825.5,DAZAP2P1,0.0,0.0,0
ENSG00000116030.16,SUMO1,0.0,0.0,0
ENSG00000224463.1,AC079354.6,0.0,0.0,0
ENSG00000229127.1,AC007038.7,0.0,0.0,0
ENSG00000138376.10,BARD1,0.0,0.0,0
ENSG00000144451.18,SPAG16,0.0,0.0,0
ENSG00000178568.14,ERBB4,0.0,0.0,0
ENSG00000021826.14,CPS1,0.0,0.0,0
ENSG00000115365.11,LANCL1,0.0,0.0,0
ENSG00000168530.15,MYL1,0.0,0.0,0
ENSG00000115361.7,ACADL,0.0,0.0,0
ENSG00000272807.1,RP11-260M2.1,0.0,0.0,0
ENSG00000055044.10,NOP58,0.0,0.0,0
ENSG00000144445.16,KANSL1L,0.0,0.0,0
ENSG00000197713.14,RPE,0.0,0.0,0
ENSG00000078018.19,MAP2,0.0,0.0,0
ENSG00000115020.16,PIKFYVE,0.0,0.0,0
ENSG00000178385.14,PLEKHM3,0.0,0.0,0
ENSG00000163251.3,FZD5,0.0,0.0,0
ENSG00000144401.14,METTL21A,0.0,0.0,0
ENSG00000207274.1,SNORA70,0.0,0.0,0
ENSG00000230076.1,RPL10P6,0.0,0.0,0
ENSG00000144452.14,ABCA12,0.0,0.0,0
ENSG00000138363.14,ATIC,0.0,0.0,0
ENSG00000275458.1,MIR6809,0.0,0.0,0
ENSG00000079308.16,TNS1,0.0,0.0,0
ENSG00000231035.1,RPL7L1P9,0.0,0.0,0
ENSG00000236886.2,AC007563.5,0.0,0.0,0
ENSG00000115461.4,IGFBP5,0.0,0.0,0
ENSG00000115457.9,IGFBP2,0.0,0.0,0
ENSG00000197756.9,RPL37A,0.0,0.0,0
ENSG00000138375.12,SMARCAL1,0.0,0.0,0
ENSG00000236478.2,AC012513.4,0.0,0.001365578,1
ENSG00000232970.1,POLHP1,0.0,0.0,0
ENSG00000079246.15,XRCC5,0.0,0.0,0
ENSG00000163449.10,TMEM169,0.0,0.0,0
ENSG00000115425.13,PECR,0.0,0.0,0
ENSG00000118242.15,MREG,0.0,0.0005259484,1
ENSG00000115414.18,FN1,0.0,0.0,0
ENSG00000118260.14,CREB1,0.0,0.0,0
ENSG00000118263.14,KLF7,0.0,0.0,0
ENSG00000144410.4,CPO,0.0,0.0,0
ENSG00000178562.17,CD28,0.0,0.0,0
ENSG00000138443.15,ABI2,0.0,0.0,0
ENSG00000238285.1,MRPL50P2,0.0,0.0,0
ENSG00000119004.15,CYP20A1,0.0,0.0,0
ENSG00000228513.1,AC023271.1,0.0,0.0,0
ENSG00000232994.1,RPL7P14,0.0,0.0,0
ENSG00000144426.18,NBEAL1,0.0,0.0,0
ENSG00000138380.17,CARF,0.0,0.0,0
ENSG00000138442.9,WDR12,0.0,0.0,0
ENSG00000240761.1,AC098831.4,0.0,0.0,0
ENSG00000163596.16,ICA1L,0.0,0.0,0
ENSG00000138439.11,FAM117B,0.0,0.0,0
ENSG00000204217.13,BMPR2,0.0,0.0,0
ENSG00000238317.2,SNORD11,0.0,0.0,0
ENSG00000212309.1,SNORD70,0.0,5.132372e-05,1
ENSG00000212534.1,SNORD70,0.0,0.0,0
ENSG00000173166.17,RAPH1,0.0,0.0,0
ENSG00000163599.14,CTLA4,0.0,0.0,0
ENSG00000118246.13,FASTKD2,0.0,0.0,0
ENSG00000163600.12,ICOS,0.0,0.0,0
ENSG00000138400.12,MDH1B,0.0,0.0,0
ENSG00000114948.12,ADAM23,0.0,0.0,0
ENSG00000204186.7,ZDBF2,0.0,0.0,0
ENSG00000207406.1,SNORA41,0.0,0.0,0
ENSG00000281780.1,snoZ196,0.0,0.0,0
ENSG00000277502.1,uc_338,0.0,0.0,0
ENSG00000114942.13,EEF1B2,0.0,0.0,0
ENSG00000237580.1,GCSHP3,0.0,0.0,0
ENSG00000231955.1,AC007383.4,0.0,0.0,0
ENSG00000023228.13,NDUFS1,0.0,0.0,0
ENSG00000114933.15,INO80D,0.0,0.0,0
ENSG00000225216.6,AC007362.3,0.0,0.0,0
ENSG00000118257.16,NRP2,0.0,0.0,0
ENSG00000223890.1,AC008171.1,0.0,0.0,0
ENSG00000116117.17,PARD3B,0.0,0.0,0
ENSG00000138381.9,ASNSD1,0.0,0.0,0
ENSG00000115368.9,WDR75,0.0,0.0,0
ENSG00000163331.11,DAPL1,0.0,0.00030460535,1
ENSG00000138399.17,FASTKD1,0.0,0.0,0
ENSG00000144357.16,UBR3,0.0,0.0,0
ENSG00000138382.14,METTL5,0.0,0.00065469835,1
ENSG00000138385.15,SSB,0.0,0.0,0
ENSG00000213160.9,KLHL23,0.0,0.0,0
ENSG00000144362.11,PHOSPHO2,0.0,0.0,0
ENSG00000154479.12,CCDC173,0.0,0.0,0
ENSG00000138398.15,PPIG,0.0,0.0,0
ENSG00000239474.6,KLHL41,0.0,0.0,0
ENSG00000163092.19,XIRP2,0.0,0.0,0
ENSG00000163093.11,BBS5,0.0,0.0,0
ENSG00000081479.12,LRP2,0.0,0.0,0
ENSG00000073734.8,ABCB11,0.0,0.0,0
ENSG00000152253.8,SPC25,0.0,0.0,0
ENSG00000163072.15,NOSTRIN,0.0,0.0,0
ENSG00000172292.14,CERS6,0.0,0.0,0
ENSG00000198648.10,STK39,0.0,0.0,0
ENSG00000227176.1,AC092641.2,0.0,0.0,0
ENSG00000071909.18,MYO3B,0.0,0.0,0
ENSG00000204335.3,SP5,0.0,0.0,0
ENSG00000128692.8,EIF2S2P4,0.0,0.0,0
ENSG00000232788.1,AC078883.3,0.0,0.0,0
ENSG00000091409.14,ITGA6,0.0,0.0,0
ENSG00000172878.13,METAP1D,0.0,0.0,0
ENSG00000128708.12,HAT1,0.0,0.0,0
ENSG00000115840.13,SLC25A12,0.0,0.0,0
ENSG00000077380.15,DYNC1I2,0.0,0.0,0
ENSG00000071967.11,CYBRD1,0.0,0.0,0
ENSG00000233762.3,AC007969.5,0.0,0.001150728,1
ENSG00000228507.1,DAP3P2,0.0,0.0,0
ENSG00000115827.13,DCAF17,0.0,0.0,0
ENSG00000224553.1,AC008065.1,0.0,0.0,0
ENSG00000123600.19,METTL8,0.0,0.0,0
ENSG00000198586.13,TLK1,0.0,0.0,0
ENSG00000115806.12,GORASP2,0.0,0.0,0
ENSG00000204334.7,ERICH2,0.0,0.0,0
ENSG00000214211.2,CTAGE14P,0.0,0.0,0
ENSG00000136546.13,SCN7A,0.0,0.0,0
ENSG00000204262.11,COL5A2,0.0,0.0,0
ENSG00000054219.10,LY75,0.0,0.0,0
ENSG00000231445.1,TIMM8AP1,0.0,0.0,0
ENSG00000197635.9,DPP4,0.0,0.0,0
ENSG00000115233.11,PSMD14,0.0,0.0,0
ENSG00000136560.13,TANK,0.0,0.0,0
ENSG00000153250.19,RBMS1,0.0,0.0,0
ENSG00000115221.10,ITGB6,0.0,0.0,0
ENSG00000153246.12,PLA2R1,0.0,0.0,0
ENSG00000241399.6,CD302,0.0,0.0,0
ENSG00000169432.14,SCN9A,0.0,0.0,0
ENSG00000136536.14,7-Mar,0.0,0.0,0
ENSG00000225369.1,AC009506.2,0.0,0.0,0
ENSG00000223642.7,AC008277.1,0.0,0.0,0
ENSG00000123636.17,BAZ2B,0.0,0.0,0
ENSG00000196151.10,WDSUB1,0.0,0.0,0
ENSG00000213189.5,BTF3L4P2,0.0,0.0,0
ENSG00000115183.14,TANC1,0.0,0.0,0
ENSG00000236841.7,AC007750.5,0.0,0.0,0
ENSG00000078098.13,FAP,0.0,0.0,0
ENSG00000115267.5,IFIH1,0.0,0.0,0
ENSG00000115271.10,GCA,0.0,0.0,0
ENSG00000144285.17,SCN1A,0.0,0.0,0
ENSG00000236107.7,AC010127.3,0.0,0.0,0
ENSG00000224490.5,TTC21B-AS1,0.0,0.0,0
ENSG00000123607.14,TTC21B,0.0,0.0,0
ENSG00000178662.15,CSRNP3,0.0,0.0,0
ENSG00000136531.15,SCN2A,0.0,0.0,0
ENSG00000153253.16,SCN3A,0.0,0.0,0
ENSG00000169507.9,SLC38A11,0.0,0.0,0
ENSG00000236283.4,AC013463.2,0.0,0.0,0
ENSG00000224331.2,AC019181.3,0.0,0.0,0
ENSG00000082438.15,COBLL1,0.0,0.0,0
ENSG00000277998.1,RP11-452N17.1,0.0,0.0,0
ENSG00000115290.9,GRB14,0.0,0.0,0
ENSG00000182263.13,FIGN,0.0,0.0,0
ENSG00000184611.11,KCNH7,0.0,0.0,0
ENSG00000152256.13,PDK1,0.0,0.0,0
ENSG00000091428.17,RAPGEF4,0.0,0.0,0
ENSG00000091436.16,MAP3K20,0.0,0.0,0
ENSG00000144331.18,ZNF385B,0.0,0.0,0
ENSG00000115252.18,PDE1A,0.0,0.0,0
ENSG00000138434.16,SSFA2,0.0,0.0,0
ENSG00000188452.13,CERKL,0.0,0.0,0
ENSG00000115232.13,ITGA4,0.0,0.0,0
ENSG00000170035.15,UBE2E3,0.0,0.0,0
ENSG00000226564.1,FTH1P20,0.0,0.0008703448,1
ENSG00000163510.13,CWC22,0.0,0.0,0
ENSG00000187231.13,SESTD1,0.0,0.0,0
ENSG00000238133.6,MAP3K20-AS1,0.0,0.0,0
ENSG00000163492.14,CCDC141,0.0,0.00065033557,1
ENSG00000267784.1,RP11-171I2.1,0.0,0.0,0
ENSG00000271141.1,RP11-171I2.4,0.0,0.0,0
ENSG00000270574.1,RP11-171I2.2,0.0,0.0,0
ENSG00000271011.1,RP11-171I2.5,0.0,0.0,0
ENSG00000279598.1,RP11-65L3.3,0.0,0.0,0
ENSG00000270277.1,RP11-65L3.2,0.0,0.0,0
ENSG00000077232.17,DNAJC10,0.0,8.9999514e-07,1
ENSG00000162998.4,FRZB,0.0,0.0,0
ENSG00000061676.14,NCKAP1,0.0,0.0,0
ENSG00000224643.5,AC064871.3,0.0,0.0008258854,1
ENSG00000168542.14,COL3A1,0.0,0.0,0
ENSG00000207951.1,MIR561,0.0,0.0,0
ENSG00000144366.15,GULP1,0.0,0.0,0
ENSG00000003436.15,TFPI,0.0,0.0,0
ENSG00000231739.2,GAPDHP59,0.0,0.0,0
ENSG00000064989.12,CALCRL,0.0,0.0,0
ENSG00000144369.12,FAM171B,0.0,0.0,0
ENSG00000227227.1,AC017101.10,0.0,0.0,0
ENSG00000138448.11,ITGAV,0.0,0.0,0
ENSG00000065548.17,ZC3H15,0.0,0.0,0
ENSG00000188738.14,FSIP2,0.0,0.0026548516,1
ENSG00000225406.1,AC080125.1,0.0,0.0,0
ENSG00000170396.7,ZNF804A,0.0,0.0,0
ENSG00000177855.8,CACYBPP2,0.0,0.0,0
ENSG00000163002.12,NUP35,0.0,0.0,0
ENSG00000270956.1,RP11-65L3.4,0.0,0.0,0
ENSG00000155657.26,TTN,0.0,0.0,0
ENSG00000237298.9,TTN-AS1,0.0,0.0,0
ENSG00000175879.8,HOXD8,0.0,0.0,0
ENSG00000128710.5,HOXD10,0.0,0.0,0
ENSG00000128713.13,HOXD11,0.0,0.0,0
ENSG00000144320.13,LNPK,0.0,0.0,0
ENSG00000154518.9,ATP5G3,0.0,0.0,0
ENSG00000115966.16,ATF2,0.0,0.0,0
ENSG00000128656.13,CHN1,0.0,0.0,0
ENSG00000138435.15,CHRNA1,0.0,0.00069303846,1
ENSG00000235655.3,H3F3AP4,0.0,0.0,0
ENSG00000237798.1,AC010894.5,0.0,0.0,0
ENSG00000163328.13,GPR155,0.0,0.0,0
ENSG00000144306.14,SCRN3,0.0,0.0,0
ENSG00000138433.15,CIR1,0.0,0.00084566855,1
ENSG00000138430.15,OLA1,0.0,0.0,0
ENSG00000172845.14,SP3,0.0,0.0,0
ENSG00000144354.13,CDCA7,0.0,0.0,0
ENSG00000128709.12,HOXD9,0.0,0.0,0
ENSG00000170166.5,HOXD4,0.0,0.0,0
ENSG00000079150.17,FKBP7,0.0,0.0,0
ENSG00000128645.14,HOXD1,0.0,0.0,0
ENSG00000238082.1,AC009948.7,0.0,0.000714463,3
ENSG00000204311.12,DFNB59,0.0,0.0,0
ENSG00000180228.12,PRKRA,0.0,0.0,0
ENSG00000079156.16,OSBPL6,0.0,0.0,0
ENSG00000155636.14,RBM45,0.0,0.0,0
ENSG00000197557.6,TTC30A,0.0,0.0,0
ENSG00000237655.1,AC073834.3,0.0,0.0,0
ENSG00000196659.9,TTC30B,0.0,0.0,0
ENSG00000018510.13,AGPS,0.0,0.0,0
ENSG00000222043.2,AC079305.10,0.0,0.0,0
ENSG00000116044.15,NFE2L2,0.0,0.0,0
ENSG00000170144.20,HNRNPA3,0.0,0.0,0
ENSG00000128654.13,MTX2,0.0,0.0,0
ENSG00000218175.2,AC016739.2,0.0,0.0,0
ENSG00000279160.1,RP11-387A1.6,0.0,0.0,0
ENSG00000144730.17,IL17RD,0.0,0.0,0
ENSG00000157500.10,APPL1,0.0,0.0,0
ENSG00000153574.8,RPIA,0.0,0.0,0
ENSG00000251332.1,RP11-177C12.4,0.0,0.0,0
ENSG00000121895.7,TMEM156,0.0,0.0,0
ENSG00000197712.11,FAM114A1,0.0,0.0,0
ENSG00000174130.12,TLR6,0.0,0.0,0
ENSG00000174125.7,TLR1,0.0,0.0,0
ENSG00000174123.10,TLR10,0.0,0.0,0
ENSG00000109787.12,KLF3,0.0,0.0,0
ENSG00000249649.1,MRPS33P2,0.0,0.0,0
ENSG00000250254.1,PTTG2,0.0,0.0,0
ENSG00000109689.15,STIM2,0.0,0.0,0
ENSG00000065882.15,TBC1D1,0.0,0.0,0
ENSG00000169299.13,PGM2,0.0,0.0,0
ENSG00000181826.9,RELL1,0.0,0.0,0
ENSG00000154274.14,C4orf19,0.0,0.0,0
ENSG00000197057.9,DTHD1,0.0,0.0,0
ENSG00000047365.11,ARAP2,0.0,0.0,0
ENSG00000169851.15,PCDH7,0.0,0.0,0
ENSG00000109790.16,KLHL5,0.0,0.0,0
ENSG00000249207.1,RP11-360F5.1,0.0,0.0,0
ENSG00000157796.17,WDR19,0.0,0.0,0
ENSG00000134962.6,KLB,0.0,0.0,0
ENSG00000163697.16,APBB2,0.0,0.0,0
ENSG00000248780.1,ARL4AP2,0.0,0.0,0
ENSG00000179299.16,NSUN7,0.0,0.0,0
ENSG00000163694.14,RBM47,0.0,0.0,0
ENSG00000168421.12,RHOH,0.0,0.0,0
ENSG00000078177.13,N4BP2,0.0,0.0,0
ENSG00000231707.4,PABPC1P1,0.0,0.0,0
ENSG00000250568.1,RP11-333E13.2,0.0,0.0,0
ENSG00000121892.14,PDS5A,0.0,0.0,0
ENSG00000180610.10,ZBTB12BP,0.0,0.0026782686,1
ENSG00000249019.2,RP11-539G18.1,0.0,0.0,0
ENSG00000078140.13,UBE2K,0.0,0.0,0
ENSG00000163683.11,SMIM14,0.0,0.0,0
ENSG00000109814.11,UGDH,0.0,0.0,0
ENSG00000163682.15,RPL9,0.0,0.0,0
ENSG00000248340.2,RP11-293A21.2,0.0,0.0,0
ENSG00000109680.10,TBC1D19,0.0,0.0,0
ENSG00000154277.12,UCHL1,0.0,8.747528e-06,1
ENSG00000118579.12,MED28,0.0,0.0,0
ENSG00000145147.19,SLIT2,0.0,0.0,0
ENSG00000241612.1,RP13-585F24.1,0.0,0.0,0
ENSG00000235413.3,KRT18P63,0.0,0.0,0
ENSG00000178177.15,LCORL,0.0,0.0,0
ENSG00000109805.9,NCAPG,0.0,0.0,0
ENSG00000163257.10,DCAF16,0.0,0.0,0
ENSG00000047662.4,FAM184B,0.0,0.0,0
ENSG00000002549.12,LAP3,0.0,0.0,0
ENSG00000168214.20,RBPJ,0.0,0.0,0
ENSG00000151552.11,QDPR,0.0,0.0,0
ENSG00000206780.1,SNORA75,0.0,0.0,0
ENSG00000169744.12,LDB2,0.0,0.0,0
ENSG00000248138.5,RP11-446J8.1,0.0,0.0,0
ENSG00000263327.6,TAPT1-AS1,0.0,0.0,0
ENSG00000169762.16,TAPT1,0.0,0.0,0
ENSG00000007062.11,PROM1,0.0,0.0,0
ENSG00000207732.1,MIR218-1,0.0,0.0,0
ENSG00000163138.18,PACRGL,0.0,0.0,0
ENSG00000152990.13,ADGRA3,0.0,0.0,0
ENSG00000249948.6,GBA3,0.0,0.0,0
ENSG00000250317.8,SMIM20,0.0,0.0003204422,1
ENSG00000091490.10,SEL1L3,0.0,0.0,0
ENSG00000242640.1,RPS29P11,0.0,0.0,0
ENSG00000157765.11,SLC34A2,0.0,0.0,0
ENSG00000053900.10,ANAPC4,0.0,0.0,0
ENSG00000168228.14,ZCCHC4,0.0,0.0,0
ENSG00000038210.12,PI4K2B,0.0,0.0,0
ENSG00000109618.11,SEPSECS,0.0,0.0,0
ENSG00000153012.11,LGI2,0.0,0.003454871,1
ENSG00000181982.18,CCDC149,0.0,0.0,0
ENSG00000109610.5,SOD3,0.0,0.0,0
ENSG00000207697.1,MIR573,0.0,0.0,0
ENSG00000109606.12,DHX15,0.0,0.0,0
ENSG00000109819.8,PPARGC1A,0.0,0.0,0
ENSG00000237350.1,CDC42P6,0.0,0.0,0
ENSG00000250906.1,RP11-632F7.3,0.0,0.0,0
ENSG00000064042.17,LIMCH1,0.0,0.0,0
ENSG00000198092.5,TMPRSS11F,0.0,0.0,0
ENSG00000090989.17,EXOC1,0.0,0.0,0
ENSG00000174780.15,SRP72,0.0,9.693357e-05,1
ENSG00000128050.8,PAICS,0.0,0.0,0
ENSG00000270147.1,RP11-646I6.6,0.0,0.0,0
ENSG00000128059.8,PPAT,0.0,0.0,0
ENSG00000157426.13,AASDH,0.0,0.0,0
ENSG00000109265.13,KIAA1211,0.0,0.0,0
ENSG00000174799.10,CEP135,0.0,0.0,0
ENSG00000109255.11,NMU,0.0,0.0,0
ENSG00000109220.10,CHIC2,0.0,0.0,0
ENSG00000134852.14,CLOCK,0.0,0.0,0
ENSG00000134851.12,TMEM165,0.0,0.0,0
ENSG00000249700.8,SRD5A3-AS1,0.0,0.0,0
ENSG00000251111.2,FCF1P8,0.0,0.0,0
ENSG00000128039.10,SRD5A3,0.0,0.0,0
ENSG00000128052.8,KDR,0.0,0.0,0
ENSG00000157404.15,KIT,0.0,0.0,0
ENSG00000171476.21,HOPX,0.0,0.0,0
ENSG00000128040.10,SPINK2,0.0,0.0,0
ENSG00000084093.16,REST,0.0,0.0,0
ENSG00000084092.6,NOA1,0.0,0.0,0
ENSG00000153802.11,TMPRSS11D,0.0,0.0,0
ENSG00000109163.6,GNRHR,0.0,0.0,0
ENSG00000270228.1,RP11-453E17.3,0.0,0.0,0
ENSG00000248049.6,UBA6-AS1,0.0,0.0,0
ENSG00000033178.12,UBA6,0.0,0.0,0
ENSG00000035720.7,STAP1,0.0,0.0,0
ENSG00000145241.10,CENPC,0.0,0.0,0
ENSG00000250030.2,RP11-584P21.4,0.0,0.0,0
ENSG00000236562.4,RP11-396M11.1,0.0,0.0,0
ENSG00000243199.1,RP11-408P14.1,0.0,0.0,0
ENSG00000150471.16,ADGRL3,0.0,0.0,0
ENSG00000245067.6,IGFBP7-AS1,0.0,0.0,0
ENSG00000250384.1,UBE2CP3,0.0,0.0,0
ENSG00000163453.11,IGFBP7,0.0,0.0,0
ENSG00000047315.15,POLR2B,0.0,0.0,0
ENSG00000134853.11,PDGFRA,0.0,0.0,0
ENSG00000229585.4,RPL21P44,0.0,0.0,0
ENSG00000109133.12,TMEM33,0.0,0.0012147304,1
ENSG00000273369.1,RP11-700J17.1,0.0,0.0,0
ENSG00000170448.11,NFXL1,0.0,0.0,0
ENSG00000282917.1,RP11-121C2.3,0.0,0.0,0
ENSG00000145244.11,CORIN,0.0,0.0,0
ENSG00000248254.1,AC092597.3,0.0,0.0,0
ENSG00000242431.2,RP11-731J8.1,0.0,0.0,0
ENSG00000145246.13,ATP10D,0.0,0.0,0
ENSG00000169019.10,COMMD8,0.0,0.0,0
ENSG00000163281.11,GNPDA2,0.0,0.0,0
ENSG00000072201.13,LNX1,0.0,0.0,0
ENSG00000151806.13,GUF1,0.0,0.0,0
ENSG00000124399.4,NDUFB4P12,0.0,0.0,0
ENSG00000240167.1,RPS7P7,0.0,0.0,0
ENSG00000124406.16,ATP8A1,0.0,0.0,0
ENSG00000178343.4,SHISA3,0.0,0.0,0
ENSG00000249212.1,ATP1B1P1,0.0,0.0003716981,1
ENSG00000014824.13,SLC30A9,0.0,0.0,0
ENSG00000163293.11,NIPAL1,0.0,0.00015929973,1
ENSG00000198515.13,CNGA1,0.0,0.0,0
ENSG00000074966.10,TXK,0.0,0.0,0
ENSG00000135605.12,TEC,0.0,0.0,0
ENSG00000145216.15,FIP1L1,0.0,0.0,0
ENSG00000184178.15,SCFD2,0.0,0.0,0
ENSG00000128045.6,RASL11B,0.0,0.0,0
ENSG00000212490.1,SNORA26,0.0,0.0,0
ENSG00000226887.7,ERVMER34-1,0.0,0.0,0
ENSG00000109189.12,USP46,0.0,0.0,0
ENSG00000163071.10,SPATA18,0.0,0.0,0
ENSG00000163069.12,SGCB,0.0,0.0,0
ENSG00000109184.14,DCUN1D4,0.0,0.0,0
ENSG00000109182.11,CWH43,0.0,0.0,0
ENSG00000145247.11,OCIAD2,0.0,0.0,0
ENSG00000248256.1,OCIAD1-AS1,0.0,0.0,0
ENSG00000109180.14,OCIAD1,0.0,0.0,0
ENSG00000075539.13,FRYL,0.0,0.0,0
ENSG00000109171.14,SLAIN2,0.0,0.0,0
ENSG00000137440.4,FGFBP1,0.0,0.0,0
ENSG00000004468.12,CD38,0.0,0.0,0
ENSG00000109743.10,BST1,0.0,0.0,0
ENSG00000207642.1,MIR571,0.0,0.0,0
ENSG00000169026.12,MFSD7,0.0,0.0,0
ENSG00000215375.6,MYL5,0.0,0.0,0
ENSG00000169020.9,ATP5I,0.0,0.0,0
ENSG00000133256.12,PDE6B,0.0,0.0,0
ENSG00000174227.15,PIGG,0.0,0.0,0
ENSG00000182903.15,ZNF721,0.0,0.0,0
ENSG00000251595.7,ABCA11P,0.0,0.0,0
ENSG00000250321.1,RP11-478C6.4,0.0,0.0001880823,1
ENSG00000114473.13,IQCG,0.0,0.0,0
ENSG00000131127.13,ZNF141,0.0,0.0,0
ENSG00000186777.11,ZNF732,0.0,0.0,0
ENSG00000250312.6,ZNF718,0.0,0.0,0
ENSG00000272602.5,ZNF595,0.0,0.0,0
ENSG00000236438.7,FAM157A,0.0,0.0,0
ENSG00000232832.1,LMLN-AS1,0.0,0.0,0
ENSG00000185621.11,LMLN,0.0,0.0,0
ENSG00000185619.18,PCGF3,0.0,0.0,0
ENSG00000233799.1,AC139887.4,0.0,0.0,0
ENSG00000178950.16,GAK,0.0,0.0,0
ENSG00000127419.16,TMEM175,0.0,0.0,0
ENSG00000168936.10,TMEM129,0.0,0.0,0
ENSG00000163950.12,SLBP,0.0,0.0,0
ENSG00000179979.8,CRIPAK,0.0,0.0,0
ENSG00000163945.15,UVSSA,0.0,0.0,0
ENSG00000090316.15,MAEA,0.0,0.0,0
ENSG00000196810.4,CTBP1-AS2,0.0,0.0,0
ENSG00000159692.15,CTBP1,0.0,0.0,0
ENSG00000280927.1,CTBP1-AS,0.0,0.0,0
ENSG00000159674.11,SPON2,0.0,0.0,0
ENSG00000212458.1,SNORA48,0.0,0.0008522128,1
ENSG00000178222.12,RNF212,0.0,0.0,0
ENSG00000127418.14,FGFRL1,0.0,0.0,0
ENSG00000127415.12,IDUA,0.0,0.0,0
ENSG00000145217.13,SLC26A1,0.0,0.0,0
ENSG00000145214.13,DGKQ,0.0,0.0,0
ENSG00000182899.14,RPL35A,0.0,0.0,0
ENSG00000234742.1,AC144530.1,0.0,0.0,0
ENSG00000237765.6,FAM200B,0.0,0.0,0
ENSG00000213123.10,TCTEX1D2,0.0,0.0,0
ENSG00000185798.7,WDR53,0.0,0.0,0
ENSG00000273013.1,CTD-2002J20.1,0.0,0.0,0
ENSG00000163961.4,RNF168,0.0,0.0,0
ENSG00000225822.4,UBXN7-AS1,0.0,0.0,0
ENSG00000163960.11,UBXN7,0.0,0.0,0
ENSG00000145107.15,TM4SF19,0.0,0.0,0
ENSG00000235897.1,TM4SF19-AS1,0.0,0.0,0
ENSG00000161217.11,PCYT1A,0.0,0.0,0
ENSG00000186001.12,LRCH3,0.0,0.0,0
ENSG00000163959.9,SLC51A,0.0,0.0,0
ENSG00000072274.12,TFRC,0.0,0.0,0
ENSG00000185485.14,SDHAP1,0.0,0.0,0
ENSG00000260261.1,RP11-480A16.1,0.0,0.0,0
ENSG00000231443.2,AC024937.6,0.0,0.0,0
ENSG00000061938.16,TNK2,0.0,0.0,0
ENSG00000145113.21,MUC4,0.0,0.0,0
ENSG00000174013.7,FBXO45,0.0,0.0,0
ENSG00000174004.5,NRROS,0.0,0.0,0
ENSG00000163964.14,PIGX,0.0,0.0,0
ENSG00000174007.7,CEP19,0.0,0.0,0
ENSG00000122068.12,FYTTD1,0.0,0.0,0
ENSG00000284146.1,MIR922,0.0,0.0,0
ENSG00000145016.15,RUBCN,0.0,0.0,0
ENSG00000249626.1,RP11-496H1.1,0.0,0.0,0
ENSG00000214135.8,AC024560.3,0.0,0.0,0
ENSG00000161267.11,BDH1,0.0,0.0,0
ENSG00000075711.20,DLG1,0.0,0.0,0
ENSG00000163975.11,MELTF,0.0,0.0,0
ENSG00000233487.6,RPSAP69,0.0,0.0,0
ENSG00000119227.7,PIGZ,0.0,0.0,0
ENSG00000270170.1,NCBP2-AS2,0.0,0.0,0
ENSG00000225578.1,NCBP2-AS1,0.0,0.0,0
ENSG00000114503.10,NCBP2,0.0,0.0,0
ENSG00000119231.10,SENP5,0.0,0.0,0
ENSG00000180370.10,PAK2,0.0,0.0,0
ENSG00000013810.18,TACC3,0.0,0.0,0
ENSG00000068078.17,FGFR3,0.0,0.0,0
ENSG00000168924.14,LETM1,0.0,0.0,0
ENSG00000184985.16,SORCS2,0.0,0.0,0
ENSG00000251615.3,RP11-774O3.3,0.0,0.0,0
ENSG00000170801.9,HTRA3,0.0,0.00032878545,1
ENSG00000125089.16,SH3TC1,0.0,0.0,0
ENSG00000250471.2,GMPSP1,0.0,0.0,0
ENSG00000163995.19,ABLIM2,0.0,0.0,0
ENSG00000196526.10,AFAP1,0.0,0.0,0
ENSG00000272620.1,AFAP1-AS1,0.0,0.0,0
ENSG00000109519.12,GRPEL1,0.0,6.915721e-05,1
ENSG00000109685.17,NSD2,0.0,0.0,0
ENSG00000173011.11,TADA2B,0.0,0.0,0
ENSG00000132405.18,TBC1D14,0.0,0.0,0
ENSG00000170871.11,KIAA0232,0.0,0.0,0
ENSG00000186222.4,BLOC1S4,0.0,0.0,0
ENSG00000178988.10,MRFAP1L1,0.0,0.0,0
ENSG00000163993.6,S100P,0.0,0.0003221089,1
ENSG00000013288.8,MAN2B2,0.0,0.0,0
ENSG00000087008.15,ACOX3,0.0,0.0,0
ENSG00000155275.18,TRMT44,0.0,0.0,0
ENSG00000155269.11,GPR78,0.0,0.0,0
ENSG00000109625.18,CPZ,0.0,0.0,0
ENSG00000118564.14,FBXL5,0.0,0.0,0
ENSG00000249930.1,AC007016.3,0.0,0.0,0
ENSG00000048342.15,CC2D2A,0.0,0.0,0
ENSG00000163145.12,C1QTNF7,0.0,0.0,0
ENSG00000249252.5,RP11-665G4.1,0.0,0.0,0
ENSG00000137449.15,CPEB2,0.0,0.0,0
ENSG00000038219.12,BOD1L1,0.0,0.0,0
ENSG00000157869.14,RAB28,0.0,0.0,0
ENSG00000205940.8,HSP90AB2P,0.0,0.0,0
ENSG00000002587.9,HS3ST1,0.0,0.0,0
ENSG00000250896.1,RNPS1P1,0.0,0.0,0
ENSG00000178163.7,ZNF518B,0.0,0.0,0
ENSG00000071127.16,WDR1,0.0,0.0,0
ENSG00000109667.11,SLC2A9,0.0,0.0,0
ENSG00000221275.1,MIR548I2,0.0,0.0,0
ENSG00000074211.13,PPP2R2C,0.0,0.0,0
ENSG00000109501.13,WFS1,0.0,0.0,0
ENSG00000152969.17,JAKMIP1,0.0,0.0,0
ENSG00000197386.10,HTT,0.0,0.0,0
ENSG00000087269.15,NOP14,0.0,0.0,0
ENSG00000109736.14,MFSD10,0.0,0.0,0
ENSG00000087274.16,ADD1,0.0,0.0,0
ENSG00000087266.15,SH3BP2,0.0,0.0,0
ENSG00000168884.14,TNIP2,0.0,0.0,0
ENSG00000248155.1,WI2-89927D4.1,0.0,0.0,0
ENSG00000125386.15,FAM193A,0.0,0.0,0
ENSG00000063978.15,RNF4,0.0,0.0,0
ENSG00000159733.13,ZFYVE28,0.0,0.0,0
ENSG00000123933.16,MXD4,0.0,0.0,0
ENSG00000214367.7,HAUS3,0.0,0.0,0
ENSG00000130997.16,POLN,0.0,0.0,0
ENSG00000243449.6,C4orf48,0.0,0.0,0
ENSG00000185049.14,NELFA,0.0,0.0,0
ENSG00000249784.1,SCARNA22,0.0,0.0,0
ENSG00000125388.19,GRK4,0.0,2.262578e-05,1
ENSG00000159788.18,RGS12,0.0,0.0,0
ENSG00000072832.14,CRMP1,0.0,0.0,0
ENSG00000109758.8,HGFAC,0.0,0.0,0
ENSG00000072840.12,EVC,0.0,0.0,0
ENSG00000173040.12,EVC2,0.0,0.0,0
ENSG00000152953.12,STK32B,0.0,0.0,0
ENSG00000170891.10,CYTL1,0.0,0.0,0
ENSG00000163132.6,MSX1,0.0,0.0,0
ENSG00000237170.3,RPS7P15,0.0,0.0,0
ENSG00000168818.9,STX18,0.0,0.0,0
ENSG00000168824.14,NSG1,0.0,0.0,0
ENSG00000168826.15,ZBTB49,0.0,0.0,0
ENSG00000145220.13,LYAR,0.0,0.0,0
ENSG00000132406.11,TMEM128,0.0,0.0,0
ENSG00000251669.5,FAM86EP,0.0,0.0,0
ENSG00000184160.7,ADRA2C,0.0,0.0,0
ENSG00000163956.10,LRPAP1,0.0,0.0,0
ENSG00000175920.16,DOK7,0.0,0.0,0
ENSG00000187054.15,TMPRSS11A,0.0,0.0,0
ENSG00000185873.7,TMPRSS11B,0.0,0.0,0
ENSG00000239388.8,ASB14,0.0,0.0,0
ENSG00000188517.14,COL25A1,0.0,0.0,0
ENSG00000205403.12,CFI,0.0,0.0,0
ENSG00000123739.10,PLA2G12A,0.0,0.0,0
ENSG00000138794.9,CASP6,0.0,0.0,0
ENSG00000248785.1,HIGD1AP14,0.0,0.0,0
ENSG00000005059.15,MCUB,0.0,0.0,0
ENSG00000225094.3,SETP20,0.0,0.0,0
ENSG00000138802.11,SEC24B,0.0,0.0,0
ENSG00000164089.8,ETNPPL,0.0,0.0,0
ENSG00000138801.8,PAPSS1,0.0,0.0,0
ENSG00000198856.12,OSTC,0.0,0.0,0
ENSG00000109475.16,RPL34,0.0,0.0,0
ENSG00000232021.6,LEF1-AS1,0.0,0.0,0
ENSG00000138795.9,LEF1,0.0,0.0,0
ENSG00000138796.16,HADH,0.0,0.0,0
ENSG00000155016.17,CYP2U1,0.0,0.0,0
ENSG00000245293.2,RP11-286E11.1,0.0,0.0,0
ENSG00000109534.16,GAR1,0.0,0.0,0
ENSG00000180245.4,RRH,0.0,0.0,0
ENSG00000183423.11,LRIT3,0.0,0.0,0
ENSG00000138798.11,EGF,0.0,0.00038430927,1
ENSG00000145349.16,CAMK2D,0.0,0.0,0
ENSG00000196656.7,AC004057.1,0.0,0.0,0
ENSG00000145362.17,ANK2,0.0,0.0,0
ENSG00000241741.1,RPL7AP30,0.0,0.0,0
ENSG00000174720.15,LARP7,0.0,0.0,0
ENSG00000250966.2,RP11-402J6.3,0.0,0.0,0
ENSG00000138658.15,ZGRF1,0.0,0.0,0
ENSG00000251441.2,RTEL1P1,0.0,0.0,0
ENSG00000073331.17,ALPK1,0.0,0.0,0
ENSG00000145365.10,TIFA,0.0,0.0,0
ENSG00000138660.11,AP1AR,0.0,0.0,0
ENSG00000243280.2,RP11-477G18.2,0.0,0.0,0
ENSG00000174749.5,C4orf32,0.0,0.0,0
ENSG00000138792.9,ENPEP,0.0,0.0,0
ENSG00000170522.9,ELOVL6,0.0,0.00010320678,1
ENSG00000164023.14,SGMS2,0.0,0.0,0
ENSG00000164022.16,AIMP1,0.0,0.0,0
ENSG00000174607.10,UGT8,0.0,0.0,0
ENSG00000164035.9,EMCN,0.0,0.0,0
ENSG00000109323.8,MANBA,0.0,0.0,0
ENSG00000109320.11,NFKB1,0.0,0.0,0
ENSG00000138821.12,SLC39A8,0.0,0.0,0
ENSG00000153064.11,BANK1,0.0,0.0,0
ENSG00000254531.1,FLJ20021,0.0,0.0,0
ENSG00000221265.1,MIR1255A,0.0,0.0,0
ENSG00000138814.16,PPP3CA,0.0,0.0,0
ENSG00000145358.6,DDIT4L,0.0,0.0,0
ENSG00000145348.16,TBCK,0.0,0.0,0
ENSG00000164032.11,H2AFZ,0.0,0.0,0
ENSG00000164031.16,DNAJB14,0.0,0.0,0
ENSG00000109270.12,LAMTOR3,0.0,0.0,0
ENSG00000070190.12,DAPP1,0.0,0.0,0
ENSG00000138823.13,MTTP,0.0,0.0,0
ENSG00000145331.13,TRMT10A,0.0,0.0,0
ENSG00000196344.11,ADH7,0.0,0.0,0
ENSG00000230069.3,LRRC37A15P,0.0,0.00014162737,1
ENSG00000248971.2,KRT8P46,0.0,0.0,0
ENSG00000224207.3,RP11-10L12.1,0.0,0.0,0
ENSG00000251288.2,RP11-10L12.2,0.0,0.0012954683,1
ENSG00000250740.1,RP11-710F7.2,0.0,0.0,0
ENSG00000168743.12,NPNT,0.0,0.0,0
ENSG00000138780.14,GSTCD,0.0,0.0,0
ENSG00000138785.14,INTS12,0.0,0.0,0
ENSG00000248778.1,RP11-311D14.1,0.0,0.0,0
ENSG00000236699.8,ARHGEF38,0.0,0.0,0
ENSG00000249264.1,EEF1A1P9,0.0,0.0,0
ENSG00000138777.19,PPA2,0.0,0.0,0
ENSG00000168769.13,TET2,0.0,0.0,0
ENSG00000138778.11,CENPE,0.0,0.0,0
ENSG00000164039.14,BDH2,0.0,0.0,0
ENSG00000164038.14,SLC9B2,0.0,0.0,0
ENSG00000164037.16,SLC9B1,0.0,0.0,0
ENSG00000145354.9,CISD2,0.0,0.0,0
ENSG00000109332.19,UBE2D3,0.0,0.0,0
ENSG00000180801.13,ARSJ,0.0,0.0,0
ENSG00000174599.5,TRAM1L1,0.0,0.0,0
ENSG00000083896.12,YTHDC1,0.0,0.0,0
ENSG00000179967.11,PPP1R14BP3,0.0,0.0,0
ENSG00000196782.12,MAML3,0.0,0.0,0
ENSG00000178458.5,H3F3AP6,0.0,0.0,0
ENSG00000085871.8,MGST2,0.0,0.0,0
ENSG00000145391.13,SETD7,0.0,0.0,0
ENSG00000172007.5,RAB33B,0.0,0.0,0
ENSG00000164134.12,NAA15,0.0,0.0,0
ENSG00000109390.11,NDUFC1,0.0,0.0,0
ENSG00000109381.19,ELF2,0.0,0.0,0
ENSG00000164074.14,ABHD18,0.0,0.0,0
ENSG00000151014.5,NOCT,0.0,0.0,0
ENSG00000151012.13,SLC7A11,0.0,0.0,0
ENSG00000250144.1,RP11-553P9.1,0.0,0.0,0
ENSG00000151470.12,C4orf33,0.0,0.0,0
ENSG00000077684.15,JADE1,0.0,0.0,0
ENSG00000164040.16,PGRMC2,0.0,0.0,0
ENSG00000241651.4,RP11-214O14.1,0.0,0.0,0
ENSG00000250698.1,RP11-392B6.1,0.0,0.0,0
ENSG00000153130.17,SCOC,0.0,0.0,0
ENSG00000153132.12,CLGN,0.0,0.0,0
ENSG00000179387.9,ELMOD2,0.0,0.0018128861,2
ENSG00000251333.3,RTN3P1,0.0,0.0008590495,1
ENSG00000164164.15,OTUD4,0.0,0.0,0
ENSG00000164163.10,ABCE1,0.0,0.0,0
ENSG00000164162.12,ANAPC10,0.0,0.0,0
ENSG00000164161.9,HHIP,0.0,0.0,0
ENSG00000250361.7,GYPB,0.0,0.0,0
ENSG00000248924.2,RP11-481K16.2,0.0,0.0,0
ENSG00000245112.2,SMARCA5-AS1,0.0,0.0,0
ENSG00000243175.1,RPSAP36,0.0,0.0,0
ENSG00000228981.3,RP11-364L4.1,0.0,0.0,0
ENSG00000170185.9,USP38,0.0,0.0,0
ENSG00000109452.12,INPP4B,0.0,0.0,0
ENSG00000164136.16,IL15,0.0,0.0,0
ENSG00000170153.10,RNF150,0.0,0.0,0
ENSG00000109436.7,TBC1D9,0.0,0.0,0
ENSG00000138709.17,LARP1B,0.0,0.0,0
ENSG00000164073.9,MFSD8,0.0,0.0,0
ENSG00000269893.6,SNHG8,0.0,0.0,0
ENSG00000145390.11,USP53,0.0,0.0,0
ENSG00000138735.15,PDE5A,0.0,0.0,0
ENSG00000245958.6,RP11-33B1.1,0.0,0.0,0
ENSG00000260091.1,RP11-33B1.4,0.0,0.0,0
ENSG00000283050.1,GTF2IP12,0.0,0.0,0
ENSG00000249244.1,RP11-548H18.2,0.0,0.0,0
ENSG00000250412.1,KLHL2P1,0.0,6.704291e-05,1
ENSG00000164096.12,C4orf3,0.0,0.0,0
ENSG00000172399.5,MYOZ2,0.0,0.0,0
ENSG00000142731.10,PLK4,0.0,0.0,0
ENSG00000172403.10,SYNPO2,0.0,0.0,0
ENSG00000150961.14,SEC24D,0.0,0.0,0
ENSG00000251155.2,SEPT14P4,0.0,0.0,0
ENSG00000260404.3,RP11-384K6.6,0.0,0.0,0
ENSG00000154608.14,CEP170P1,0.0,0.0,0
ENSG00000164099.3,PRSS12,0.0,0.00035234325,1
ENSG00000275994.1,SNORA24,0.0,0.0,0
ENSG00000164109.13,MAD2L1,0.0,0.0,0
ENSG00000173376.13,NDNF,0.0,0.0,0
ENSG00000050730.15,TNIP3,0.0,0.0,0
ENSG00000164111.14,ANXA5,0.0,0.0,0
ENSG00000244021.4,RP11-50D9.1,0.0,0.0,0
ENSG00000282855.1,RP11-50D9.4,0.0,0.0,0
ENSG00000164070.11,HSPA4L,0.0,0.0,0
ENSG00000164066.12,INTU,0.0,0.0,0
ENSG00000196159.11,FAT4,0.0,0.0,0
ENSG00000151458.11,ANKRD50,0.0,0.0,0
ENSG00000164056.10,SPRY1,0.0,0.00042440515,1
ENSG00000145375.7,SPATA5,0.0,0.0,0
ENSG00000170917.13,NUDT6,0.0,0.0,0
ENSG00000138685.13,FGF2,0.0,0.0,0
ENSG00000181004.9,BBS12,0.0,0.0,0
ENSG00000138688.15,KIAA1109,0.0,0.0,0
ENSG00000138686.9,BBS7,0.0,0.0,0
ENSG00000145386.9,CCNA2,0.0,0.0,0
ENSG00000123737.12,EXOSC9,0.0,0.0,0
ENSG00000248144.5,ADH1C,0.0,0.0010819683,2
ENSG00000196616.13,ADH1B,0.0,0.0,0
ENSG00000187758.7,ADH1A,0.0,0.0,0
ENSG00000174796.12,THAP6,0.0,0.0,0
ENSG00000169245.5,CXCL10,0.0,0.0,0
ENSG00000198301.11,SDAD1,0.0,0.0,0
ENSG00000138744.14,NAAA,0.0,0.0,0
ENSG00000138768.14,USO1,0.0,0.0,0
ENSG00000138757.14,G3BP2,0.0,0.0,0
ENSG00000138769.10,CDKL2,0.0,0.0,0
ENSG00000174792.10,C4orf26,0.0,0.0,0
ENSG00000163743.13,RCHY1,0.0,0.0,0
ENSG00000163735.6,CXCL5,0.0,0.0,0
ENSG00000169116.11,PARM1,0.0,0.0,0
ENSG00000174808.11,BTC,0.0,0.0,0
ENSG00000109321.10,AREG,0.0,0.0,0
ENSG00000124882.3,EREG,0.0,0.0,0
ENSG00000182585.9,EPGN,0.0,0.0,0
ENSG00000163738.18,MTHFD2L,0.0,4.7308116e-05,1
ENSG00000081041.8,CXCL2,0.0,0.0,0
ENSG00000169248.12,CXCL11,0.0,0.0,0
ENSG00000138750.14,NUP54,0.0,0.0,0
ENSG00000138760.9,SCARB2,0.0,0.0,0
ENSG00000189157.13,FAM47E,0.0,0.0,0
ENSG00000249565.2,SERBP1P5,0.0,0.0,0
ENSG00000138759.18,FRAS1,0.0,0.0,0
ENSG00000248926.1,RP11-777B9.1,0.0,0.0,0
ENSG00000169288.17,MRPL1,0.0,0.0,0
ENSG00000138767.12,CNOT6L,0.0,0.0,0
ENSG00000156234.7,CXCL13,0.0,0.0,0
ENSG00000138764.14,CCNG2,0.0,0.0,0
ENSG00000214062.5,RPL7P17,0.0,0.0,0
ENSG00000118816.9,CCNI,0.0,0.0,0
ENSG00000234036.4,TXNP6,0.0,0.0,0
ENSG00000138758.11,11-Sep,0.0,0.0,0
ENSG00000186212.3,SOWAHB,0.0,0.0,0
ENSG00000138771.14,SHROOM3,0.0,0.0,0
ENSG00000163749.17,CCDC158,0.0,0.0,0
ENSG00000118804.8,STBD1,0.0,0.0,0
ENSG00000163734.4,CXCL3,0.0,0.0,0
ENSG00000163736.3,PPBP,0.0,0.0,0
ENSG00000172955.17,ADH6,0.0,0.0,0
ENSG00000109193.10,SULT1E1,0.0,0.0,0
ENSG00000132464.11,ENAM,0.0,0.0,0
ENSG00000187689.9,AMTN,0.0,0.0,0
ENSG00000171195.10,MUC7,0.0,0.0,0
ENSG00000181617.5,FDCSP,0.0,0.0,0
ENSG00000109205.16,ODAM,0.0,0.0,0
ENSG00000205649.7,HTN3,0.0,0.0,0
ENSG00000126549.9,STATH,0.0,0.0,0
ENSG00000173597.8,SULT1B1,0.0,0.0,0
ENSG00000163737.3,PF4,0.0,0.0,0
ENSG00000156096.13,UGT2B4,0.0,0.0,0
ENSG00000213759.9,UGT2B11,0.0,0.0,0
ENSG00000171234.13,UGT2B7,0.0,0.0,0
ENSG00000109181.11,UGT2B10,0.0,0.0,0
ENSG00000196620.9,UGT2B15,0.0,0.0,0
ENSG00000087128.9,TMPRSS11E,0.0,0.0,0
ENSG00000162840.4,MT2P1,0.0,0.0,0
ENSG00000132465.10,JCHAIN,0.0,0.0,0
ENSG00000132467.3,UTP3,0.0,0.0,0
ENSG00000018189.12,RUFY3,0.0,0.0,0
ENSG00000132463.13,GRSF1,0.0,0.0,0
ENSG00000163739.4,CXCL1,0.0,0.00024361126,2
ENSG00000109272.3,PF4V1,0.0,0.0,0
ENSG00000124875.9,CXCL6,0.0,0.0,0
ENSG00000169429.10,CXCL8,0.0,0.0,0
ENSG00000169435.13,RASSF6,0.0,0.0,0
ENSG00000079557.4,AFM,0.0,0.0,0
ENSG00000163631.16,ALB,0.0,0.0008935663,1
ENSG00000248641.1,HMGA1P2,0.0,0.0,0
ENSG00000132466.18,ANKRD17,0.0,0.0,0
ENSG00000163626.16,COX18,0.0,0.0,0
ENSG00000156140.9,ADAMTS3,0.0,0.0,0
ENSG00000145321.12,GC,0.0,0.0,0
ENSG00000080493.15,SLC4A4,0.0,0.0,0
ENSG00000156136.9,DCK,0.0,0.0,0
ENSG00000173542.8,MOB1B,0.0,0.0,0
ENSG00000138772.12,ANXA3,0.0,0.0,0
ENSG00000138756.17,BMP2K,0.0,0.0,0
ENSG00000163291.14,PAQR3,0.0,0.0,0
ENSG00000163644.14,PPM1K,0.0,0.0,0
ENSG00000248019.2,FAM13A-AS1,0.0,0.0,0
ENSG00000177432.6,NAP1L5,0.0,0.0,0
ENSG00000255072.1,PIGY,0.0,0.0,0
ENSG00000138641.15,HERC3,0.0,0.0,0
ENSG00000145337.4,PYURF,0.0,0.0,0
ENSG00000138646.8,HERC5,0.0,0.0,0
ENSG00000138642.14,HERC6,0.0,1.0542504e-05,1
ENSG00000118777.10,ABCG2,0.0,0.0,0
ENSG00000163297.16,ANTXR2,0.0,0.0,0
ENSG00000118762.7,PKD2,0.0,0.0,0
ENSG00000118785.13,SPP1,0.0,0.00050565926,1
ENSG00000183199.6,HSP90AB3P,0.0,0.0,0
ENSG00000152595.16,MEPE,0.0,0.0,0
ENSG00000029559.6,IBSP,0.0,0.0,0
ENSG00000152592.13,DMP1,0.0,0.0,0
ENSG00000152583.12,SPARCL1,0.0,0.0,0
ENSG00000138640.14,FAM13A,0.0,0.0,0
ENSG00000180346.3,TIGD2,0.0,0.0,0
ENSG00000185477.4,GPRIN3,0.0,0.0,0
ENSG00000251095.6,RP11-115D19.1,0.0,1.2093987e-05,1
ENSG00000198099.8,ADH4,0.0,0.0,0
ENSG00000164024.11,METAP1,0.0,0.0010393852,1
ENSG00000249055.1,TBCAP3,0.0,0.0,0
ENSG00000151247.12,EIF4E,0.0,0.0,0
ENSG00000168785.7,TSPAN5,0.0,0.0,0
ENSG00000138698.14,RAP1GDS1,0.0,0.0,0
ENSG00000182168.14,UNC5C,0.0,0.0012372041,1
ENSG00000138696.10,BMPR1B,0.0,0.0,0
ENSG00000163110.14,PDLIM5,0.0,0.0,0
ENSG00000163106.10,HPGDS,0.0,0.0,0
ENSG00000163104.17,SMARCAD1,0.0,0.0,0
ENSG00000187653.11,TMSB4XP8,0.0,0.0,0
ENSG00000184305.14,CCSER1,0.0,0.0,0
ENSG00000138722.9,MMRN1,0.0,0.0,0
ENSG00000145335.15,SNCA,0.0,0.0,0
ENSG00000170502.12,NUDT9,0.0,0.0,0
ENSG00000198189.10,HSD17B11,0.0,0.0,0
ENSG00000170509.11,HSD17B13,0.0,0.0,0
ENSG00000173085.13,COQ2,0.0,0.0,0
ENSG00000138663.8,COPS4,0.0,0.0,0
ENSG00000189308.10,LIN54,0.0,0.0,0
ENSG00000168152.12,THAP9,0.0,0.0,0
ENSG00000138674.16,SEC31A,0.0,0.0,0
ENSG00000207746.1,MIR575,0.0,0.0,0
ENSG00000145284.11,SCD5,0.0,0.0,0
ENSG00000227304.3,RP11-791G16.2,0.0,0.0,0
ENSG00000249242.7,TMEM150C,0.0,0.0,0
ENSG00000145293.15,ENOPH1,0.0,0.0,0
ENSG00000152795.17,HNRNPDL,0.0,0.0,0
ENSG00000138668.18,HNRNPD,0.0,0.0,0
ENSG00000138670.17,RASGEF1B,0.0,0.0,0
ENSG00000138669.9,PRKG2,0.0,0.0,0
ENSG00000152785.6,BMP3,0.0,0.0,0
ENSG00000152784.15,PRDM8,0.0,0.0,0
ENSG00000145287.10,PLAC8,0.0,0.0,0
ENSG00000173083.14,HPSE,0.0,0.0,0
ENSG00000248180.1,GAPDHP60,0.0,0.0,0
ENSG00000163312.10,HELQ,0.0,0.0,0
ENSG00000145332.13,KLHL8,0.0,0.0,0
ENSG00000235043.3,TECRP1,0.0,0.0,0
ENSG00000172493.20,AFF1,0.0,0.0,0
ENSG00000145283.7,SLC10A6,0.0,0.0,0
ENSG00000109339.19,MAPK10,0.0,0.0,0
ENSG00000273389.1,RP13-514E23.2,0.0,0.0,0
ENSG00000138639.17,ARHGAP24,0.0,0.0008214181,1
ENSG00000251260.1,WDFY3-AS1,0.0,0.0,0
ENSG00000163625.15,WDFY3,0.0,0.0,0
ENSG00000163624.5,CDS1,0.0,0.0,0
ENSG00000258013.2,RPL3P13,0.0,0.0,0
ENSG00000138678.10,GPAT3,0.0,0.0,0
ENSG00000213608.5,SLC25A14P1,0.0,0.0,0
ENSG00000163322.13,FAM175A,0.0,0.0,0
ENSG00000163319.10,MRPS18C,0.0,0.00043341547,1
ENSG00000176945.16,MUC20,0.0,0.0,0
ENSG00000215837.7,SDHAP2,0.0,0.0,0
ENSG00000271662.1,RP11-141C7.3,0.0,0.0,0
ENSG00000180353.10,HCLS1,0.0,0.0,0
ENSG00000121552.3,CSTA,0.0,0.0012285435,1
ENSG00000114013.15,CD86,0.0,0.0,0
ENSG00000145103.12,ILDR1,0.0,0.0,0
ENSG00000163406.10,SLC15A2,0.0,0.0,0
ENSG00000145088.8,EAF2,0.0,0.0,0
ENSG00000173226.16,IQCB1,0.0,0.0,0
ENSG00000173230.15,GOLGB1,0.0,0.0,0
ENSG00000242445.1,RPL7AP11,0.0,0.0,0
ENSG00000239835.1,RP11-767L7.1,0.0,0.0,0
ENSG00000051341.13,POLQ,0.0,0.0,0
ENSG00000145087.12,STXBP5L,0.0,0.0012460724,1
ENSG00000153767.9,GTF2E1,0.0,0.0,0
ENSG00000144840.8,RABL3,0.0,0.0,0
ENSG00000113924.11,HGD,0.0,0.00010868178,1
ENSG00000065518.7,NDUFB4,0.0,0.0,0
ENSG00000163430.11,FSTL1,0.0,0.0,0
ENSG00000160124.9,CCDC58,0.0,0.0,0
ENSG00000114023.15,FAM162A,0.0,0.0,0
ENSG00000196981.3,WDR5B,0.0,0.0,0
ENSG00000272758.5,RP11-299J3.8,0.0,0.0,0
ENSG00000065534.18,MYLK,0.0,0.0,0
ENSG00000239523.5,MYLK-AS1,0.0,0.0,0
ENSG00000206527.9,HACD2,0.0,0.0,0
ENSG00000173175.14,ADCY5,0.0,0.0,0
ENSG00000121542.11,SEC22A,0.0,0.0,0
ENSG00000065485.19,PDIA5,0.0,0.0,0
ENSG00000082684.14,SEMA5B,0.0,0.0,0
ENSG00000273033.2,LINC02035,0.0,0.0,0
ENSG00000138463.8,DIRC2,0.0,0.0,0
ENSG00000169087.10,HSPBAP1,0.0,0.0,0
ENSG00000173200.12,PARP15,0.0,0.0,0
ENSG00000163840.9,DTX3L,0.0,0.0,0
ENSG00000138496.16,PARP9,0.0,0.0,0
ENSG00000114030.12,KPNA1,0.0,0.0,0
ENSG00000242531.1,RP11-299J3.6,0.0,0.0,0
ENSG00000163428.3,LRRC58,0.0,0.0,0
ENSG00000082701.14,GSK3B,0.0,0.0,0
ENSG00000160145.15,KALRN,0.0,0.0,0
ENSG00000072858.10,SIDT1,0.0,0.0,0
ENSG00000163617.10,CCDC191,0.0,0.0,0
ENSG00000184307.14,ZDHHC23,0.0,0.00016696475,1
ENSG00000241889.1,RP11-435F17.3,0.0,0.0,0
ENSG00000178075.19,GRAMD1C,0.0,0.0,0
ENSG00000239280.1,RP11-271C24.3,0.0,0.0,0
ENSG00000121579.12,NAA50,0.0,0.0,0
ENSG00000176542.9,USF3,0.0,0.0,0
ENSG00000163611.11,SPICE1,0.0,0.0,0
ENSG00000144852.17,NR1I2,0.0,0.0,0
ENSG00000206530.10,CFAP44,0.0,0.0,0
ENSG00000144857.14,BOC,0.0,0.0,0
ENSG00000163608.14,NEPRO,0.0,0.0,0
ENSG00000163607.15,GTPBP8,0.0,0.0,0
ENSG00000163606.10,CD200R1,0.0,0.0,0
ENSG00000206531.10,CD200R1L,0.0,0.0,0
ENSG00000091986.15,CCDC80,0.0,0.0,0
ENSG00000151576.10,QTRT2,0.0,0.0,0
ENSG00000181847.11,TIGIT,0.0,0.0,0
ENSG00000181722.16,ZBTB20,0.0,0.0,0
ENSG00000284134.1,MIR568,0.0,0.0,0
ENSG00000183833.16,MAATS1,0.0,0.0,0
ENSG00000138495.6,COX17,0.0,0.0,0
ENSG00000121577.13,POPDC2,0.0,0.0,0
ENSG00000144837.8,PLA1A,0.0,0.0,0
ENSG00000144843.11,ADPRH,0.0,0.0,0
ENSG00000113845.9,TIMMDC1,0.0,0.0,0
ENSG00000163389.10,POGLUT1,0.0,0.0,0
ENSG00000176142.12,TMEM39A,0.0,0.0,0
ENSG00000031081.10,ARHGAP31,0.0,0.0,0
ENSG00000121578.12,B4GALT4,0.0,0.0,0
ENSG00000144847.12,IGSF11,0.0,0.0,0
ENSG00000243014.1,PTMAP8,0.0,0.0,0
ENSG00000198406.7,BZW1P2,0.0,0.0,0
ENSG00000185565.11,LSAMP,0.0,0.0,0
ENSG00000172020.12,GAP43,0.0,0.0,0
ENSG00000175455.14,CCDC14,0.0,0.0,0
ENSG00000240622.1,RPL7P15,0.0,0.0,0
ENSG00000224769.1,MUC20P1,0.0,0.0,0
ENSG00000244932.2,RP11-529F4.1,0.0,0.0,0
ENSG00000172765.16,TMCC1,0.0,0.0,0
ENSG00000004399.12,PLXND1,0.0,0.0,0
ENSG00000163913.11,IFT122,0.0,0.0,0
ENSG00000129071.9,MBD4,0.0,0.0,0
ENSG00000172771.11,EFCAB12,0.0,0.0,0
ENSG00000207088.1,SNORA7B,0.0,0.0,0
ENSG00000251474.6,RPL32P3,0.0,0.0,0
ENSG00000206417.8,H1FX-AS1,0.0,4.5763365e-05,1
ENSG00000114656.10,KIAA1257,0.0,0.0,0
ENSG00000184897.5,H1FX,0.0,0.0,0
ENSG00000183624.13,HMCES,0.0,0.0,0
ENSG00000181789.14,COPG1,0.0,6.424921e-05,1
ENSG00000169714.16,CNBP,0.0,0.0,0
ENSG00000240682.9,ISY1,0.0,0.0,0
ENSG00000172780.16,RAB43,0.0,0.0,0
ENSG00000114654.7,EFCC1,0.0,0.0,0
ENSG00000251287.8,ALG1L2,0.0,0.0,0
ENSG00000253540.5,FAM86HP,0.0,0.0,0
ENSG00000172752.14,COL6A5,0.0,0.0,0
ENSG00000206384.10,COL6A6,0.0,0.0,0
ENSG00000081307.12,UBA5,0.0,0.0,0
ENSG00000129048.6,ACKR4,0.0,0.0,0
ENSG00000240303.7,ACAD11,0.0,0.0,0
ENSG00000138246.15,DNAJC13,0.0,0.0,0
ENSG00000014257.15,ACPP,0.0,0.0,0
ENSG00000240854.1,RP11-64K7.1,0.0,0.0,0
ENSG00000196353.11,CPNE4,0.0,0.0,0
ENSG00000249020.1,SNORA58,0.0,0.0,0
ENSG00000114686.8,MRPL3,0.0,0.0,0
ENSG00000198585.11,NUDT16,0.0,0.0,0
ENSG00000114670.13,NEK11,0.0,0.0,0
ENSG00000034533.11,ASTE1,0.0,0.0,0
ENSG00000249098.1,RP11-39E3.4,0.0,0.0,0
ENSG00000017260.19,ATP2C1,0.0,0.0,0
ENSG00000196455.7,PIK3R4,0.0,0.0,0
ENSG00000187695.8,RP11-723O4.6,0.0,0.0,0
ENSG00000177646.18,ACAD9,0.0,0.00019294905,1
ENSG00000114491.13,UMPS,0.0,0.0,0
ENSG00000221737.1,MIR548I1,0.0,0.0,0
ENSG00000279328.1,RP11-203H19.2,0.0,0.0,0
ENSG00000163885.11,CFAP100,0.0,0.0,0
ENSG00000163884.3,KLF15,0.0,0.0,0
ENSG00000144908.13,ALDH1L1,0.0,0.0,0
ENSG00000114544.16,SLC41A3,0.0,3.2180138e-05,1
ENSG00000189366.9,ALG1L,0.0,0.0,0
ENSG00000171084.15,FAM86JP,0.0,0.0,0
ENSG00000144909.7,OSBPL11,0.0,0.0,0
ENSG00000231305.3,RP11-723O4.2,0.0,0.0,0
ENSG00000114520.10,SNX4,0.0,0.0,0
ENSG00000243508.1,RP11-775J23.2,0.0,0.0,0
ENSG00000163848.19,ZNF148,0.0,0.0,0
ENSG00000221955.10,SLC12A8,0.0,0.0,0
ENSG00000173706.12,HEG1,0.0,0.0,0
ENSG00000173702.7,MUC13,0.0,0.0,0
ENSG00000082781.11,ITGB5,0.0,0.0,0
ENSG00000070476.14,ZXDC,0.0,0.0,0
ENSG00000283374.1,TXNRD3NB,0.0,0.0006378496,1
ENSG00000197763.14,TXNRD3,0.0,0.0,0
ENSG00000159685.10,CHCHD6,0.0,0.0,0
ENSG00000239483.1,RPS15AP16,0.0,0.0,0
ENSG00000242992.3,FTH1P4,0.0,0.00042139716,1
ENSG00000075785.12,RAB7A,0.0,0.0,0
ENSG00000163902.11,RPN1,0.0,0.0,0
ENSG00000179348.11,GATA2,0.0,0.0,0
ENSG00000132394.10,EEFSEC,0.0,0.0,0
ENSG00000175792.11,RUVBL1,0.0,0.0,0
ENSG00000058262.9,SEC61A1,0.0,0.0,0
ENSG00000187715.13,KBTBD12,0.0,0.00013040888,1
ENSG00000074416.13,MGLL,0.0,0.00043422525,1
ENSG00000114631.10,PODXL2,0.0,0.0,0
ENSG00000073111.13,MCM2,0.0,0.0,0
ENSG00000163870.14,TPRA1,0.0,0.0,0
ENSG00000114554.11,PLXNA1,0.0,0.0,0
ENSG00000249558.1,RCC2P4,0.0,0.0,0
ENSG00000138459.8,SLC35A5,0.0,0.0,0
ENSG00000144848.10,ATG3,0.0,0.0,0
ENSG00000242525.1,OR7E100P,0.0,0.0,0
ENSG00000144747.15,TMF1,0.0,0.0,0
ENSG00000163421.8,PROK2,0.0,0.00020806084,1
ENSG00000163412.12,EIF4E3,0.0,0.0,0
ENSG00000221264.1,MIR1284,0.0,0.0,0
ENSG00000114861.18,FOXP1,0.0,0.00051326037,1
ENSG00000187098.14,MITF,0.0,0.0,0
ENSG00000114541.14,FRMD4B,0.0,0.0,0
ENSG00000144744.16,UBA3,0.0,0.0,0
ENSG00000244513.6,CTD-2013N24.2,0.0,0.0,0
ENSG00000244226.1,ILF2P1,0.0,0.0,0
ENSG00000163378.13,EOGT,0.0,0.0,0
ENSG00000241506.1,PSMC1P1,0.0,0.0,0
ENSG00000214552.4,COPS8P2,0.0,0.0,0
ENSG00000172340.14,SUCLG2,0.0,0.0,0
ENSG00000163376.11,KBTBD8,0.0,0.0,0
ENSG00000144749.13,LRIG1,0.0,0.0,0
ENSG00000144741.17,SLC25A26,0.0,0.0,0
ENSG00000163602.10,RYBP,0.0,0.0,0
ENSG00000144736.13,SHQ1,0.0,0.0,0
ENSG00000241537.1,RP11-624D20.1,0.0,0.0,0
ENSG00000172986.12,GXYLT2,0.0,0.0,0
ENSG00000169855.19,ROBO1,0.0,0.0,0
ENSG00000240809.1,RP11-550F7.1,0.0,0.0,0
ENSG00000185008.17,ROBO2,0.0,0.0,0
ENSG00000266396.1,MIR4273,0.0,0.0,0
ENSG00000227124.8,ZNF717,0.0,5.013549e-06,1
ENSG00000236138.4,DUX4L26,0.0,0.0,0
ENSG00000282912.1,RP11-413E6.11,0.0,0.0,0
ENSG00000243422.2,RPL23AP49,0.0,0.0,0
ENSG00000244026.6,FAM86DP,0.0,1.125173e-05,1
ENSG00000238278.3,ALG1L6P,0.0,0.0,0
ENSG00000213300.5,HNRNPA3P6,0.0,0.0,0
ENSG00000121440.14,PDZRN3,0.0,0.0,0
ENSG00000255423.1,EBLN2,0.0,0.0,0
ENSG00000163605.14,PPP4R2,0.0,0.0,0
ENSG00000242960.1,FTH1P23,0.0,0.0,0
ENSG00000223409.1,RPL17P17,0.0,8.606615e-05,1
ENSG00000151276.23,MAGI1,0.0,0.0,0
ENSG00000186265.9,BTLA,0.0,9.914115e-05,1
ENSG00000244161.1,FLNB-AS1,0.0,0.0,0
ENSG00000272182.1,RP11-802O23.3,0.0,0.0,0
ENSG00000168291.12,PDHB,0.0,0.0,0
ENSG00000168297.15,PXK,0.0,0.0,0
ENSG00000255154.7,RP11-80H18.3,0.0,0.0,0
ENSG00000163684.11,RPP14,0.0,0.0,0
ENSG00000163686.14,ABHD6,0.0,0.0,0
ENSG00000163687.13,DNASE1L3,0.0,0.0,0
ENSG00000136068.14,FLNB,0.0,0.0,0
ENSG00000163638.13,ADAMTS9,0.0,0.0,0
ENSG00000213509.4,PPIAP16,0.0,0.0,0
ENSG00000163681.14,SLMAP,0.0,0.0,0
ENSG00000174839.12,DENND6A,0.0,0.0,0
ENSG00000168374.10,ARF4,0.0,0.0,0
ENSG00000174840.8,PDE12,0.0,0.0,0
ENSG00000239831.1,RNF7P1,0.0,0.0,0
ENSG00000174844.14,DNAH12,0.0,0.0,0
ENSG00000168301.12,KCTD6,0.0,0.0,0
ENSG00000168306.12,ACOX2,0.0,0.0,0
ENSG00000168309.16,FAM107A,0.0,0.0,0
ENSG00000198643.6,FAM3D,0.0,0.0,0
ENSG00000226017.2,PRICKLE2-AS3,0.0,0.0,0
ENSG00000241572.1,PRICKLE2-AS1,0.0,0.0,0
ENSG00000163637.12,PRICKLE2,0.0,0.0,0
ENSG00000241111.1,PRICKLE2-AS1,0.0,0.0,0
ENSG00000163636.10,PSMD6,0.0,0.0,0
ENSG00000163635.17,ATXN7,0.0,0.0,0
ENSG00000163634.11,THOC7,0.0,0.0,0
ENSG00000163632.12,C3orf49,0.0,0.0,0
ENSG00000188817.7,SNTN,0.0,0.0,0
ENSG00000114405.10,C3orf14,0.0,0.0,0
ENSG00000241472.6,PTPRG-AS1,0.0,0.0,0
ENSG00000226360.5,RPL10AP6,0.0,0.0,0
ENSG00000144724.19,PTPRG,0.0,0.0,0
ENSG00000244183.1,RP11-641C17.1,0.0,0.0,0
ENSG00000163689.19,C3orf67,0.0,0.0,0
ENSG00000114480.12,GBE1,0.0,0.0,0
ENSG00000241319.1,SETP6,0.0,0.0,0
ENSG00000206538.8,VGLL3,0.0,0.0,0
ENSG00000244119.1,PDCL3P4,0.0,0.0,0
ENSG00000196776.14,CD47,0.0,0.0,0
ENSG00000114439.18,BBX,0.0,0.0,0
ENSG00000114423.18,CBLB,0.0,0.0,0
ENSG00000170017.12,ALCAM,0.0,0.0,0
ENSG00000144802.11,NFKBIZ,0.0,0.0,0
ENSG00000144815.15,NXPE3,0.0,0.0,0
ENSG00000182504.10,CEP97,0.0,0.0,0
ENSG00000114391.12,RPL24,0.0,0.0,0
ENSG00000083937.8,CHMP2B,0.0,4.1890067e-05,1
ENSG00000256628.3,ZBTB11-AS1,0.0,0.0,0
ENSG00000066422.4,ZBTB11,0.0,0.0,0
ENSG00000243396.1,RP11-454H13.1,0.0,0.0,0
ENSG00000242299.1,RP11-234A1.1,0.0,0.0,0
ENSG00000081154.11,PCNP,0.0,0.0,0
ENSG00000174173.6,TRMT10C,0.0,0.0,0
ENSG00000282978.1,RP11-144C15.2,0.0,0.0,0
ENSG00000114446.4,IFT57,0.0,0.0,0
ENSG00000114455.13,HHLA2,0.0,0.0,0
ENSG00000163507.13,KIAA1524,0.0,0.0,0
ENSG00000198919.12,DZIP3,0.0,0.0,0
ENSG00000091972.18,CD200,0.0,0.0,0
ENSG00000244144.1,RP11-757F18.3,0.0,0.0,0
ENSG00000172139.14,SLC9C1,0.0,0.0,0
ENSG00000174500.12,GCSAM,0.0,0.0,0
ENSG00000114529.12,C3orf52,0.0,0.0,0
ENSG00000144834.13,TAGLN3,0.0,0.0,0
ENSG00000144827.8,ABHD10,0.0,0.0,0
ENSG00000144824.20,PHLDB2,0.0,0.0,0
ENSG00000240891.7,PLCXD2,0.0,0.0,0
ENSG00000177494.5,ZBED2,0.0,0.0,0
ENSG00000153283.12,CD96,0.0,0.0,0
ENSG00000177707.10,NECTIN3,0.0,0.0,0
ENSG00000206532.2,RP11-553A10.1,0.0,0.0,0
ENSG00000163519.13,TRAT1,0.0,0.0,0
ENSG00000163515.6,RETNLB,0.0,0.0,0
ENSG00000232830.5,RP11-144C15.1,0.0,0.0,0
ENSG00000138468.15,SENP7,0.0,0.0,0
ENSG00000081148.11,IMPG2,0.0,0.0,0
ENSG00000080200.9,CRYBG3,0.0,0.0,0
ENSG00000269028.3,MTRNR2L12,0.0,0.0,0
ENSG00000243547.1,HNRNPKP4,0.0,0.0,0
ENSG00000242457.1,RBBP4P2,0.0,0.0,0
ENSG00000178694.9,NSUN3,0.0,0.0,0
ENSG00000178700.7,DHFR2,0.0,0.0,0
ENSG00000178750.2,STX19,0.0,0.0,0
ENSG00000239614.1,HMGN1P7,0.0,0.0,0
ENSG00000169379.15,ARL13B,0.0,0.0,0
ENSG00000184500.14,PROS1,0.0,0.0,0
ENSG00000044524.10,EPHA3,0.0,0.0,0
ENSG00000179021.9,C3orf38,0.0,0.0,0
ENSG00000241535.1,CBX5P1,0.0,0.0,0
ENSG00000175105.6,ZNF654,0.0,0.0,0
ENSG00000163320.10,CGGBP1,0.0,0.0,0
ENSG00000179097.5,HTR1F,0.0,0.0,0
ENSG00000113966.9,ARL6,0.0,0.0,0
ENSG00000279658.1,RP11-389G6.4,0.0,0.0,0
ENSG00000154175.16,ABI3BP,0.0,0.0,0
ENSG00000170854.17,RIOX2,0.0,0.0,0
ENSG00000114354.13,TFG,0.0,0.0,0
ENSG00000181458.10,TMEM45A,0.0,0.0,0
ENSG00000206535.7,LNP1,0.0,0.0,0
ENSG00000154174.7,TOMM70,0.0,0.0,0
ENSG00000114021.11,NIT2,0.0,0.0,0
ENSG00000036054.12,TBC1D23,0.0,0.0,0
ENSG00000168386.18,FILIP1L,0.0,0.0,0
ENSG00000184220.11,CMSS1,0.0,0.0,0
ENSG00000144810.15,COL8A1,0.0,0.0,0
ENSG00000057019.15,DCBLD2,0.0,0.0,0
ENSG00000249274.1,PDLIM1P4,0.0,0.0,0
ENSG00000064225.12,ST3GAL6,0.0,0.0,0
ENSG00000154165.4,GPR15,0.0,0.0,0
ENSG00000080819.6,CPOX,0.0,0.0,0
ENSG00000080822.16,CLDND1,0.0,0.0,0
ENSG00000113971.19,NPHP3,0.0,0.0,0
ENSG00000144868.13,TMEM108,0.0,0.0,0
ENSG00000091527.15,CDV3,0.0,0.0,0
ENSG00000163728.10,TTC14,0.0,0.0,0
ENSG00000058063.15,ATP11B,0.0,0.0,0
ENSG00000199839.1,RNA5SP150,0.0,0.0,0
ENSG00000181449.3,SOX2,0.0,0.0,0
ENSG00000206932.1,RNU6-4P,0.0,0.0003832432,1
ENSG00000205981.6,DNAJC19,0.0,0.0,0
ENSG00000114416.17,FXR1,0.0,0.0016731095,1
ENSG00000145075.11,CCDC39,0.0,0.0,0
ENSG00000201822.1,RNA5SP149,0.0,0.0,0
ENSG00000171121.16,KCNMB3,0.0,0.0,0
ENSG00000136521.12,NDUFB5,0.0,0.0,0
ENSG00000136522.13,MRPL47,0.0,0.0,0
ENSG00000272910.1,RP11-15L13.4,0.0,0.0,0
ENSG00000136518.16,ACTL6A,0.0,0.0,0
ENSG00000114450.9,GNB4,0.0,0.0,0
ENSG00000171109.18,MFN1,0.0,0.0,0
ENSG00000121864.9,ZNF639,0.0,0.0,0
ENSG00000043093.13,DCUN1D1,0.0,0.0,0
ENSG00000244346.1,RP11-531F16.3,0.0,0.0,0
ENSG00000078070.12,MCCC1,0.0,0.0,0
ENSG00000243368.2,MCCC1-AS1,0.0,0.0,0
ENSG00000145198.14,VWA5B2,0.0,0.0,0
ENSG00000161204.11,ABCF3,0.0,0.0,0
ENSG00000161203.13,AP2M1,0.0,0.0,0
ENSG00000161202.17,DVL3,0.0,0.0,0
ENSG00000228205.1,RP11-778D9.4,0.0,0.0,0
ENSG00000145191.12,EIF2B5,0.0,0.0,0
ENSG00000114770.16,ABCC5,0.0,0.0,0
ENSG00000175193.13,PARL,0.0,0.0,0
ENSG00000233885.7,YEATS2-AS1,0.0,0.0,0
ENSG00000163872.15,YEATS2,0.0,0.0,0
ENSG00000114796.15,KLHL24,0.0,0.0,0
ENSG00000172578.11,KLHL6,0.0,0.0,0
ENSG00000176597.11,B3GNT5,0.0,0.0,0
ENSG00000053524.12,MCF2L2,0.0,0.0,0
ENSG00000078081.7,LAMP3,0.0,0.0,0
ENSG00000240429.1,LRRFIP1P1,0.0,0.0,0
ENSG00000121879.3,PIK3CA,0.0,0.0,0
ENSG00000163536.12,SERPINI1,0.0,0.0,0
ENSG00000270096.1,RP11-362K14.6,0.0,0.0,0
ENSG00000163558.12,PRKCI,0.0,0.0,0
ENSG00000173889.15,PHC3,0.0,0.0,0
ENSG00000242583.1,RP11-379K17.9,0.0,0.00091106736,1
ENSG00000173890.16,GPR160,0.0,0.0034172356,1
ENSG00000008952.16,SEC62,0.0,9.060948e-06,1
ENSG00000114248.9,LRRC31,0.0,0.0,0
ENSG00000188306.6,LRRIQ4,0.0,0.0001288474,1
ENSG00000270135.1,RP11-362K14.7,0.0,0.0,0
ENSG00000172667.10,ZMAT3,0.0,0.0,0
ENSG00000171757.15,LRRC34,0.0,0.0,0
ENSG00000269984.1,RP11-362K14.5,0.0,0.0,0
ENSG00000085274.15,MYNN,0.0,0.0,0
ENSG00000277925.1,Telomerase-vert,0.0,0.0,0
ENSG00000270141.3,TERC,0.0,0.0,0
ENSG00000213178.3,RP11-641D5.1,0.0,0.0,0
ENSG00000085276.17,MECOM,0.0,0.0,0
ENSG00000136603.13,SKIL,0.0,0.0,0
ENSG00000013297.10,CLDN11,0.0,0.0,0
ENSG00000163584.17,RPL22L1,0.0,0.0,0
ENSG00000163577.7,EIF5A2,0.0,0.0,0
ENSG00000271131.1,RP11-33A14.3,0.0,0.0,0
ENSG00000197584.11,KCNMB2,0.0,0.0,0
ENSG00000177565.16,TBL1XR1,0.0,0.0,0
ENSG00000214192.3,UBE2V1P2,0.0,0.0,0
ENSG00000177694.15,NAALADL2,0.0,0.0,0
ENSG00000213169.3,RP11-393N4.2,0.0,0.0,0
ENSG00000114346.13,ECT2,0.0,0.0,0
ENSG00000144959.9,NCEH1,0.0,1.2219325e-06,1
ENSG00000224611.1,AC007919.18,0.0,0.0,0
ENSG00000075420.12,FNDC3B,0.0,0.0008064044,1
ENSG00000186329.9,TMEM212,0.0,0.0,0
ENSG00000075651.15,PLD1,0.0,0.0,0
ENSG00000207963.1,MIR569,0.0,0.0,0
ENSG00000154310.16,TNIK,0.0,0.0,0
ENSG00000163581.13,SLC2A2,0.0,0.0,0
ENSG00000214160.9,ALG3,0.0,0.0,0
ENSG00000145194.17,ECE2,0.0,0.0,0
ENSG00000175166.16,PSMD2,0.0,0.0,0
ENSG00000145012.13,LPP,0.0,0.0,0
ENSG00000196083.9,IL1RAP,0.0,0.0,0
ENSG00000163347.5,CLDN1,0.0,0.0,0
ENSG00000090530.9,P3H2,0.0,0.0,0
ENSG00000073282.12,TP63,0.0,0.0,0
ENSG00000230115.1,TPRG1-AS2,0.0,0.0,0
ENSG00000188001.9,TPRG1,0.0,0.0,0
ENSG00000279891.1,FLJ42393,0.0,0.0,0
ENSG00000113916.17,BCL6,0.0,0.0,0
ENSG00000114867.20,EIF4G1,0.0,0.0,0
ENSG00000228804.5,RP11-211G3.3,0.0,0.0,0
ENSG00000136514.2,RTP4,0.0,0.0,0
ENSG00000127241.16,MASP1,0.0,0.0,0
ENSG00000163923.9,RPL39L,0.0,0.0,0
ENSG00000073849.14,ST6GAL1,0.0,0.0,0
ENSG00000223803.1,RPS20P14,0.0,0.0,0
ENSG00000226482.1,ADIPOQ-AS1,0.0,0.0,0
ENSG00000188729.6,OSTN,0.0,0.0,0
ENSG00000233308.1,OSTN-AS1,0.0,0.0,0
ENSG00000152492.13,CCDC50,0.0,0.0,0
ENSG00000180611.6,MB21D2,0.0,0.0,0
ENSG00000189058.8,APOD,0.0,0.0,0
ENSG00000184203.7,PPP1R2,0.0,0.0,0
ENSG00000114331.13,ACAP2,0.0,0.00024855573,1
ENSG00000173950.15,XXYLT1,0.0,0.0,0
ENSG00000185112.5,FAM43A,0.0,0.0,0
ENSG00000041802.10,LSG1,0.0,0.0,0
ENSG00000229334.1,AC046143.3,0.0,0.0,0
ENSG00000145014.17,TMEM44,0.0,0.0,0
ENSG00000133657.14,ATP13A3,0.0,0.0,0
ENSG00000172061.8,LRRC15,0.0,0.0,0
ENSG00000114315.3,HES1,0.0,0.0,0
ENSG00000224855.5,OPA1-AS1,0.0,0.0,0
ENSG00000198836.8,OPA1,0.0,0.0,0
ENSG00000225473.1,ATP13A4-AS1,0.0,0.0,0
ENSG00000127252.5,HRASLS,0.0,0.0,0
ENSG00000181092.9,ADIPOQ,0.0,0.0,0
ENSG00000163918.10,RFC4,0.0,0.0,0
ENSG00000263776.1,SNORA4,0.0,0.0,0
ENSG00000073792.15,IGF2BP2,0.0,0.0,0
ENSG00000163904.12,SENP2,0.0,0.0,0
ENSG00000163898.9,LIPH,0.0,0.0,0
ENSG00000163900.10,TMEM41A,0.0,0.0,0
ENSG00000229638.1,RPL4P4,0.0,0.00023997396,1
ENSG00000073803.13,MAP3K13,0.0,0.0,0
ENSG00000113790.10,EHHADH,0.0,0.0,0
ENSG00000156931.15,VPS8,0.0,0.0,0
ENSG00000177383.4,MAGEF1,0.0,0.0,0
ENSG00000182580.2,EPHB3,0.0,0.0,0
ENSG00000090539.15,CHRD,0.0,0.0,0
ENSG00000090534.17,THPO,0.0,0.0,0
ENSG00000163882.9,POLR2H,0.0,0.0,0
ENSG00000114859.15,CLCN2,0.0,0.0,0
ENSG00000175182.14,FAM131A,0.0,0.0,0
ENSG00000212158.1,SNORD66,0.0,0.0,0
ENSG00000236489.1,RP11-537I16.2,0.0,0.0,0
ENSG00000136527.17,TRA2B,0.0,0.0,0
ENSG00000200320.1,SNORA63,0.0,0.0,0
ENSG00000244405.7,ETV5,0.0,0.0005886328,1
ENSG00000221420.2,SNORA81,0.0,0.0,0
ENSG00000283958.1,MIR1248,0.0,0.0,0
ENSG00000200418.1,SNORA63,0.0,0.0,0
ENSG00000238942.1,SNORD2,0.0,0.0,0
ENSG00000156976.16,EIF4A2,0.0,0.0,0
ENSG00000263826.1,RP11-573D15.9,0.0,0.00013394761,1
ENSG00000113889.11,KNG1,0.0,0.0,0
ENSG00000113905.4,HRG,0.0,0.0,0
ENSG00000090512.11,FETUB,0.0,0.0,0
ENSG00000145192.12,AHSG,0.0,0.0,0
ENSG00000283390.1,RP11-134F2.7,0.0,0.0,0
ENSG00000090520.11,DNAJB11,0.0,0.0,0
ENSG00000113838.12,TBCCD1,0.0,0.0,0
ENSG00000213139.7,CRYGS,0.0,0.0,0
ENSG00000058866.14,DGKG,0.0,0.0,0
ENSG00000173905.8,GOLIM4,0.0,0.0,0
ENSG00000114209.14,PDCD10,0.0,0.0,0
ENSG00000163781.12,TOPBP1,0.0,0.0,0
ENSG00000249986.1,YWHAQP6,0.0,0.00026326516,1
ENSG00000175054.14,ATR,0.0,0.0,0
ENSG00000114127.10,XRN1,0.0,0.0,0
ENSG00000175066.15,GK5,0.0,0.0,0
ENSG00000233597.3,RP11-343B5.1,0.0,0.0,0
ENSG00000114126.17,TFDP2,0.0,0.00020740984,1
ENSG00000069849.10,ATP1B3,0.0,0.0010865049,1
ENSG00000114125.13,RNF7,0.0,0.0,0
ENSG00000155903.11,RASA2,0.0,0.0,0
ENSG00000184432.9,COPB2,0.0,0.0,0
ENSG00000177311.11,ZBTB38,0.0,0.0,0
ENSG00000155893.12,PXYLP1,0.0,0.0,0
ENSG00000114120.11,SLC25A36,0.0,1.30375065e-05,1
ENSG00000158258.16,CLSTN2,0.0,0.0004510951,1
ENSG00000214280.3,RP11-553K23.2,0.0,0.0,0
ENSG00000163864.15,NMNAT3,0.0,0.0,0
ENSG00000114115.9,RBP1,0.0,0.0,0
ENSG00000242479.1,RP11-383G6.4,0.0,0.0,0
ENSG00000120756.12,PLS1,0.0,0.0,0
ENSG00000144935.14,TRPC1,0.0,0.0,0
ENSG00000163710.7,PCOLCE2,0.0,0.0,0
ENSG00000239718.1,HLTF-AS1,0.0,0.0,0
ENSG00000071794.15,HLTF,0.0,0.0,0
ENSG00000163754.17,GYG1,0.0,0.0,0
ENSG00000163751.3,CPA3,0.0,0.0,0
ENSG00000153002.11,CPB1,0.0,0.00022196739,1
ENSG00000144891.17,AGTR1,0.0,0.0,0
ENSG00000152977.9,ZIC1,0.0,0.0,0
ENSG00000188313.12,PLSCR1,0.0,0.0,0
ENSG00000114698.14,PLSCR4,0.0,0.0,0
ENSG00000152952.11,PLOD2,0.0,0.0,0
ENSG00000181744.8,C3orf58,0.0,0.00050670485,1
ENSG00000243759.1,ST13P15,0.0,0.00037145265,1
ENSG00000181804.14,SLC9A9,0.0,0.0,0
ENSG00000175040.5,CHST2,0.0,0.0,0
ENSG00000163714.17,U2SURP,0.0,0.00074716326,1
ENSG00000114113.6,RBP2,0.0,0.0,0
ENSG00000272656.1,RP11-219D15.3,0.0,0.0,0
ENSG00000174776.10,WDR49,0.0,0.0,0
ENSG00000182923.16,CEP63,0.0,0.0,0
ENSG00000118007.12,STAG1,0.0,0.0,0
ENSG00000114054.13,PCCB,0.0,0.0,0
ENSG00000241438.1,TDGF1P6,0.0,0.0,0
ENSG00000174579.3,MSL2,0.0,0.0,0
ENSG00000227267.3,RP11-305O4.2,0.0,0.0,0
ENSG00000073711.10,PPP2R3A,0.0,0.0,0
ENSG00000201413.1,RNA5SP141,0.0,0.0,0
ENSG00000129055.12,ANAPC13,0.0,0.00012822551,1
ENSG00000175110.11,MRPS22,0.0,0.0,0
ENSG00000114019.14,AMOTL2,0.0,0.0,0
ENSG00000163785.12,RYK,0.0,0.0,0
ENSG00000174640.12,SLCO2A1,0.0,0.0,0
ENSG00000154917.10,RAB6B,0.0,0.0,0
ENSG00000144867.11,SRPRB,0.0,0.0,0
ENSG00000091513.14,TF,0.0,0.0,0
ENSG00000242337.5,TFP1,0.0,0.0,0
ENSG00000240695.1,RP11-102M11.1,0.0,0.0,0
ENSG00000168917.8,SLC35G2,0.0,0.0,0
ENSG00000158092.6,NCK1,0.0,0.0,0
ENSG00000214283.4,RAD51AP1P1,0.0,0.0,0
ENSG00000241429.1,EEF1A1P25,0.0,0.0,0
ENSG00000051382.8,PIK3CB,0.0,0.0,0
ENSG00000174715.7,RP11-79L9.2,0.0,0.0,0
ENSG00000158234.12,FAIM,0.0,0.0,0
ENSG00000114107.8,CEP70,0.0,0.000436624,1
ENSG00000158220.13,ESYT3,0.0,0.0,0
ENSG00000158186.12,MRAS,0.0,0.0,0
ENSG00000181322.13,NME9,0.0,0.0,0
ENSG00000114098.17,ARMC8,0.0,0.0,0
ENSG00000138231.12,DBR1,0.0,0.0,0
ENSG00000118017.3,A4GNT,0.0,0.0,0
ENSG00000240668.1,KRT8P36,0.0,0.0,0
ENSG00000158163.14,DZIP1L,0.0,0.0,0
ENSG00000066405.12,CLDN18,0.0,0.0,0
ENSG00000174564.12,IL20RB,0.0,0.0,0
ENSG00000163755.8,HPS3,0.0,0.0,0
ENSG00000047457.13,CP,0.0,0.000490428,1
ENSG00000163762.6,TM4SF18,0.0,0.0,0
ENSG00000243176.5,RP11-550I24.2,0.0,0.0,0
ENSG00000079257.7,LXN,0.0,0.0,0
ENSG00000168827.14,GFM1,0.0,0.0,0
ENSG00000178053.17,MLF1,0.0,0.0,0
ENSG00000241723.1,RP11-113A11.1,0.0,0.0,0
ENSG00000174891.12,RSRC1,0.0,0.0,0
ENSG00000163661.3,PTX3,0.0,0.0,0
ENSG00000197415.11,VEPH1,0.0,0.0,0
ENSG00000163660.11,CCNL1,0.0,0.0,0
ENSG00000169908.11,TM4SF1,0.0,0.0,0
ENSG00000230457.3,PA2G4P4,0.0,0.0,0
ENSG00000174912.7,METTL15P1,0.0,0.0,0
ENSG00000163659.12,TIPARP,0.0,0.0,0
ENSG00000114850.6,SSR3,0.0,0.0,0
ENSG00000272990.1,RP11-305K5.1,0.0,0.0,0
ENSG00000169282.17,KCNAB1,0.0,0.0,0
ENSG00000240489.1,SETP14,0.0,0.0,0
ENSG00000118849.9,RARRES1,0.0,0.0,0
ENSG00000118855.18,MFSD1,0.0,0.0,0
ENSG00000283154.2,IQCJ-SCHIP1,0.0,0.0,0
ENSG00000151967.18,SCHIP1,0.0,0.0,0
ENSG00000114204.14,SERPINI2,0.0,0.0,0
ENSG00000169064.12,ZBBX,0.0,0.0008712164,1
ENSG00000114200.9,BCHE,0.0,0.0,0
ENSG00000234851.4,RPL23AP42,0.0,0.0,0
ENSG00000269888.1,RP11-3P17.5,0.0,0.0,0
ENSG00000169251.12,NMD3,0.0,0.0,0
ENSG00000169255.13,B3GALNT1,0.0,0.0,0
ENSG00000163590.13,PPM1L,0.0,0.0,0
ENSG00000229320.3,KRT8P12,0.0,0.0,0
ENSG00000238741.1,SCARNA7,0.0,0.0,0
ENSG00000186432.8,KPNA4,0.0,0.0,0
ENSG00000213186.7,TRIM59,0.0,0.0,0
ENSG00000113810.15,SMC4,0.0,0.0,0
ENSG00000068885.14,IFT80,0.0,0.0,0
ENSG00000168811.6,IL12A,0.0,0.0,0
ENSG00000163655.15,GMPS,0.0,0.0,0
ENSG00000169359.13,SLC33A1,0.0,0.0,0
ENSG00000174928.15,C3orf33,0.0,0.0,0
ENSG00000144893.12,MED12L,0.0,0.0,0
ENSG00000181788.3,SIAH2,0.0,0.0,0
ENSG00000271711.1,RP11-392O18.2,0.0,0.0,0
ENSG00000198843.12,SELENOT,0.0,0.0,0
ENSG00000144895.11,EIF2A,0.0,0.0,0
ENSG00000120742.10,SERP1,0.0,0.0,0
ENSG00000196428.12,TSC22D2,0.0,0.0,0
ENSG00000224831.3,RP11-651P23.4,0.0,0.0,0
ENSG00000070087.13,PFN2,0.0,0.0,0
ENSG00000239351.1,NPM1P29,0.0,0.0,0
ENSG00000082996.19,RNF13,0.0,0.0,0
ENSG00000206199.10,ANKUB1,0.0,0.0,0
ENSG00000114744.8,COMMD2,0.0,0.0,0
ENSG00000241313.2,WWTR1-AS1,0.0,0.0,0
ENSG00000018408.14,WWTR1,0.0,0.0,0
ENSG00000169903.6,TM4SF4,0.0,0.0,0
ENSG00000244265.1,SIAH2-AS1,0.0,0.0,0
ENSG00000199994.1,RNA5SP145,0.0,0.00026675203,1
ENSG00000114805.16,PLCH1,0.0,0.0,0
ENSG00000174946.6,GPR171,0.0,0.0,0
ENSG00000196549.10,MME,0.0,0.0,0
ENSG00000174953.13,DHX36,0.0,0.0,0
ENSG00000114790.12,ARHGEF26,0.0,0.00031785172,1
ENSG00000169860.6,P2RY1,0.0,0.0,0
ENSG00000243305.1,RP11-362A9.3,0.0,0.0,0
ENSG00000221962.5,TMEM14EP,0.0,0.0,0
ENSG00000229619.3,MBNL1-AS1,0.0,0.0,0
ENSG00000152601.17,MBNL1,0.0,0.0,0
ENSG00000198829.6,SUCNR1,0.0,0.0,0
ENSG00000114771.13,AADAC,0.0,0.0,0
ENSG00000197953.5,AADACL2,0.0,0.0,0
ENSG00000152580.8,IGSF10,0.0,0.0,0
ENSG00000169313.9,P2RY12,0.0,0.0,0
ENSG00000181631.6,P2RY13,0.0,0.0,0
ENSG00000138271.5,GPR87,0.0,0.0,0
ENSG00000230006.7,ANKRD36BP2,0.0,0.0,0
ENSG00000172071.11,EIF2AK3,0.0,0.0,0
ENSG00000119929.12,CUTC,0.0,0.0,0
ENSG00000153904.18,DDAH1,0.0,0.0,0
ENSG00000097033.14,SH3GLB1,0.0,0.0,0
ENSG00000016602.9,CLCA4,0.0,0.0,0
ENSG00000137975.7,CLCA2,0.0,0.0,0
ENSG00000122417.15,ODF2L,0.0,0.0,0
ENSG00000171502.14,COL24A1,0.0,0.0,0
ENSG00000117174.10,ZNHIT6,0.0,0.0,0
ENSG00000142871.16,CYR61,0.0,0.0,0
ENSG00000142867.12,BCL10,0.0,1.7932703e-05,1
ENSG00000117133.10,RPF1,0.0,0.0,0
ENSG00000162642.13,C1orf52,0.0,0.0,0
ENSG00000055732.12,MCOLN3,0.0,0.0,0
ENSG00000153898.12,MCOLN2,0.0,0.0,0
ENSG00000171517.5,LPAR3,0.0,0.0,0
ENSG00000117155.16,SSX2IP,0.0,0.0,0
ENSG00000117151.12,CTBS,0.0,0.0010740655,1
ENSG00000122432.17,SPATA1,0.0,0.0,0
ENSG00000230721.1,RP4-612B15.2,0.0,0.0,0
ENSG00000183291.15,SELENOF,0.0,0.0,0
ENSG00000153936.16,HS2ST1,0.0,0.0,0
ENSG00000235251.2,RP11-384B12.2,0.0,0.0,0
ENSG00000183347.14,GBP6,0.0,0.0,0
ENSG00000237568.1,RP4-620F22.2,0.0,0.0,0
ENSG00000154451.14,GBP5,0.0,0.0,0
ENSG00000162654.8,GBP4,0.0,0.0041290964,1
ENSG00000213512.1,GBP7,0.0,0.0,0
ENSG00000162645.12,GBP2,0.0,0.0024106584,2
ENSG00000234518.2,PTGES3P1,0.0,0.0,0
ENSG00000117226.11,GBP3,0.0,0.0,0
ENSG00000213516.9,RBMXL1,0.0,0.0,0
ENSG00000137944.17,KYAT3,0.0,0.0,0
ENSG00000137947.11,GTF2B,0.0,0.0,0
ENSG00000241975.1,ELOCP19,0.0,0.0,0
ENSG00000065243.19,PKN2,0.0,0.0,0
ENSG00000143013.12,LMO4,0.0,0.0,0
ENSG00000225568.1,RP11-384B12.3,0.0,0.0,0
ENSG00000174021.10,GNG5,0.0,6.353465e-05,1
ENSG00000137976.7,DNASE2B,0.0,0.0,0
ENSG00000197147.13,LRRC8B,0.0,0.0,0
ENSG00000207241.1,SNORD45A,0.0,0.0,0
ENSG00000226084.5,RP4-706A16.3,0.0,0.0,0
ENSG00000142892.14,PIGK,0.0,0.0,0
ENSG00000117069.14,ST6GALNAC5,0.0,0.0,0
ENSG00000226415.1,TPI1P1,0.0,0.0,0
ENSG00000184005.10,ST6GALNAC3,0.0,0.0,0
ENSG00000057468.6,MSH4,0.0,0.0,0
ENSG00000201487.1,SNORD45B,0.0,0.0,0
ENSG00000206620.1,SNORD45C,0.0,0.0,0
ENSG00000142875.19,PRKACB,0.0,0.0,0
ENSG00000137955.15,RABGGTB,0.0,0.0,0
ENSG00000181227.3,DLSTP1,0.0,0.0,0
ENSG00000117054.13,ACADM,0.0,0.0,0
ENSG00000230863.2,RP4-595K12.2,0.0,0.0,0
ENSG00000137968.16,SLC44A5,0.0,0.0,0
ENSG00000162623.15,TYW3,0.0,0.0,0
ENSG00000116791.13,CRYZ,0.0,0.0,0
ENSG00000228187.1,RP11-363H12.1,0.0,0.0,0
ENSG00000154027.18,AK5,0.0,0.0,0
ENSG00000036549.12,ZZZ3,0.0,0.0,0
ENSG00000077254.14,USP33,0.0,0.0,0
ENSG00000137941.16,TTLL7,0.0,0.00069580815,1
ENSG00000215875.4,ST13P20,0.0,0.0,0
ENSG00000117114.19,ADGRL2,0.0,0.0,0
ENSG00000162618.13,ADGRL4,0.0,0.0,0
ENSG00000137965.10,IFI44,0.0,0.0,0
ENSG00000137959.15,IFI44L,0.0,0.0,0
ENSG00000227556.1,RP11-472F19.1,0.0,0.0,0
ENSG00000122420.9,PTGFR,0.0,0.0,0
ENSG00000137960.5,GIPC2,0.0,0.0,0
ENSG00000162616.8,DNAJB4,0.0,0.0,0
ENSG00000162613.16,FUBP1,0.0,0.0,0
ENSG00000162614.18,NEXN,0.0,0.0,0
ENSG00000235613.2,NSRP1P1,0.0,0.0,0
ENSG00000219201.4,RP11-181C21.4,0.0,0.0,0
ENSG00000180488.14,MIGA1,0.0,0.0,0
ENSG00000225492.6,GBP1P1,0.0,0.00025578542,1
ENSG00000231999.6,FLJ27354,0.0,0.0,0
ENSG00000060718.20,COL11A1,0.0,0.0,0
ENSG00000188641.12,DPYD,0.0,9.914195e-05,1
ENSG00000156869.12,FRRS1,0.0,0.0,0
ENSG00000099260.10,PALMD,0.0,0.0,0
ENSG00000117600.12,PLPPR4,0.0,0.0,0
ENSG00000227034.1,RP11-234N17.1,0.0,0.0,0
ENSG00000162627.16,SNX7,0.0,0.0,0
ENSG00000228057.1,SEC63P1,0.0,0.0,0
ENSG00000232878.3,DPYD-AS1,0.0,0.0,0
ENSG00000117569.18,PTBP2,0.0,0.0,0
ENSG00000137962.12,ARHGAP29,0.0,0.0,0
ENSG00000228502.1,EEF1A1P11,0.0,0.0,0
ENSG00000122481.16,RWDD3,0.0,0.0,0
ENSG00000152078.9,TMEM56,0.0,0.0,0
ENSG00000172339.9,ALG14,0.0,0.0,0
ENSG00000235501.5,RP4-639F20.1,0.0,0.0,0
ENSG00000143036.16,SLC44A3,0.0,0.0,0
ENSG00000117525.13,F3,0.0,0.0,0
ENSG00000162688.16,AGL,0.0,0.0,0
ENSG00000117620.14,SLC35A3,0.0,0.0,0
ENSG00000156875.13,MFSD14A,0.0,0.0,0
ENSG00000156876.9,SASS6,0.0,0.0,0
ENSG00000228399.1,RP4-575N6.2,0.0,0.00021482147,1
ENSG00000170989.8,S1PR1,0.0,0.0,0
ENSG00000117543.20,DPH5,0.0,0.0,0
ENSG00000230946.3,HNRNPA1P68,0.0,0.0,0
ENSG00000162695.11,SLC30A7,0.0,0.0,0
ENSG00000162694.13,EXTL2,0.0,0.00016417935,1
ENSG00000162692.10,VCAM1,0.0,0.0,0
ENSG00000228086.1,RP5-837M10.4,0.0,0.0,0
ENSG00000234332.1,BCAS2P2,0.0,0.0,0
ENSG00000079335.18,CDC14A,0.0,0.0,0
ENSG00000137996.12,RTCA,0.0,0.0,0
ENSG00000225169.1,BRI3P1,0.0,0.0,0
ENSG00000137992.14,DBT,0.0,0.0,0
ENSG00000122477.12,LRRC39,0.0,0.0,0
ENSG00000122435.9,TRMT13,0.0,0.0,0
ENSG00000117528.11,ABCD3,0.0,0.0,0
ENSG00000198691.11,ABCA4,0.0,0.0,0
ENSG00000171488.14,LRRC8C,0.0,0.0,0
ENSG00000137948.18,BRDT,0.0,0.0,0
ENSG00000162676.11,GFI1,0.0,0.0,0
ENSG00000122484.8,RPAP2,0.0,0.0,0
ENSG00000174842.16,GLMN,0.0,0.0,0
ENSG00000069712.12,KIAA1107,0.0,0.0,0
ENSG00000284413.1,BTBD8,0.0,0.0,0
ENSG00000230667.5,SETSIP,0.0,0.0,0
ENSG00000172031.6,EPHX4,0.0,0.0,0
ENSG00000069702.10,TGFBR3,0.0,0.0,0
ENSG00000023909.9,GCLM,0.0,0.0,0
ENSG00000097046.12,CDC7,0.0,0.0,0
ENSG00000162669.15,HFM1,0.0,0.0,0
ENSG00000122482.20,ZNF644,0.0,0.0,0
ENSG00000232882.1,PHKA1P1,0.0,0.0,0
ENSG00000199666.2,U3,0.0,0.0,0
ENSG00000162664.16,ZNF326,0.0,0.0,0
ENSG00000171492.14,LRRC8D,0.0,0.0,0
ENSG00000067208.14,EVI5,0.0,0.0,0
ENSG00000229992.1,HMGB3P9,0.0,0.0,0
ENSG00000225505.1,RP11-330C7.3,0.0,0.0,0
ENSG00000223896.2,CCNJP2,0.0,0.0,0
ENSG00000067334.13,DNTTIP2,0.0,0.0,0
ENSG00000224093.5,RP5-1033H22.2,0.0,5.8776124e-05,1
ENSG00000137936.16,BCAR3,0.0,0.0,0
ENSG00000137942.16,FNBP1L,0.0,0.0,0
ENSG00000229635.1,RP4-713B5.2,0.0,0.0,0
ENSG00000117505.12,DR1,0.0,0.0,0
ENSG00000229567.1,RP4-717I23.2,0.0,0.0,0
ENSG00000237003.1,RP4-612C19.1,0.0,0.0,0
ENSG00000122483.17,CCDC18,0.0,0.0,0
ENSG00000117500.12,TMED5,0.0,0.0,0
ENSG00000143033.17,MTF2,0.0,0.0,0
ENSG00000207523.1,SNORA66,0.0,0.0,0
ENSG00000206680.1,SNORD21,0.0,0.00013710308,1
ENSG00000154511.11,FAM69A,0.0,0.0,0
ENSG00000122406.12,RPL5,0.0,0.0,0
ENSG00000178965.13,ERICH3,0.0,0.0,0
ENSG00000116783.14,TNNI3K,0.0,0.0,0
ENSG00000254685.6,FPGT,0.0,0.0,0
ENSG00000182183.14,FAM159A,0.0,0.0,0
ENSG00000116171.17,SCP2,0.0,0.0,0
ENSG00000230953.2,RP4-631H13.6,0.0,0.0,0
ENSG00000121310.16,ECHDC2,0.0,0.0,0
ENSG00000203995.9,ZYG11A,0.0,8.954217e-05,1
ENSG00000228929.1,RPS13P2,0.0,0.0,0
ENSG00000162378.12,ZYG11B,0.0,0.0,0
ENSG00000162377.5,COA7,0.0,0.0,0
ENSG00000116157.5,GPX7,0.0,0.0,0
ENSG00000157077.14,ZFYVE9,0.0,0.0,0
ENSG00000134744.13,ZCCHC11,0.0,0.0,0
ENSG00000134748.12,PRPF38A,0.0,0.0,0
ENSG00000085840.12,ORC1,0.0,0.0,0
ENSG00000224680.4,PLA2G12AP1,0.0,0.0,0
ENSG00000272100.1,RP11-155O18.6,0.0,0.0,0
ENSG00000154222.14,CC2D1B,0.0,0.0,0
ENSG00000213735.2,ANAPC10P1,0.0,0.0,0
ENSG00000236360.2,RP11-334A14.2,0.0,0.0,0
ENSG00000174348.13,PODN,0.0,0.0,0
ENSG00000232993.1,RP11-334A14.5,0.0,0.0,0
ENSG00000162383.11,SLC1A7,0.0,0.0,0
ENSG00000215883.10,CYB5RL,0.0,0.0,0
ENSG00000116209.11,TMEM59,0.0,0.0,0
ENSG00000203985.10,LDLRAD1,0.0,0.0,0
ENSG00000116212.14,LRRC42,0.0,0.0,0
ENSG00000081870.11,HSPB11,0.0,0.0,0
ENSG00000211452.10,DIO1,0.0,0.0,0
ENSG00000058799.14,YIPF1,0.0,0.0,0
ENSG00000201003.1,SNORA58,0.0,0.0,0
ENSG00000058804.11,NDC1,0.0,0.0,0
ENSG00000228838.1,RP4-784A16.2,0.0,0.0,0
ENSG00000157193.15,LRP8,0.0,0.0,0
ENSG00000162385.10,MAGOH,0.0,0.0,0
ENSG00000162384.13,C1orf123,0.0,0.0,0
ENSG00000236723.2,RP5-1024G6.2,0.0,0.0,0
ENSG00000157184.6,CPT2,0.0,0.0,0
ENSG00000224255.2,PDCL3P6,0.0,0.0,0
ENSG00000134717.17,BTF3L4,0.0,0.0,0
ENSG00000233994.2,GDI2P2,0.0,0.0,0
ENSG00000142973.13,CYP4B1,0.0,0.0,0
ENSG00000162368.13,CMPK1,0.0,0.0,0
ENSG00000123473.15,STIL,0.0,0.0,0
ENSG00000162366.7,PDZK1IP1,0.0,0.0,0
ENSG00000186160.4,CYP4Z1,0.0,7.2947754e-05,1
ENSG00000186377.7,CYP4X1,0.0,0.0,0
ENSG00000187048.12,CYP4A11,0.0,0.0,0
ENSG00000154198.14,CYP4Z2P,0.0,0.0,0
ENSG00000159658.10,EFCAB14,0.0,0.0,0
ENSG00000223390.1,RP11-91A18.4,0.0,0.0,0
ENSG00000123472.12,ATPAF1,0.0,0.0,0
ENSG00000142961.14,MOB3C,0.0,0.0,0
ENSG00000079277.19,MKNK1,0.0,0.0,0
ENSG00000117480.15,FAAH,0.0,0.0,0
ENSG00000117481.10,NSUN4,0.0,0.0,0
ENSG00000173660.11,UQCRH,0.0,0.0,0
ENSG00000132128.16,LRRC41,0.0,0.0,0
ENSG00000117834.12,SLC5A9,0.0,0.0,0
ENSG00000272491.1,RP5-1024N4.4,0.0,0.0,0
ENSG00000132122.11,SPATA6,0.0,0.0,0
ENSG00000235105.1,RP11-329A14.1,0.0,0.0,0
ENSG00000198841.3,KTI12,0.0,0.0,0
ENSG00000117862.11,TXNDC12,0.0,0.0,0
ENSG00000266993.3,RP4-657D16.3,0.0,0.0,0
ENSG00000078618.21,NRDC,0.0,0.0,0
ENSG00000117859.18,OSBPL9,0.0,1.2780058e-05,1
ENSG00000232027.2,RP11-275F13.3,0.0,0.0,0
ENSG00000085832.16,EPS15,0.0,0.0,0
ENSG00000085831.15,TTC39A,0.0,0.0,0
ENSG00000233406.5,RP11-296A18.5,0.0,0.0,0
ENSG00000123091.4,RNF11,0.0,0.0,0
ENSG00000123080.10,CDKN2C,0.0,0.0,0
ENSG00000237130.1,MRPS6P2,0.0,0.0,0
ENSG00000230585.2,PHBP12,0.0,1.1619385e-05,1
ENSG00000185104.19,FAF1,0.0,0.0,0
ENSG00000162373.12,BEND5,0.0,0.0,0
ENSG00000116221.15,MRPL37,0.0,0.0,0
ENSG00000157216.15,SSBP3,0.0,0.0,0
ENSG00000162390.17,ACOT11,0.0,0.0,0
ENSG00000116675.15,DNAJC6,0.0,0.0,0
ENSG00000116704.7,SLC35D1,0.0,0.0,0
ENSG00000198160.14,MIER1,0.0,0.0,0
ENSG00000152763.16,WDR78,0.0,4.892036e-05,1
ENSG00000118473.21,SGIP1,0.0,0.0,0
ENSG00000184588.17,PDE4B,0.0,0.0,0
ENSG00000116678.19,LEPR,0.0,0.0,0
ENSG00000213625.8,LEPROT,0.0,0.0,0
ENSG00000162433.14,AK4,0.0,0.0,0
ENSG00000184313.19,MROH7,0.0,0.0,0
ENSG00000185031.6,SLC2A3P2,0.0,0.00014209264,1
ENSG00000162434.11,JAK1,0.0,0.0,0
ENSG00000162437.14,RAVER2,0.0,0.0,0
ENSG00000158966.13,CACHD1,0.0,0.0,0
ENSG00000228056.3,CFL1P3,0.0,0.0,0
ENSG00000177452.7,RP4-597J3.1,0.0,0.0,0
ENSG00000185483.11,ROR1,0.0,0.0,0
ENSG00000162594.15,IL23R,0.0,0.0,0
ENSG00000081985.10,IL12RB2,0.0,0.0,0
ENSG00000142864.14,SERBP1,0.0,0.0,0
ENSG00000116717.11,GADD45A,0.0,0.0,0
ENSG00000132485.13,ZRANB2,0.0,0.0,0
ENSG00000235079.1,ZRANB2-AS1,0.0,0.0,0
ENSG00000116761.11,CTH,0.0,0.0,0
ENSG00000197568.13,HHLA3,0.0,0.0,0
ENSG00000118454.12,ANKRD13C,0.0,0.0,0
ENSG00000116754.13,SRSF11,0.0,0.0,0
ENSG00000066557.5,LRRC40,0.0,0.0,0
ENSG00000233589.1,RP4-694A7.2,0.0,0.0,0
ENSG00000024526.16,DEPDC1,0.0,0.0,0
ENSG00000229133.1,RPS7P4,0.0,0.0,0
ENSG00000221203.1,MIR1262,0.0,0.0,0
ENSG00000234383.1,CTBP2P8,0.0,0.0,0
ENSG00000116729.13,WLS,0.0,0.0,0
ENSG00000162595.5,DIRAS3,0.0,0.0,0
ENSG00000172380.5,GNG12,0.0,0.0,0
ENSG00000079739.15,PGM1,0.0,0.0,0
ENSG00000274199.1,DLEU2_1,0.0,0.0,0
ENSG00000203965.12,EFCAB7,0.0,0.0,0
ENSG00000184292.6,TACSTD2,0.0,0.0,0
ENSG00000223416.3,RPS26P15,0.0,0.00011185306,1
ENSG00000021852.12,C8B,0.0,0.00026722028,1
ENSG00000157131.10,C8A,0.0,6.878144e-05,1
ENSG00000187889.12,C1orf168,0.0,0.0,0
ENSG00000162409.10,PRKAA2,0.0,0.002524192,2
ENSG00000162407.8,PLPP3,0.0,0.0,0
ENSG00000162402.13,USP24,0.0,0.0,0
ENSG00000169174.10,PCSK9,0.0,0.0,0
ENSG00000233271.1,RP11-12C17.2,0.0,0.0,0
ENSG00000143001.4,TMEM61,0.0,3.1603813e-05,1
ENSG00000242396.1,RP11-67L3.5,0.0,0.0,0
ENSG00000116133.11,DHCR24,0.0,0.0,0
ENSG00000006555.10,TTC22,0.0,0.0,0
ENSG00000162396.5,PARS2,0.0,3.1465584e-05,1
ENSG00000243725.6,TTC4,0.0,3.112893e-05,1
ENSG00000162600.11,OMA1,0.0,0.0,0
ENSG00000185839.3,RP4-592A1.2,0.0,0.0,0
ENSG00000142856.16,ITGB3BP,0.0,0.00076693017,1
ENSG00000162601.9,MYSM1,0.0,0.0,0
ENSG00000088035.15,ALG6,0.0,0.0,0
ENSG00000125703.14,ATG4C,0.0,0.0,0
ENSG00000132855.4,ANGPTL3,0.0,0.0,0
ENSG00000116641.17,DOCK7,0.0,0.0,0
ENSG00000162607.12,USP1,0.0,0.0,0
ENSG00000132854.18,KANK4,0.0,0.010543241,3
ENSG00000240563.1,L1TD1,0.0,0.0,0
ENSG00000236646.1,LAMTOR5P1,0.0,0.0,0
ENSG00000132849.19,PATJ,0.0,0.0,0
ENSG00000162604.12,TM2D1,0.0,0.0,0
ENSG00000162599.15,NFIA,0.0,0.0,0
ENSG00000162598.13,C1orf87,0.0,0.0,0
ENSG00000134709.10,HOOK1,0.0,0.0,0
ENSG00000172456.17,FGGY,0.0,0.0,0
ENSG00000177606.6,JUN,0.0,0.0,0
ENSG00000183298.5,RPSAP19,0.0,0.0,0
ENSG00000185946.15,RNPC3,0.0,0.0,0
ENSG00000241794.1,SPRR2A,0.0,0.00016572491,1
ENSG00000198658.4,ABHD17AP1,0.0,0.0,0
ENSG00000271383.6,NBPF19,0.0,0.0,0
ENSG00000215861.5,WI2-1896O14.1,0.0,0.0,0
ENSG00000269713.7,NBPF9,0.0,0.0,0
ENSG00000178104.19,PDE4DIP,0.0,0.0,0
ENSG00000270629.5,NBPF14,0.0,0.0,0
ENSG00000280649.2,CH17-172B3.1,0.0,0.0,0
ENSG00000225871.2,RP11-495P10.10,0.0,0.0,0
ENSG00000263956.6,NBPF11,0.0,0.0,0
ENSG00000226015.2,CCT8P1,0.0,0.0,0
ENSG00000206585.1,RNVU1-7,0.0,0.0002629929,1
ENSG00000244211.3,PDZK1P1,0.0,0.0,0
ENSG00000215859.8,RP6-74O6.2,0.0,0.0,0
ENSG00000188092.14,GPR89B,0.0,0.0,0
ENSG00000265107.2,GJA5,0.0,0.0,0
ENSG00000162836.11,ACP6,0.0,0.0,0
ENSG00000116128.10,BCL9,0.0,0.0,0
ENSG00000150337.13,FCGR1A,0.0,0.0,0
ENSG00000203814.6,HIST2H2BF,0.0,0.0,0
ENSG00000183598.3,HIST2H3D,0.0,0.0,0
ENSG00000203812.2,HIST2H2AA3,0.0,0.0,0
ENSG00000159208.15,CIART,0.0,0.0,0
ENSG00000118292.8,C1orf54,0.0,0.0,0
ENSG00000117362.12,APH1A,0.0,0.0,0
ENSG00000143401.14,ANP32E,0.0,0.0,0
ENSG00000023902.13,PLEKHO1,0.0,0.0,0
ENSG00000136631.12,VPS45,0.0,0.0,0
ENSG00000264522.5,OTUD7B,0.0,0.0,0
ENSG00000014914.20,MTMR11,0.0,0.0,0
ENSG00000159164.9,SV2A,0.0,0.0,0
ENSG00000178096.8,BOLA1,0.0,0.0,0
ENSG00000184270.4,HIST2H2AB,0.0,0.0,0
ENSG00000184260.5,HIST2H2AC,0.0,0.0,0
ENSG00000184678.10,HIST2H2BE,0.0,0.0,0
ENSG00000272196.2,HIST2H2AA4,0.0,0.0,0
ENSG00000203819.6,HIST2H2BC,0.0,0.00013396142,1
ENSG00000131778.18,CHD1L,0.0,0.0,0
ENSG00000180867.10,PDIA3P1,0.0,0.0,0
ENSG00000117360.12,PRPF3,0.0,0.0013689456,1
ENSG00000272150.5,NBPF25P,0.0,0.0,0
ENSG00000131788.15,PIAS3,0.0,0.0,0
ENSG00000186364.11,NUDT17,0.0,0.0,0
ENSG00000186141.8,POLR3C,0.0,0.0,0
ENSG00000265491.4,RNF115,0.0,0.0,0
ENSG00000117281.15,CD160,0.0,0.0,0
ENSG00000174827.13,PDZK1,0.0,0.0,0
ENSG00000117262.18,GPR89A,0.0,0.0,0
ENSG00000270722.1,U1,0.0,0.0,0
ENSG00000131781.12,FMO5,0.0,0.0,0
ENSG00000162825.16,NBPF20,0.0,0.0,0
ENSG00000223612.3,RP11-289I10.2,0.0,0.00033649278,1
ENSG00000281571.2,CH17-195P21.2,0.0,0.0,0
ENSG00000215784.5,FAM72D,0.0,0.0,0
ENSG00000196369.10,SRGAP2B,0.0,0.0,0
ENSG00000277918.1,U1,0.0,0.00010136191,1
ENSG00000266338.6,NBPF15,0.0,0.0,0
ENSG00000198483.12,ANKRD35,0.0,0.0,0
ENSG00000143127.12,ITGA10,0.0,0.0,0
ENSG00000244619.2,RP11-315I20.3,0.0,0.0,0
ENSG00000131779.10,PEX11B,0.0,0.0,0
ENSG00000131791.7,PRKAB2,0.0,0.0,0
ENSG00000225603.3,RP11-325P15.1,0.0,0.0,0
ENSG00000268043.7,NBPF12,0.0,0.0,0
ENSG00000276975.2,HYDIN2,0.0,0.0,0
ENSG00000273768.1,U1,0.0,0.0,0
ENSG00000270339.3,CH17-385C13.3,0.0,0.0,0
ENSG00000277406.1,CH17-385C13.2,0.0,0.0,0
ENSG00000264343.5,NOTCH2NL,0.0,0.0,0
ENSG00000271425.7,NBPF10,0.0,0.0,0
ENSG00000168509.19,HFE2,0.0,0.0,0
ENSG00000265972.5,TXNIP,0.0,6.903456e-05,1
ENSG00000121851.12,POLR3GL,0.0,0.0,0
ENSG00000271601.3,LIX1L,0.0,0.0,0
ENSG00000211451.12,GNRHR2,0.0,0.0,0
ENSG00000265241.6,RBM8A,0.0,0.0,0
ENSG00000266472.5,MRPS21,0.0,0.0,0
ENSG00000163125.15,RPRD2,0.0,0.0,0
ENSG00000240038.6,AMY2B,0.0,0.0,0
ENSG00000143365.17,RORC,0.0,0.0,0
ENSG00000215853.3,RPTN,0.0,0.0,0
ENSG00000159450.12,TCHH,0.0,0.0,0
ENSG00000163191.5,S100A11,0.0,0.0,0
ENSG00000197747.8,S100A10,0.0,0.0,0
ENSG00000159445.12,THEM4,0.0,0.0,0
ENSG00000196407.11,THEM5,0.0,9.334728e-05,1
ENSG00000225556.1,C2CD4D,0.0,0.0003494977,1
ENSG00000182134.15,TDRKH,0.0,0.0,0
ENSG00000207606.1,MIR554,0.0,0.0,0
ENSG00000268288.1,RP11-98D18.16,0.0,0.0,0
ENSG00000249602.1,RP11-98D18.3,0.0,0.0,0
ENSG00000143450.16,OAZ3,0.0,0.0,0
ENSG00000143436.10,MRPL9,0.0,0.0,0
ENSG00000159409.14,CELF3,0.0,0.0,0
ENSG00000143376.12,SNX27,0.0,0.0,0
ENSG00000250734.2,RP11-404E16.1,0.0,0.0,0
ENSG00000237975.6,FLG-AS1,0.0,0.0012502156,1
ENSG00000197915.5,HRNR,0.0,0.0,0
ENSG00000143631.10,FLG,0.0,0.0,0
ENSG00000143536.7,CRNN,0.0,0.0033918559,2
ENSG00000169469.8,SPRR1B,0.0,0.0,0
ENSG00000169474.4,SPRR1A,0.0,1.203271e-05,1
ENSG00000184148.3,SPRR4,0.0,0.0,0
ENSG00000163207.6,IVL,0.0,0.0,0
ENSG00000186844.5,LCE1A,0.0,0.0,0
ENSG00000197084.5,LCE1C,0.0,0.0,0
ENSG00000172155.9,LCE1D,0.0,0.0,0
ENSG00000203786.6,KPRP,0.0,0.0,0
ENSG00000198854.5,C1orf68,0.0,0.0,0
ENSG00000187173.3,LCE2A,0.0,0.0,0
ENSG00000159455.8,LCE2B,0.0,0.0,0
ENSG00000185962.1,LCE3A,0.0,0.0,0
ENSG00000163202.4,LCE3D,0.0,0.0,0
ENSG00000185966.3,LCE3E,0.0,0.0,0
ENSG00000169509.5,CRCT1,0.0,0.0,0
ENSG00000223861.1,RP11-74C1.2,0.0,0.0,0
ENSG00000232536.1,RP11-74C1.4,0.0,0.0,0
ENSG00000143374.16,TARS2,0.0,0.0,0
ENSG00000163131.10,CTSS,0.0,0.0,0
ENSG00000143409.15,MINDY1,0.0,0.0,0
ENSG00000143412.9,ANXA9,0.0,0.0,0
ENSG00000259357.2,RP11-316M1.12,0.0,0.0,0
ENSG00000143418.19,CERS2,0.0,0.0,0
ENSG00000143379.12,SETDB1,0.0,0.0,0
ENSG00000143437.20,ARNT,0.0,3.934254e-05,1
ENSG00000143387.12,CTSK,0.0,0.0,0
ENSG00000143452.15,HORMAD1,0.0,0.0,0
ENSG00000143367.15,TUFT1,0.0,0.0,0
ENSG00000143457.10,GOLPH3L,0.0,0.0,0
ENSG00000143420.18,ENSA,0.0,0.001119291,1
ENSG00000143384.12,MCL1,0.0,0.0,0
ENSG00000203804.4,ADAMTSL4-AS1,0.0,0.0,0
ENSG00000143382.14,ADAMTSL4,0.0,0.0,0
ENSG00000237781.3,RP11-54A4.2,0.0,0.0,0
ENSG00000143369.14,ECM1,0.0,0.0,0
ENSG00000143363.15,PRUNE1,0.0,0.0,0
ENSG00000163141.18,BNIPL,0.0,0.00014608473,1
ENSG00000197622.12,CDC42SE1,0.0,0.0,0
ENSG00000213190.3,MLLT11,0.0,0.0,0
ENSG00000252840.1,SNORA44,0.0,0.0,0
ENSG00000143442.21,POGZ,0.0,0.0,0
ENSG00000159377.10,PSMB4,0.0,0.000108855354,1
ENSG00000143416.20,SELENBP1,0.0,0.0,0
ENSG00000143390.17,RFX5,0.0,0.0,0
ENSG00000143393.16,PI4KB,0.0,0.0,0
ENSG00000143373.17,ZNF687,0.0,0.0,0
ENSG00000159352.15,PSMD4,0.0,0.00029192277,1
ENSG00000143398.19,PIP5K1A,0.0,0.0,0
ENSG00000163159.12,VPS72,0.0,0.0,0
ENSG00000163157.14,TMOD4,0.0,0.0,0
ENSG00000163156.11,SCNM1,0.0,0.0,0
ENSG00000163154.5,TNFAIP8L2,0.0,0.0,0
ENSG00000143434.15,SEMA6C,0.0,0.0,0
ENSG00000143458.11,GABPB2,0.0,0.0,0
ENSG00000270872.2,SRGAP2D,0.0,0.0,0
ENSG00000263513.5,FAM72C,0.0,0.0,0
ENSG00000203818.7,HIST2H3PS2,0.0,0.0,0
ENSG00000258634.3,RP4-773N10.4,0.0,0.0,0
ENSG00000232811.1,RP11-96K19.2,0.0,0.0,0
ENSG00000143119.12,CD53,0.0,0.0,0
ENSG00000177272.8,KCNA3,0.0,0.0,0
ENSG00000168679.17,SLC16A4,0.0,0.0,0
ENSG00000162775.14,RBM15,0.0,0.0,0
ENSG00000116396.14,KCNC4,0.0,0.0,0
ENSG00000156150.6,ALX3,0.0,0.0,0
ENSG00000143093.14,STRIP1,0.0,0.0,0
ENSG00000168765.16,GSTM4,0.0,0.0,0
ENSG00000168710.17,AHCYL1,0.0,0.0,0
ENSG00000184371.13,CSF1,0.0,0.0,0
ENSG00000198758.10,EPS8L3,0.0,0.0,0
ENSG00000134202.10,GSTM3,0.0,0.0,0
ENSG00000241720.2,RP4-735C1.4,0.0,0.0,0
ENSG00000134201.10,GSTM5,0.0,0.0,0
ENSG00000134184.12,GSTM1,0.0,0.0,0
ENSG00000121931.15,LRIF1,0.0,0.0,0
ENSG00000273010.1,RP11-96K19.5,0.0,0.0,0
ENSG00000134255.13,CEPT1,0.0,0.0,0
ENSG00000162777.16,DENND2D,0.0,0.0,0
ENSG00000143079.14,CTTNBP2NL,0.0,0.0,0
ENSG00000171385.9,KCND3,0.0,0.0004831817,1
ENSG00000064703.11,DDX20,0.0,0.0,0
ENSG00000215867.4,KRT18P57,0.0,0.0,0
ENSG00000116473.14,RAP1A,0.0,0.0,0
ENSG00000282608.1,ADORA3,0.0,0.0,0
ENSG00000121933.18,TMIGD3,0.0,0.0008170005,1
ENSG00000143110.11,C1orf162,0.0,0.0,0
ENSG00000116459.10,ATP5F1,0.0,0.0,0
ENSG00000243960.1,RP11-552M11.4,0.0,0.0,0
ENSG00000085465.12,OVGP1,0.0,0.0,0
ENSG00000173947.13,PIFO,0.0,4.0683175e-05,1
ENSG00000229283.1,RP5-1125M8.2,0.0,0.0,0
ENSG00000134216.18,CHIA,0.0,0.0,0
ENSG00000064886.13,CHI3L2,0.0,0.0,0
ENSG00000213366.12,GSTM2,0.0,0.0,0
ENSG00000228703.1,RP5-1160K1.6,0.0,0.0,0
ENSG00000240929.2,HIST2H2BB,0.0,0.0,0
ENSG00000162636.15,FAM102B,0.0,0.0,0
ENSG00000085433.15,WDR47,0.0,0.0021277745,2
ENSG00000121940.15,CLCC1,0.0,0.0,0
ENSG00000121957.12,GPSM2,0.0,0.00035607553,1
ENSG00000228076.2,RP11-475E11.2,0.0,0.0,0
ENSG00000116266.10,STXBP3,0.0,0.0,0
ENSG00000134186.11,PRPF38B,0.0,0.0,0
ENSG00000162639.15,HENMT1,0.0,0.0,0
ENSG00000260879.1,RP11-483I13.5,0.0,4.856949e-05,1
ENSG00000116337.15,AMPD2,0.0,0.0,0
ENSG00000085491.15,SLC25A24,0.0,0.0,0
ENSG00000134215.15,VAV3,0.0,0.0,0
ENSG00000224550.1,RP11-270C12.3,0.0,0.0,0
ENSG00000162631.18,NTNG1,0.0,0.0,0
ENSG00000198890.7,PRMT6,0.0,0.0,0
ENSG00000243480.7,AMY2A,0.0,0.0,0
ENSG00000236085.1,ACTG1P4,0.0,0.0,0
ENSG00000244716.3,RP11-20O24.4,0.0,0.0,0
ENSG00000228665.2,RP11-20O24.1,0.0,0.0,0
ENSG00000197780.9,TAF13,0.0,0.0,0
ENSG00000215717.5,TMEM167B,0.0,0.0,0
ENSG00000134183.11,GNAT2,0.0,0.0,0
ENSG00000065135.10,GNAI3,0.0,0.0,0
ENSG00000181754.6,AMIGO1,0.0,0.0,0
ENSG00000174151.14,CYB561D1,0.0,0.0,0
ENSG00000162650.16,ATXN7L2,0.0,0.0,0
ENSG00000143106.12,PSMA5,0.0,0.0,0
ENSG00000221986.6,MYBPHL,0.0,0.0,0
ENSG00000134222.16,PSRC1,0.0,0.0,0
ENSG00000143126.7,CELSR2,0.0,0.0,0
ENSG00000031698.12,SARS,0.0,0.0,0
ENSG00000116299.16,KIAA1324,0.0,0.00024214057,1
ENSG00000179902.12,C1orf194,0.0,0.0,0
ENSG00000251484.3,RP5-1065J22.4,0.0,0.0,0
ENSG00000270066.3,SCARNA2,0.0,0.0,0
ENSG00000278249.1,SCARNA2,0.0,0.0,0
ENSG00000134245.17,WNT2B,0.0,0.0,0
ENSG00000007341.18,ST7L,0.0,0.0,0
ENSG00000116489.12,CAPZA1,0.0,0.0,0
ENSG00000116874.11,WARS2,0.0,0.0,0
ENSG00000143067.4,ZNF697,0.0,0.0,0
ENSG00000198857.3,HSD3BP5,0.0,0.0,0
ENSG00000203859.9,HSD3B2,0.0,0.0,0
ENSG00000116882.14,HAO2,0.0,0.0,0
ENSG00000227056.2,RPL6P2,0.0,0.0,0
ENSG00000236804.1,RPS3AP12,0.0,0.0,0
ENSG00000223575.2,RBMX2P3,0.0,0.0,0
ENSG00000092607.13,TBX15,0.0,0.0,0
ENSG00000155363.18,MOV10,0.0,0.0,0
ENSG00000155761.13,SPAG17,0.0,0.0,0
ENSG00000065183.15,WDR3,0.0,0.0,0
ENSG00000196505.10,GDAP2,0.0,0.0,0
ENSG00000183508.4,FAM46C,0.0,5.6313684e-06,1
ENSG00000198162.12,MAN1A2,0.0,0.0,0
ENSG00000134258.16,VTCN1,0.0,0.0,0
ENSG00000134253.9,TRIM45,0.0,0.0,0
ENSG00000092621.11,PHGDH,0.0,0.0,0
ENSG00000134240.11,HMGCS2,0.0,0.0,0
ENSG00000134193.14,REG4,0.0,0.0,0
ENSG00000134250.19,NOTCH2,0.0,0.0,0
ENSG00000265531.3,FCGR1CP,0.0,0.0,0
ENSG00000277702.1,CH17-13I23.3,0.0,0.001232859,1
ENSG00000231752.5,EMBP1,0.0,0.0,0
ENSG00000171943.11,SRGAP2C,0.0,0.00011453455,1
ENSG00000188610.12,FAM72B,0.0,0.0,0
ENSG00000213244.3,HIST2H3DP1,0.0,0.0,0
ENSG00000223345.3,HIST2H2BA,0.0,0.0,0
ENSG00000198019.12,FCGR1B,0.0,0.0,0
ENSG00000281741.2,CH17-118O6.6,0.0,0.0,0
ENSG00000273136.6,NBPF26,0.0,0.0,0
ENSG00000275131.2,CH17-472G23.4,0.0,0.0,0
ENSG00000270231.3,NBPF8,0.0,0.0,0
ENSG00000223804.5,CH17-472G23.2,0.0,0.00075005065,2
ENSG00000274642.1,CH17-472G23.1,0.0,0.0,0
ENSG00000265808.3,SEC22B,0.0,0.0,0
ENSG00000116830.11,TTF2,0.0,0.0,0
ENSG00000134256.12,CD101,0.0,0.0,0
ENSG00000134247.9,PTGFRN,0.0,0.0,0
ENSG00000116774.11,OLFML3,0.0,0.0,0
ENSG00000118655.4,DCLRE1B,0.0,0.0,0
ENSG00000134262.12,AP4B1,0.0,0.0,0
ENSG00000188761.11,BCL2L15,0.0,0.0,0
ENSG00000226167.1,AP4B1-AS1,0.0,0.0,0
ENSG00000134242.15,PTPN22,0.0,0.0,0
ENSG00000081019.13,RSBN1,0.0,0.0,0
ENSG00000116793.15,PHTF1,0.0,0.0,0
ENSG00000232499.2,RP11-512F24.1,0.0,0.0,0
ENSG00000081026.18,MAGI3,0.0,0.0,0
ENSG00000198799.11,LRIG2,0.0,0.0,0
ENSG00000229020.4,AKR7A2P1,0.0,2.6921532e-05,1
ENSG00000155380.11,SLC16A1,0.0,0.0,0
ENSG00000155367.15,PPM1J,0.0,0.0,0
ENSG00000155366.16,RHOC,0.0,0.0,0
ENSG00000225075.1,RP11-426L16.3,0.0,0.0,0
ENSG00000163349.21,HIPK1,0.0,0.00039104302,1
ENSG00000197323.11,TRIM33,0.0,0.0,0
ENSG00000116824.4,CD2,0.0,0.0,0
ENSG00000116752.5,BCAS2,0.0,0.0,0
ENSG00000143061.17,IGSF3,0.0,0.0,0
ENSG00000177173.5,NAP1L4P1,0.0,0.0,0
ENSG00000116815.15,CD58,0.0,0.0,0
ENSG00000203865.9,ATP1A1-AS1,0.0,0.0,0
ENSG00000163399.15,ATP1A1,0.0,0.0,0
ENSG00000163393.12,SLC22A15,0.0,0.0,0
ENSG00000118729.11,CASQ2,0.0,0.0,0
ENSG00000173218.14,VANGL1,0.0,0.0,0
ENSG00000134259.3,NGF,0.0,0.0012863666,2
ENSG00000134198.9,TSPAN2,0.0,0.0008415957,1
ENSG00000052723.11,SIKE1,0.0,0.0,0
ENSG00000009307.15,CSDE1,0.0,0.0,0
ENSG00000213281.4,NRAS,0.0,0.0,0
ENSG00000116748.21,AMPD1,0.0,0.0011270642,1
ENSG00000175984.14,DENND2C,0.0,0.0,0
ENSG00000085999.11,RAD54L,0.0,0.0,0
ENSG00000085998.13,POMGNT1,0.0,0.0,0
ENSG00000117472.9,TSPAN1,0.0,0.0,0
ENSG00000142619.4,PADI3,0.0,0.0,0
ENSG00000169991.10,IFFO2,0.0,0.0,0
ENSG00000159423.16,ALDH4A1,0.0,0.0007095561,1
ENSG00000117154.11,IGSF21,0.0,0.0,0
ENSG00000117148.7,ACTL8,0.0,0.0,0
ENSG00000074964.16,ARHGEF10L,0.0,0.0,0
ENSG00000179051.13,RCC2,0.0,0.0,0
ENSG00000159339.13,PADI4,0.0,0.00044342983,1
ENSG00000142623.9,PADI1,0.0,0.0,0
ENSG00000186301.8,MST1P2,0.0,0.0,0
ENSG00000117115.12,PADI2,0.0,0.0,0
ENSG00000117118.9,SDHB,0.0,0.0,0
ENSG00000159363.17,ATP13A2,0.0,6.588929e-05,1
ENSG00000226526.1,RP1-37C10.3,0.0,0.0,0
ENSG00000117122.13,MFAP2,0.0,0.0,0
ENSG00000186715.10,MST1L,0.0,0.0010420994,2
ENSG00000058453.16,CROCC,0.0,0.0,0
ENSG00000272084.1,RP5-1126H10.2,0.0,0.0,0
ENSG00000127481.14,UBR4,0.0,0.0,0
ENSG00000230424.1,RP1-43E13.2,0.0,0.0,0
ENSG00000127463.13,EMC1,0.0,0.00030860835,1
ENSG00000162543.5,UBXN10,0.0,0.0,0
ENSG00000117215.14,PLA2G2D,0.0,0.0,0
ENSG00000127472.10,PLA2G5,0.0,0.0,0
ENSG00000188257.10,PLA2G2A,0.0,0.0,0
ENSG00000169914.5,OTUD3,0.0,0.0,0
ENSG00000162542.13,TMCO4,0.0,0.0,0
ENSG00000158747.13,NBL1,0.0,0.00028154324,1
ENSG00000226396.1,RP5-1056L3.3,0.0,0.0,0
ENSG00000173436.13,MINOS1,0.0,0.0,0
ENSG00000077549.17,CAPZB,0.0,0.0,0
ENSG00000040487.12,PQLC2,0.0,0.00017261882,1
ENSG00000053371.12,AKR7A2,0.0,0.0,0
ENSG00000162482.4,AKR7A3,0.0,0.0,0
ENSG00000211454.13,AKR7L,0.0,0.0,0
ENSG00000053372.4,MRTO4,0.0,0.0,0
ENSG00000236698.1,EIF1AXP1,0.0,0.0,0
ENSG00000283773.1,RP5-1182A14.8,0.0,0.0,0
ENSG00000090432.6,MUL1,0.0,0.0,0
ENSG00000142634.12,EFHD2,0.0,0.0,0
ENSG00000215695.1,RSC1A1,0.0,0.0,0
ENSG00000197312.11,DDI2,0.0,0.0,0
ENSG00000235084.3,CHCHD2P6,0.0,0.0,0
ENSG00000116771.5,AGMAT,0.0,0.0,0
ENSG00000116138.12,DNAJC16,0.0,0.0,0
ENSG00000132906.17,CASP9,0.0,0.0,0
ENSG00000215704.9,CELA2B,0.0,0.0,0
ENSG00000233485.1,RP3-467K16.2,0.0,0.0,0
ENSG00000215908.10,CROCCP2,0.0,0.0,0
ENSG00000142621.19,FHAD1,0.0,0.0,0
ENSG00000215720.4,RP1-21O18.3,0.0,0.0,0
ENSG00000204464.7,C1orf195,0.0,0.0,0
ENSG00000171729.13,TMEM51,0.0,0.0,0
ENSG00000189337.16,KAZN,0.0,0.00029518854,1
ENSG00000116731.22,PRDM2,0.0,0.0,0
ENSG00000162496.8,DHRS3,0.0,0.0,0
ENSG00000116786.11,PLEKHM2,0.0,0.0,0
ENSG00000162458.12,FBLIM1,0.0,0.0,0
ENSG00000178715.8,RP11-169K16.8,0.0,0.0,0
ENSG00000065526.10,SPEN,0.0,0.0,0
ENSG00000219481.10,NBPF1,0.0,0.0,0
ENSG00000080947.14,CROCCP3,0.0,0.0,0
ENSG00000157191.19,NECAP2,0.0,0.0,0
ENSG00000226457.1,RP11-430L17.1,0.0,0.0,0
ENSG00000055070.16,SZRD1,0.0,0.0,0
ENSG00000037637.10,FBXO42,0.0,0.0,0
ENSG00000233929.1,MT1XP1,0.0,0.0,0
ENSG00000132881.11,RSG1,0.0,0.0,0
ENSG00000142632.16,ARHGEF19,0.0,0.00048777013,1
ENSG00000142627.12,EPHA2,0.0,0.0,0
ENSG00000184908.17,CLCNKB,0.0,0.0,0
ENSG00000186510.11,CLCNKA,0.0,0.0,0
ENSG00000173641.17,HSPB7,0.0,0.0,0
ENSG00000234607.2,RP11-5P18.1,0.0,0.0,0
ENSG00000116809.11,ZBTB17,0.0,0.0,0
ENSG00000162545.5,CAMK2N1,0.0,0.0,0
ENSG00000158825.5,CDA,0.0,0.0,0
ENSG00000233114.2,RP4-533D7.3,0.0,0.0,0
ENSG00000185436.11,IFNLR1,0.0,0.0,0
ENSG00000020633.18,RUNX3,0.0,0.0,0
ENSG00000169504.14,CLIC4,0.0,0.0,0
ENSG00000133226.16,SRRM1,0.0,0.0,0
ENSG00000117602.11,RCAN3,0.0,0.0,0
ENSG00000001461.16,NIPAL3,0.0,0.0,0
ENSG00000001460.17,STPG1,0.0,0.0,0
ENSG00000158055.15,GRHL3,0.0,0.0,0
ENSG00000142677.3,IL22RA1,0.0,0.0,0
ENSG00000011007.12,ELOA,0.0,9.658816e-05,1
ENSG00000188529.14,SRSF10,0.0,0.0,0
ENSG00000189266.11,PNRC2,0.0,0.0,0
ENSG00000229106.1,BTBD6P1,0.0,0.0,0
ENSG00000179163.11,FUCA1,0.0,0.0,0
ENSG00000117305.14,HMGCL,0.0,0.0,0
ENSG00000117308.14,GALE,0.0,0.0,0
ENSG00000011009.10,LYPLA2,0.0,0.0,0
ENSG00000117614.9,SYF2,0.0,7.816635e-06,1
ENSG00000117616.17,RSRP1,0.0,0.0,0
ENSG00000187010.19,RHD,0.0,0.0,0
ENSG00000224183.1,SDHDP6,0.0,0.0,0
ENSG00000175087.9,PDIK1L,0.0,0.0,0
ENSG00000158006.13,PAFAH2,0.0,0.0,0
ENSG00000117632.22,STMN1,0.0,1.4420523e-05,1
ENSG00000182749.5,PAQR7,0.0,0.0001821756,1
ENSG00000236528.1,RP1-125I3.2,0.0,3.5430014e-05,1
ENSG00000127423.10,AUNIP,0.0,0.0,0
ENSG00000272478.1,RP1-317E23.7,0.0,0.0,0
ENSG00000117640.17,MTFR1L,0.0,0.0,0
ENSG00000228172.5,RP1-317E23.3,0.0,0.0,0
ENSG00000162430.16,SELENON,0.0,0.0,0
ENSG00000117643.14,MAN1C1,0.0,0.0,0
ENSG00000157978.11,LDLRAP1,0.0,0.00017414169,1
ENSG00000204178.9,TMEM57,0.0,0.0,0
ENSG00000188672.17,RHCE,0.0,0.0,0
ENSG00000183726.10,TMEM50A,0.0,0.0,0
ENSG00000057757.9,PITHD1,0.0,0.0,0
ENSG00000142676.12,RPL11,0.0,0.0,0
ENSG00000158828.7,PINK1,0.0,0.0,0
ENSG00000117298.14,ECE1,0.0,0.0,0
ENSG00000142798.17,HSPG2,0.0,0.0,0
ENSG00000090686.15,USP48,0.0,0.0,0
ENSG00000076864.19,RAP1GAP,0.0,0.0,0
ENSG00000162551.13,ALPL,0.0,2.2130469e-05,1
ENSG00000142794.18,NBPF3,0.0,0.0,0
ENSG00000227001.3,NBPF2P,0.0,0.0,0
ENSG00000231105.1,RP5-1071N3.1,0.0,0.0,0
ENSG00000236073.2,RP11-487E1.2,0.0,0.0,0
ENSG00000197880.8,MDS2,0.0,0.0,0
ENSG00000233072.1,RPS15AP6,0.0,0.0,0
ENSG00000075151.20,EIF4G3,0.0,0.0,0
ENSG00000127483.17,HP1BP3,0.0,0.0,0
ENSG00000117245.12,KIF17,0.0,0.0,0
ENSG00000244038.9,DDOST,0.0,0.0,0
ENSG00000117242.7,PINK1-AS,0.0,0.0,0
ENSG00000284005.1,MIR6084,0.0,0.0,0
ENSG00000232037.3,RP11-26H16.1,0.0,0.0,0
ENSG00000142789.19,CELA3A,0.0,0.0,0
ENSG00000070831.15,CDC42,0.0,0.0,0
ENSG00000162552.14,WNT4,0.0,0.0,0
ENSG00000117318.8,ID3,0.0,0.0,0
ENSG00000007968.6,E2F2,0.0,0.0,0
ENSG00000088280.18,ASAP3,0.0,0.0,0
ENSG00000204219.9,TCEA3,0.0,0.0,0
ENSG00000249087.6,ZNF436-AS1,0.0,0.0,0
ENSG00000125945.14,ZNF436,0.0,0.0,0
ENSG00000125944.18,HNRNPR,0.0,0.0,0
ENSG00000179546.4,HTR1D,0.0,0.0008602324,1
ENSG00000169641.13,LUZP1,0.0,0.0,0
ENSG00000004487.15,KDM1A,0.0,0.0,0
ENSG00000133216.16,EPHB2,0.0,0.0,0
ENSG00000173369.15,C1QB,0.0,0.0,0
ENSG00000159189.11,C1QC,0.0,0.0,0
ENSG00000173372.16,C1QA,0.0,0.0,0
ENSG00000184677.16,ZBTB40,0.0,0.0,0
ENSG00000239149.1,SNORA59A,0.0,0.0,0
ENSG00000048707.13,VPS13D,0.0,0.0,0
ENSG00000028137.18,TNFRSF1B,0.0,0.0,0
ENSG00000008130.15,NADK,0.0,0.0,0
ENSG00000116151.13,MORN1,0.0,0.0,0
ENSG00000157933.9,SKI,0.0,0.0,0
ENSG00000162585.16,FAAP20,0.0,0.0,0
ENSG00000067606.16,PRKCZ,0.0,0.0,0
ENSG00000187730.8,GABRD,0.0,0.0,0
ENSG00000142609.17,CFAP74,0.0,0.0,0
ENSG00000078369.17,GNB1,0.0,0.0,0
ENSG00000215790.6,SLC35E2,0.0,0.0,0
ENSG00000235098.8,ANKRD65,0.0,0.0,0
ENSG00000248333.8,CDK11B,0.0,0.0,0
ENSG00000197530.12,MIB2,0.0,0.0,0
ENSG00000272106.1,RP11-345P4.9,0.0,0.0,0
ENSG00000160075.11,SSU72,0.0,0.0,0
ENSG00000197785.13,ATAD3A,0.0,0.0,0
ENSG00000160072.19,ATAD3B,0.0,0.0,0
ENSG00000215915.9,ATAD3C,0.0,0.0,0
ENSG00000157916.19,RER1,0.0,0.0,0
ENSG00000157911.9,PEX10,0.0,0.0,0
ENSG00000157881.13,PANK4,0.0,0.0,0
ENSG00000238164.6,RP3-395M20.8,0.0,0.0,0
ENSG00000069424.14,KCNAB2,0.0,0.0,0
ENSG00000131697.17,NPHP4,0.0,0.0,0
ENSG00000198912.10,C1orf174,0.0,0.0,0
ENSG00000169598.15,DFFB,0.0,0.0,0
ENSG00000116198.12,CEP104,0.0,0.0,0
ENSG00000130764.9,LRRC47,0.0,0.00031145095,1
ENSG00000235169.7,SMIM1,0.0,0.0,0
ENSG00000227372.11,TP73-AS1,0.0,0.0,0
ENSG00000078900.14,TP73,0.0,0.0,0
ENSG00000116213.15,WRAP73,0.0,0.0,0
ENSG00000158109.14,TPRG1L,0.0,0.0,0
ENSG00000162591.15,MEGF6,0.0,0.0,0
ENSG00000142611.16,PRDM16,0.0,0.0,0
ENSG00000157870.14,FAM213B,0.0,0.0,0
ENSG00000157873.17,TNFRSF14,0.0,0.0,0
ENSG00000179403.11,VWA1,0.0,0.0,0
ENSG00000264293.2,RN7SL657P,0.0,0.0,0
ENSG00000120949.14,TNFRSF8,0.0,0.0,0
ENSG00000187634.11,SAMD11,0.0,0.0010494887,1
ENSG00000242590.1,RP11-54O7.14,0.0,0.0,0
ENSG00000231702.2,RP11-54O7.10,0.0,0.00024700275,1
ENSG00000187608.8,ISG15,0.0,0.0,0
ENSG00000188290.10,HES4,0.0,0.0,0
ENSG00000187583.10,PLEKHN1,0.0,0.0,0
ENSG00000187961.13,KLHL17,0.0,0.0,0
ENSG00000188976.10,NOC2L,0.0,0.0,0
ENSG00000225880.5,LINC00115,0.0,0.0,0
ENSG00000242485.5,MRPL20,0.0,0.0,0
ENSG00000230092.7,RP11-206L10.8,0.0,0.0,0
ENSG00000237491.8,RP11-206L10.9,0.0,0.0,0
ENSG00000228327.3,RP11-206L10.2,0.0,0.0,0
ENSG00000248527.1,MTATP6P1,0.0,0.0,0
ENSG00000237094.11,RP4-669L17.10,0.0,0.0,0
ENSG00000279457.4,RP11-34P13.18,0.0,0.0,0
ENSG00000269981.1,RP11-34P13.16,0.0,0.0041938075,4
ENSG00000131591.17,C1orf159,0.0,0.0,0
ENSG00000207730.3,MIR200B,0.0,0.0,0
ENSG00000207607.3,MIR200A,0.0,0.0,0
ENSG00000162571.13,TTLL10,0.0,0.0,0
ENSG00000224870.6,RP4-758J18.2,0.0,0.0,0
ENSG00000221978.11,CCNL2,0.0,0.0,0
ENSG00000175756.13,AURKAIP1,0.0,0.0,0
ENSG00000162576.16,MXRA8,0.0,0.0,0
ENSG00000107404.19,DVL1,0.0,0.0,0
ENSG00000169962.4,TAS1R3,0.0,0.0,0
ENSG00000224051.6,CPTP,0.0,0.0,0
ENSG00000127054.20,INTS11,0.0,0.0,0
ENSG00000169972.11,PUSL1,0.0,0.0,0
ENSG00000131584.18,ACAP3,0.0,0.0,0
ENSG00000160087.20,UBE2J2,0.0,0.0,0
ENSG00000184163.3,C1QTNF12,0.0,0.0,0
ENSG00000078808.16,SDF4,0.0,0.0,0
ENSG00000186827.10,TNFRSF4,0.0,0.0,0
ENSG00000186891.13,TNFRSF18,0.0,0.0,0
ENSG00000116251.9,RPL22,0.0,0.0,0
ENSG00000158286.12,RNF207,0.0,0.0,0
ENSG00000116237.15,ICMT,0.0,0.0,0
ENSG00000120948.16,TARDBP,0.0,0.0,0
ENSG00000198793.12,MTOR,0.0,0.0,0
ENSG00000230337.1,RP4-635E18.6,0.0,0.0,0
ENSG00000226849.1,RP4-635E18.7,0.0,0.0,0
ENSG00000171824.13,EXOSC10,0.0,0.0,0
ENSG00000116649.9,SRM,0.0,0.0,0
ENSG00000271895.2,RP4-635E18.8,0.0,0.0,0
ENSG00000009724.16,MASP2,0.0,0.0,0
ENSG00000272078.1,RP4-734G22.3,0.0,0.0,0
ENSG00000158292.6,GPR153,0.0,0.0,0
ENSG00000130940.14,CASZ1,0.0,0.0,0
ENSG00000142655.12,PEX14,0.0,0.0,0
ENSG00000160049.11,DFFA,0.0,0.0,0
ENSG00000175279.21,CENPS,0.0,0.0,0
ENSG00000142657.20,PGD,0.0,0.0,0
ENSG00000054523.17,KIF1B,0.0,0.0,0
ENSG00000130939.18,UBE4B,0.0,0.0,0
ENSG00000225602.5,MTOR-AS1,0.0,0.0,0
ENSG00000171819.4,ANGPTL7,0.0,0.0,0
ENSG00000238173.1,RPL39P6,0.0,0.0,0
ENSG00000120942.13,UBIAD1,0.0,0.0,0
ENSG00000116691.10,MIIP,0.0,0.0,0
ENSG00000116688.16,MFN2,0.0,0.0,0
ENSG00000083444.16,PLOD1,0.0,7.1829316e-05,1
ENSG00000116685.15,KIAA2013,0.0,0.0,0
ENSG00000199347.1,RNU5E-1,0.0,0.0,0
ENSG00000275915.1,NPPA-AS1_3,0.0,0.0,0
ENSG00000175206.10,NPPA,0.0,0.0,0
ENSG00000242349.5,NPPA-AS1,0.0,0.0,0
ENSG00000011021.21,CLCN6,0.0,0.0,0
ENSG00000177000.10,MTHFR,0.0,0.0,0
ENSG00000177674.15,AGTRAP,0.0,0.0,0
ENSG00000116670.14,MAD2L2,0.0,0.0,0
ENSG00000116663.10,FBXO6,0.0,0.0016646668,1
ENSG00000132879.13,FBXO44,0.0,0.0,0
ENSG00000116661.9,FBXO2,0.0,0.0,0
ENSG00000162444.11,RBP7,0.0,0.0,0
ENSG00000173614.13,NMNAT1,0.0,0.0,0
ENSG00000162441.11,LZIC,0.0,0.0,0
ENSG00000116288.12,PARK7,0.0,0.0,0
ENSG00000049247.13,UTS2,0.0,0.0,0
ENSG00000236266.1,RP3-467L1.4,0.0,0.0,0
ENSG00000049246.14,PER3,0.0,0.0,0
ENSG00000049245.12,VAMP3,0.0,0.0,0
ENSG00000171735.18,CAMTA1,0.0,0.0,0
ENSG00000007923.15,DNAJC11,0.0,0.00022132858,1
ENSG00000041988.15,THAP3,0.0,0.0,0
ENSG00000116273.5,PHF13,0.0,0.0,0
ENSG00000162413.16,KLHL21,0.0,0.0,0
ENSG00000204859.12,ZBTB48,0.0,0.0,0
ENSG00000162408.10,NOL9,0.0,0.0,0
ENSG00000171680.21,PLEKHG5,0.0,0.0,0
ENSG00000215788.9,TNFRSF25,0.0,0.0,0
ENSG00000187017.15,ESPN,0.0,0.0,0
ENSG00000097021.19,ACOT7,0.0,0.0,0
ENSG00000049249.8,TNFRSF9,0.0,0.0,0
ENSG00000116285.12,ERRFI1,0.0,0.0,0
ENSG00000271264.1,MZT1P1,0.0,0.0,0
ENSG00000162426.14,SLC45A1,0.0,0.0,0
ENSG00000171603.16,CLSTN1,0.0,0.0,0
ENSG00000179840.5,PIK3CD-AS1,0.0,0.0,0
ENSG00000171608.15,PIK3CD,0.0,1.9879331e-05,1
ENSG00000231181.1,RP13-15M17.1,0.0,0.0,0
ENSG00000171612.6,SLC25A33,0.0,0.0,0
ENSG00000171621.13,SPSB1,0.0,0.0,0
ENSG00000049239.12,H6PD,0.0,0.0,0
ENSG00000234546.3,LINC01759,0.0,0.0,0
ENSG00000284357.1,MIR34A,0.0,0.00024103184,1
ENSG00000180758.11,GPR157,0.0,0.0,0
ENSG00000142583.17,SLC2A5,0.0,0.0,0
ENSG00000074800.13,ENO1,0.0,0.0,0
ENSG00000224315.2,RPL7P7,0.0,0.0,0
ENSG00000234619.1,RPL7P11,0.0,0.0,0
ENSG00000142599.17,RERE,0.0,0.0,0
ENSG00000236782.6,RP11-96L14.7,0.0,0.0,0
ENSG00000142684.8,ZNF593,0.0,0.0,0
ENSG00000142675.17,CNKSR1,0.0,0.0,0
ENSG00000084073.8,ZMPSTE24,0.0,0.00017986898,1
ENSG00000227278.1,RP11-656D10.5,0.0,0.0,0
ENSG00000164002.11,EXO5,0.0,0.0,0
ENSG00000187815.9,ZFP69,0.0,0.0,0
ENSG00000187801.14,ZFP69B,0.0,0.0,0
ENSG00000084070.11,SMAP2,0.0,0.0,0
ENSG00000049089.13,COL9A2,0.0,0.0,0
ENSG00000231296.1,RP1-39G22.4,0.0,0.0,0
ENSG00000117000.8,RLF,0.0,0.0,0
ENSG00000084072.16,PPIE,0.0,0.0,0
ENSG00000131238.16,PPT1,0.0,0.0,0
ENSG00000131236.16,CAP1,0.0,0.0,0
ENSG00000228477.1,RP3-342P20.2,0.0,0.0,0
ENSG00000168389.17,MFSD2A,0.0,0.0,0
ENSG00000236546.1,RP1-118J21.5,0.0,0.0,0
ENSG00000116990.10,MYCL,0.0,0.00028333947,1
ENSG00000043514.15,TRIT1,0.0,0.0,0
ENSG00000117010.15,ZNF684,0.0,0.0,0
ENSG00000272145.1,NFYC-AS1,0.0,9.888354e-05,1
ENSG00000066136.20,NFYC,0.0,0.0,0
ENSG00000117013.14,KCNQ4,0.0,0.0,0
ENSG00000171960.10,PPIH,0.0,0.0,0
ENSG00000236876.3,TMSB4XP1,0.0,0.0,0
ENSG00000186409.14,CCDC30,0.0,0.0,0
ENSG00000127125.8,PPCS,0.0,0.0,0
ENSG00000066185.12,ZMYND12,0.0,0.0,0
ENSG00000177181.14,RIMKLA,0.0,0.0,0
ENSG00000198815.8,FOXJ3,0.0,0.0,0
ENSG00000197273.3,GUCA2A,0.0,0.0,0
ENSG00000127124.14,HIVEP3,0.0,0.0,0
ENSG00000127129.9,EDN2,0.0,0.0,0
ENSG00000204060.6,FOXO6,0.0,0.0,0
ENSG00000010803.16,SCMH1,0.0,0.0,0
ENSG00000171790.15,SLFNL1,0.0,0.0,0
ENSG00000281207.1,SLFNL1-AS1,0.0,0.0,0
ENSG00000171793.13,CTPS1,0.0,0.0,0
ENSG00000116985.11,BMP8B,0.0,0.0,0
ENSG00000163909.7,HEYL,0.0,0.0,0
ENSG00000116885.18,OSCP1,0.0,0.0,0
ENSG00000134697.12,GNL2,0.0,0.0,0
ENSG00000197982.13,C1orf122,0.0,0.0,0
ENSG00000196449.3,YRDC,0.0,0.0,0
ENSG00000233728.1,RP11-109P14.9,0.0,0.0,0
ENSG00000185090.14,MANEAL,0.0,0.0,0
ENSG00000183317.16,EPHA10,0.0,0.0,0
ENSG00000134690.10,CDCA8,0.0,0.0,0
ENSG00000116922.14,C1orf109,0.0,0.0,0
ENSG00000163879.10,DNALI1,0.0,0.0,0
ENSG00000201457.1,SNORA55,0.0,0.00010749033,1
ENSG00000237749.4,RP3-423B22.5,0.0,0.0,0
ENSG00000232273.1,FTH1P1,0.0,0.0,0
ENSG00000163877.10,SNIP1,0.0,0.0,0
ENSG00000163875.15,MEAF6,0.0,0.0,0
ENSG00000163874.10,ZC3H12A,0.0,0.0,0
ENSG00000119535.17,CSF3R,0.0,0.0,0
ENSG00000116898.11,MRPS15,0.0,0.0,0
ENSG00000188786.9,MTF1,0.0,0.00016494279,1
ENSG00000204084.12,INPP5B,0.0,0.0,0
ENSG00000183431.11,SF3A3,0.0,0.0,0
ENSG00000183386.9,FHL3,0.0,0.0,0
ENSG00000228060.1,RP11-69E11.8,0.0,0.0,0
ENSG00000090621.13,PABPC4,0.0,0.0,0
ENSG00000182109.7,RP11-69E11.4,0.0,0.001064913,3
ENSG00000183682.7,BMP8A,0.0,0.0,0
ENSG00000217897.2,HSPE1P8,0.0,0.0,0
ENSG00000226438.1,RP11-420K8.1,0.0,0.0,0
ENSG00000127603.23,MACF1,0.0,0.0,0
ENSG00000168653.10,NDUFS5,0.0,0.0,0
ENSG00000174574.15,AKIRIN1,0.0,0.0,0
ENSG00000158315.10,RHBDL2,0.0,0.0,0
ENSG00000131233.9,GJA9,0.0,0.0,0
ENSG00000214114.8,MYCBP,0.0,0.0,0
ENSG00000228436.2,RP5-864K19.4,0.0,0.0,0
ENSG00000116954.7,RRAGC,0.0,0.0,0
ENSG00000183520.11,UTP11,0.0,0.0,0
ENSG00000065978.18,YBX1,0.0,0.0,0
ENSG00000117385.15,P3H1,0.0,0.0,0
ENSG00000164008.14,C1orf50,0.0,0.0,0
ENSG00000173846.12,PLK3,0.0,0.0,0
ENSG00000126088.13,UROD,0.0,0.0,0
ENSG00000126107.14,HECTD3,0.0,0.0,0
ENSG00000229815.1,CCNB1IP1P1,0.0,0.0,0
ENSG00000070785.16,EIF2B3,0.0,0.0,0
ENSG00000117425.13,PTCH2,0.0,0.0,0
ENSG00000222009.8,BTBD19,0.0,0.0,0
ENSG00000188396.3,TCTEX1D4,0.0,0.0,0
ENSG00000234093.3,RPS15AP11,0.0,0.0,0
ENSG00000177868.11,SVBP,0.0,0.0,0
ENSG00000281859.1,SNORD38B,0.0,0.0,0
ENSG00000207421.1,SNORD38B,0.0,0.0,0
ENSG00000202031.1,SNORD38A,0.0,0.0,0
ENSG00000200913.1,SNORD46,0.0,0.0,0
ENSG00000264294.1,SNORD55,0.0,0.0,0
ENSG00000142937.11,RPS8,0.0,0.0,0
ENSG00000225721.5,RP11-269F19.2,0.0,0.0,0
ENSG00000162415.6,ZSWIM5,0.0,0.0,0
ENSG00000132781.17,MUTYH,0.0,0.0,0
ENSG00000132773.11,TOE1,0.0,0.0003140229,1
ENSG00000070759.16,TESK2,0.0,0.0,0
ENSG00000117461.14,PIK3R3,0.0,0.0,0
ENSG00000232467.2,TMA16P2,0.0,0.0,0
ENSG00000086015.20,MAST2,0.0,0.0,0
ENSG00000197429.10,IPP,0.0,0.0,0
ENSG00000159596.6,TMEM69,0.0,0.0,0
ENSG00000234329.1,RP11-767N6.2,0.0,0.0,0
ENSG00000225447.1,RPS15AP10,0.0,0.0,0
ENSG00000159592.10,GPBP1L1,0.0,0.0,0
ENSG00000159588.14,CCDC17,0.0,0.0,0
ENSG00000132780.16,NASP,0.0,0.0,0
ENSG00000117448.13,AKR1A1,0.0,0.0,0
ENSG00000117450.13,PRDX1,0.0,0.0,0
ENSG00000132763.14,MMACHC,0.0,0.0,0
ENSG00000280670.2,CCDC163,0.0,0.0,0
ENSG00000236872.1,RP11-291L19.1,0.0,0.0,0
ENSG00000142945.12,KIF2C,0.0,0.0,0
ENSG00000198520.10,C1orf228,0.0,0.0,0
ENSG00000126106.13,TMEM53,0.0,0.0,0
ENSG00000198198.15,SZT2,0.0,0.0,0
ENSG00000159479.16,MED8,0.0,0.0,0
ENSG00000066322.14,ELOVL1,0.0,0.0,0
ENSG00000117399.13,CDC20,0.0,0.0,0
ENSG00000117400.16,MPL,0.0,0.0,0
ENSG00000066056.13,TIE1,0.0,0.0,0
ENSG00000253313.5,C1orf210,0.0,0.0,0
ENSG00000179178.10,TMEM125,0.0,0.00018411686,1
ENSG00000243710.7,CFAP57,0.0,0.0,0
ENSG00000117395.12,EBNA1BP2,0.0,0.0,0
ENSG00000186973.10,FAM183A,0.0,0.0,0
ENSG00000284138.1,RP5-848E13.5,0.0,0.0,0
ENSG00000117394.20,SLC2A1,0.0,0.0,0
ENSG00000164011.17,ZNF691,0.0,0.0,0
ENSG00000228192.7,RP11-342M1.3,0.0,0.0,0
ENSG00000164010.13,ERMAP,0.0,0.0,0
ENSG00000229431.1,RP1-92O14.6,0.0,0.0,0
ENSG00000229372.1,SZT2-AS1,0.0,0.0,0
ENSG00000187147.17,RNF220,0.0,0.0,0
ENSG00000178922.16,HYI,0.0,0.0,0
ENSG00000117419.14,ERI3,0.0,0.0,0
ENSG00000178028.13,DMAP1,0.0,0.0,0
ENSG00000233514.1,RP11-570P14.1,0.0,0.0,0
ENSG00000271647.1,KRT8P47,0.0,0.0,0
ENSG00000196517.11,SLC6A9,0.0,0.0,0
ENSG00000159214.12,CCDC24,0.0,0.0,0
ENSG00000117411.16,B4GALT2,0.0,0.0,0
ENSG00000117410.13,ATP6V0B,0.0,0.0,0
ENSG00000132768.13,DPH2,0.0,0.0,0
ENSG00000117408.10,IPO13,0.0,0.0,0
ENSG00000224751.2,SHMT1P1,0.0,0.0,0
ENSG00000233674.2,RP11-184I16.3,0.0,0.0,0
ENSG00000126091.19,ST3GAL3,0.0,0.0,0
ENSG00000066135.12,KDM4A,0.0,0.0,0
ENSG00000142949.16,PTPRF,0.0,0.0,0
ENSG00000201448.1,SNORA63,0.0,0.0,0
ENSG00000181817.5,LSM10,0.0,0.00062721915,1
ENSG00000130695.14,CEP85,0.0,0.0,0
ENSG00000204138.12,PHACTR4,0.0,0.0,0
ENSG00000221539.1,SNORD99,0.0,0.0,0
ENSG00000180098.9,TRNAU1AP,0.0,0.0,0
ENSG00000231468.2,PRDX3P2,0.0,0.0,0
ENSG00000200087.1,SNORA73B,0.0,0.0,0
ENSG00000274266.1,SNORA73A,0.0,0.0,0
ENSG00000180198.15,RCC1,0.0,0.0,0
ENSG00000229820.2,RP1-308E4.1,0.0,0.0,0
ENSG00000130772.13,MED18,0.0,0.0,0
ENSG00000130775.15,THEMIS2,0.0,0.0,0
ENSG00000130766.4,SESN2,0.0,0.00029750998,1
ENSG00000130770.17,ATPIF1,0.0,0.0,0
ENSG00000126698.10,DNAJC8,0.0,0.0,0
ENSG00000169403.11,PTAFR,0.0,0.0,0
ENSG00000228589.3,SPCS2P4,0.0,0.00023536035,1
ENSG00000158161.15,EYA3,0.0,0.0,0
ENSG00000158156.7,XKR8,0.0,0.0,0
ENSG00000278274.1,SNORA61,0.0,0.00023866312,1
ENSG00000273544.1,SNORA44,0.0,2.6786638e-05,1
ENSG00000280498.1,SNORA16A,0.0,0.0,0
ENSG00000274582.1,SNORA16A,0.0,0.0,0
ENSG00000060688.12,SNRNP40,0.0,0.0,0
ENSG00000134644.15,PUM1,0.0,0.0,0
ENSG00000162512.15,SDC3,0.0,0.0,0
ENSG00000162511.7,LAPTM5,0.0,0.0,0
ENSG00000060656.19,PTPRU,0.0,0.0,0
ENSG00000116353.15,MECR,0.0,0.0,0
ENSG00000116350.16,SRSF4,0.0,0.0,0
ENSG00000225616.2,RP4-604A21.1,0.0,0.0,0
ENSG00000159023.19,EPB41,0.0,0.0,0
ENSG00000198492.15,YTHDF2,0.0,0.0,0
ENSG00000162419.12,GMEB1,0.0,0.0,0
ENSG00000274978.1,RNU11,0.0,0.0,0
ENSG00000270103.3,RNU11,0.0,0.0,0
ENSG00000188060.7,RAB42,0.0,0.0,0
ENSG00000120656.11,TAF12,0.0,0.0,0
ENSG00000117748.9,RPA2,0.0,0.0,0
ENSG00000252947.1,SCARNA1,0.0,0.0,0
ENSG00000196182.10,STK40,0.0,0.0003916958,1
ENSG00000117713.18,ARID1A,0.0,0.0008811174,1
ENSG00000131910.4,NR0B2,0.0,0.0,0
ENSG00000090273.13,NUDC,0.0,0.0,0
ENSG00000198746.12,GPATCH3,0.0,0.0,0
ENSG00000142751.14,GPN2,0.0,0.0,0
ENSG00000175793.11,SFN,0.0,0.0,0
ENSG00000204160.11,ZDHHC18,0.0,0.0,0
ENSG00000060642.10,PIGV,0.0,0.0,0
ENSG00000117676.13,RPS6KA1,0.0,0.0,0
ENSG00000117751.17,PPP1R8,0.0,0.0,0
ENSG00000198830.10,HMGN2,0.0,0.00054489274,2
ENSG00000223583.1,RP3-476K8.4,0.0,0.0,0
ENSG00000117682.16,DHDDS,0.0,0.0,0
ENSG00000176083.17,ZNF683,0.0,0.0,0
ENSG00000169442.8,CD52,0.0,0.0,0
ENSG00000158062.20,UBXN11,0.0,0.0,0
ENSG00000142669.14,SH3BGRL3,0.0,0.0,0
ENSG00000175707.8,KDF1,0.0,0.0,0
ENSG00000158246.7,FAM46B,0.0,0.0,0
ENSG00000090020.10,SLC9A1,0.0,0.0,0
ENSG00000142784.15,WDTC1,0.0,0.00020230349,1
ENSG00000117758.13,STX12,0.0,0.0,0
ENSG00000230833.1,RPEP3,0.0,0.0,0
ENSG00000231344.1,RP3-426I6.2,0.0,0.0,0
ENSG00000009780.15,FAM76A,0.0,0.0,0
ENSG00000126709.14,IFI6,0.0,0.0026278917,2
ENSG00000235912.1,RP1-159A19.3,0.0,0.0,0
ENSG00000000938.12,FGR,0.0,0.0,0
ENSG00000126705.13,AHDC1,0.0,0.0,0
ENSG00000158195.10,WASF2,0.0,0.0,0
ENSG00000181773.6,GPR3,0.0,0.0,0
ENSG00000142748.12,FCN3,0.0,0.0,0
ENSG00000142733.14,MAP3K6,0.0,0.0,0
ENSG00000142765.17,SYTL1,0.0,0.0,0
ENSG00000241547.1,ACTG1P20,0.0,0.0,0
ENSG00000186501.14,TMEM222,0.0,0.0,0
ENSG00000229447.2,RP11-490K7.4,0.0,0.0,0
ENSG00000121766.15,ZCCHC17,0.0,0.0,0
ENSG00000229044.1,RP11-266K22.2,0.0,0.0,0
ENSG00000188910.7,GJB3,0.0,0.0,0
ENSG00000229994.1,RPL5P4,0.0,0.0,0
ENSG00000201542.1,SNORA62,0.0,0.0,0
ENSG00000116560.10,SFPQ,0.0,0.0,0
ENSG00000197056.9,ZMYM1,0.0,0.0,0
ENSG00000243749.1,TMEM35B,0.0,0.0,0
ENSG00000241014.1,RP11-244H3.1,0.0,0.0,0
ENSG00000187513.8,GJA4,0.0,0.0,0
ENSG00000255811.1,RP1-34M23.5,0.0,0.0,0
ENSG00000121769.7,FABP3,0.0,0.0,0
ENSG00000189433.5,GJB4,0.0,0.0,0
ENSG00000189280.3,GJB5,0.0,0.0,0
ENSG00000163866.8,SMIM12,0.0,0.0,0
ENSG00000121904.17,CSMD2,0.0,0.0016219435,1
ENSG00000121903.14,ZSCAN20,0.0,0.0,0
ENSG00000284154.1,MIR3605,0.0,0.0,0
ENSG00000134686.18,PHC2,0.0,0.0002976764,1
ENSG00000227409.1,ZMYM4-AS1,0.0,0.0,0
ENSG00000142687.17,KIAA0319L,0.0,0.0,0
ENSG00000020129.15,NCDN,0.0,0.0,0
ENSG00000116819.6,TFAP2E,0.0,0.00017076996,1
ENSG00000116883.8,RP11-268J15.5,0.0,0.00013055735,1
ENSG00000142694.6,EVA1B,0.0,0.0,0
ENSG00000054118.13,THRAP3,0.0,0.0,0
ENSG00000116871.15,MAP7D1,0.0,0.0,0
ENSG00000054116.11,TRAPPC3,0.0,0.0,0
ENSG00000116863.10,ADPRHL2,0.0,0.0,0
ENSG00000092850.11,TEKT2,0.0,0.0,0
ENSG00000271554.1,RP4-665N4.8,0.0,8.308371e-05,1
ENSG00000126070.19,AGO3,0.0,0.0,0
ENSG00000092847.11,AGO1,0.0,0.0,0
ENSG00000134698.10,AGO4,0.0,0.00020797225,1
ENSG00000232335.1,RP11-435D7.3,0.0,0.0,0
ENSG00000092853.13,CLSPN,0.0,0.0,0
ENSG00000142686.7,C1orf216,0.0,0.0,0
ENSG00000126067.11,PSMB2,0.0,0.0,0
ENSG00000160094.14,ZNF362,0.0,0.0,0
ENSG00000116525.13,TRIM62,0.0,0.0,0
ENSG00000142920.16,AZIN2,0.0,0.0,0
ENSG00000183615.5,FAM167B,0.0,0.0,0
ENSG00000160055.19,TMEM234,0.0,0.0,0
ENSG00000222046.2,DCDC2B,0.0,0.0,0
ENSG00000224066.1,RP4-622L5.7,0.0,0.0,0
ENSG00000160050.14,CCDC28B,0.0,0.0,0
ENSG00000084652.15,TXLNA,0.0,0.0,0
ENSG00000250135.1,RP4-622L5.2,0.0,0.0,0
ENSG00000025800.13,KPNA6,0.0,0.0,0
ENSG00000121775.17,TMEM39B,0.0,0.0,0
ENSG00000121774.17,KHDRBS1,0.0,0.0,0
ENSG00000184007.18,PTP4A2,0.0,0.0,0
ENSG00000134668.12,SPOCD1,0.0,0.0,0
ENSG00000121753.12,ADGRB2,0.0,0.0019152006,1
ENSG00000084636.17,COL16A1,0.0,0.0,0
ENSG00000162517.12,PEF1,0.0,0.0,0
ENSG00000168528.11,SERINC2,0.0,0.0,0
ENSG00000084623.11,EIF3I,0.0,0.0,0
ENSG00000182866.16,LCK,0.0,0.0,0
ENSG00000004455.16,AK2,0.0,0.0,0
ENSG00000116478.11,HDAC1,0.0,0.0,0
ENSG00000236065.2,RP1-117O3.2,0.0,0.0,0
ENSG00000116514.16,RNF19B,0.0,0.0,0
ENSG00000121900.18,TMEM54,0.0,0.0,0
ENSG00000121905.9,HPCA,0.0,0.0,0
ENSG00000116497.17,S100PBP,0.0,0.00018924227,1
ENSG00000134684.10,YARS,0.0,0.004852301,1
ENSG00000162522.10,KIAA1522,0.0,0.0,0
ENSG00000162520.14,SYNC,0.0,0.0,0
ENSG00000162521.18,RBBP4,0.0,0.0,0
ENSG00000176261.15,ZBTB8OS,0.0,0.0,0
ENSG00000160062.14,ZBTB8A,0.0,0.0,0
ENSG00000160058.18,BSDC1,0.0,0.0,0
ENSG00000225828.1,FAM229A,0.0,0.0,0
ENSG00000162526.6,TSSK3,0.0,0.0,0
ENSG00000175130.6,MARCKSL1,0.0,0.0,0
ENSG00000163216.6,SPRR2D,0.0,0.0,0
ENSG00000203785.8,SPRR2E,0.0,0.00018478726,1
ENSG00000225420.1,AC104134.2,0.0,0.0,0
ENSG00000183891.5,TTC32,0.0,0.0,0
ENSG00000118960.12,HS1BP3,0.0,0.0,0
ENSG00000143878.9,RHOB,0.0,0.0,0
ENSG00000055917.15,PUM2,0.0,0.0,0
ENSG00000115884.10,SDC1,0.0,0.0,0
ENSG00000068697.6,LAPTM4A,0.0,0.0,0
ENSG00000132031.12,MATN3,0.0,0.0,0
ENSG00000118965.14,WDR35,0.0,0.0,0
ENSG00000143867.6,OSR1,0.0,0.0,0
ENSG00000079785.14,DDX1,0.0,0.0,0
ENSG00000185013.16,NT5C1B,0.0,0.0,0
ENSG00000240857.1,RDH14,0.0,0.0,0
ENSG00000170745.11,KCNS3,0.0,0.0,0
ENSG00000178295.14,GEN1,0.0,0.0,0
ENSG00000163029.15,SMC6,0.0,0.0,0
ENSG00000163032.11,VSNL1,0.0,0.0,0
ENSG00000197872.11,FAM49A,0.0,0.0,0
ENSG00000233416.1,AC012065.5,0.0,0.0,0
ENSG00000118961.14,LDAH,0.0,0.0,0
ENSG00000084674.14,APOB,0.0,0.0,0
ENSG00000280390.1,AC010872.1,0.0,0.0,0
ENSG00000242628.5,AC009228.1,0.0,0.0,0
ENSG00000198399.14,ITSN2,0.0,0.0,0
ENSG00000176732.6,PFN4,0.0,0.0,0
ENSG00000115129.13,TP53I3,0.0,0.0,0
ENSG00000219626.8,FAM228B,0.0,0.0,0
ENSG00000115128.6,SF3B6,0.0,0.0,0
ENSG00000119782.13,FKBP1B,0.0,0.0,0
ENSG00000163026.11,WDCP,0.0,0.0,0
ENSG00000205639.9,MFSD2B,0.0,0.0,0
ENSG00000234946.1,SDHCP3,0.0,0.0,0
ENSG00000173960.13,UBXN2A,0.0,0.0,0
ENSG00000224464.2,PGAM1P6,0.0,0.0,0
ENSG00000119778.14,ATAD2B,0.0,0.0,0
ENSG00000224361.1,AC011239.1,0.0,0.0,0
ENSG00000119771.14,KLHL29,0.0,0.0,0
ENSG00000134323.11,MYCN,0.0,0.0,0
ENSG00000151779.12,NBAS,0.0,0.0,0
ENSG00000233747.1,RPL36AP13,0.0,0.0,0
ENSG00000151693.9,ASAP2,0.0,0.0,0
ENSG00000115750.16,TAF1B,0.0,0.0,0
ENSG00000134308.13,YWHAQ,0.0,0.0,0
ENSG00000151694.12,ADAM17,0.0,0.0,0
ENSG00000134330.18,IAH1,0.0,0.0,0
ENSG00000119203.13,CPSF3,0.0,0.0,0
ENSG00000119185.12,ITGB1BP1,0.0,0.0005594855,2
ENSG00000213772.3,EIF1P7,0.0,0.0,0
ENSG00000143797.11,MBOAT2,0.0,0.0,0
ENSG00000162981.13,FAM84A,0.0,0.0011829229,1
ENSG00000134313.15,KIDINS220,0.0,0.0,0
ENSG00000115738.9,ID2,0.0,0.00037239835,1
ENSG00000151692.14,RNF144A,0.0,0.0,0
ENSG00000134321.11,RSAD2,0.0,0.0,0
ENSG00000134326.11,CMPK2,0.0,0.0,0
ENSG00000188765.7,TMSB4XP2,0.0,0.0,0
ENSG00000118004.17,COLEC11,0.0,0.0,0
ENSG00000134317.17,GRHL1,0.0,0.0,0
ENSG00000172059.10,KLF11,0.0,0.0,0
ENSG00000171848.13,RRM2,0.0,0.0,0
ENSG00000163009.8,C2orf48,0.0,0.0,0
ENSG00000071575.11,TRIB2,0.0,0.0,0
ENSG00000134324.11,LPIN1,0.0,0.0,0
ENSG00000196208.13,GREB1,0.0,0.0,0
ENSG00000169016.16,E2F6,0.0,0.0,0
ENSG00000230154.1,AC018463.4,0.0,0.0,0
ENSG00000134318.13,ROCK2,0.0,0.0,0
ENSG00000162976.12,PQLC3,0.0,0.00049712445,1
ENSG00000143870.12,PDIA6,0.0,0.0,0
ENSG00000143882.10,ATP6V1C2,0.0,0.0,0
ENSG00000234818.1,AC092687.5,0.0,0.0,0
ENSG00000115761.15,NOL10,0.0,0.0,0
ENSG00000206633.1,SNORA80B,0.0,0.0,0
ENSG00000115758.12,ODC1,0.0,0.0,0
ENSG00000115756.12,HPCAL1,0.0,0.0,0
ENSG00000206647.1,SNORA2,0.0,0.0008440624,1
ENSG00000232963.1,HMGN2P20,0.0,0.0,0
ENSG00000084676.15,NCOA1,0.0,0.0,0
ENSG00000158089.14,GALNT14,0.0,0.0,0
ENSG00000115226.9,FNDC4,0.0,0.0,0
ENSG00000163798.13,SLC4A1AP,0.0,0.0,0
ENSG00000119760.15,SUPT7L,0.0,0.0,0
ENSG00000198522.13,GPN1,0.0,0.0,0
ENSG00000176714.9,CCDC121,0.0,0.0,0
ENSG00000243943.9,ZNF512,0.0,0.0,0
ENSG00000221843.4,C2orf16,0.0,0.0,0
ENSG00000084734.8,GCKR,0.0,0.0,0
ENSG00000138002.14,IFT172,0.0,0.0,0
ENSG00000234945.7,GTF3C2-AS1,0.0,0.0,0
ENSG00000157992.12,KRTCAP3,0.0,0.0,0
ENSG00000115216.13,NRBP1,0.0,0.0,0
ENSG00000213453.3,FTH1P3,0.0,0.0,0
ENSG00000115241.10,PPM1G,0.0,0.0,0
ENSG00000163795.13,ZNF513,0.0,0.0,0
ENSG00000115234.10,SNX17,0.0,0.0,0
ENSG00000115211.15,EIF2B4,0.0,0.0,0
ENSG00000243147.7,MRPL33,0.0,0.0,0
ENSG00000171174.13,RBKS,0.0,0.0,0
ENSG00000158019.20,BRE,0.0,0.0,0
ENSG00000270528.1,RP11-674I16.2,0.0,0.0,0
ENSG00000172954.13,LCLAT1,0.0,0.0,0
ENSG00000213626.11,LBH,0.0,0.0,0
ENSG00000207187.1,SNORA64,0.0,0.0,0
ENSG00000119801.12,YPEL5,0.0,8.275393e-05,1
ENSG00000171094.16,ALK,0.0,0.0,0
ENSG00000115295.19,CLIP4,0.0,0.0,0
ENSG00000265145.1,SNORD53,0.0,0.0,0
ENSG00000264994.1,SNORD92,0.0,0.0,0
ENSG00000163811.11,WDR43,0.0,0.0,0
ENSG00000171103.10,TRMT61B,0.0,0.00067762577,1
ENSG00000163806.15,SPDYA,0.0,0.0,0
ENSG00000213639.9,PPP1CB,0.0,0.0,0
ENSG00000163803.12,PLB1,0.0,0.0003109955,1
ENSG00000075426.11,FOSL2,0.0,0.00021437711,1
ENSG00000225991.1,RPL23AP34,0.0,0.00023438374,1
ENSG00000234072.1,AC074117.10,0.0,0.0,0
ENSG00000115207.13,GTF3C2,0.0,0.0,0
ENSG00000184924.5,PTRHD1,0.0,0.0,0
ENSG00000143970.16,ASXL2,0.0,0.0,0
ENSG00000084754.10,HADHA,0.0,0.0,0
ENSG00000231655.1,AC011742.3,0.0,0.0,0
ENSG00000084733.10,RAB10,0.0,0.0,0
ENSG00000084731.14,KIF3C,0.0,0.0,0
ENSG00000218682.1,AC010150.1,0.0,0.0,0
ENSG00000217643.1,PTGES3P2,0.0,0.0,0
ENSG00000187536.4,TPM3P7,0.0,0.0,0
ENSG00000224220.1,AC104699.1,0.0,0.0,0
ENSG00000163794.6,UCN,0.0,0.0,0
ENSG00000138101.18,DTNB,0.0,0.0,0
ENSG00000119772.16,DNMT3A,0.0,0.0,0
ENSG00000084710.13,EFR3B,0.0,0.0,0
ENSG00000115137.11,DNAJC27,0.0,0.0,0
ENSG00000271936.1,RP11-443B20.1,0.0,0.0,0
ENSG00000138031.14,ADCY3,0.0,0.0009937102,1
ENSG00000138092.10,CENPO,0.0,0.0,0
ENSG00000138029.13,HADHB,0.0,0.0,0
ENSG00000173567.14,ADGRF3,0.0,0.002519164,1
ENSG00000138018.17,SELENOI,0.0,0.0,0
ENSG00000157856.10,DRC1,0.0,0.0,0
ENSG00000084774.13,CAD,0.0,0.0,0
ENSG00000138085.16,ATRAID,0.0,0.0,0
ENSG00000138074.14,SLC5A6,0.0,0.00032402898,1
ENSG00000138073.13,PREB,0.0,0.0,0
ENSG00000143994.13,ABHD1,0.0,0.0,0
ENSG00000138028.15,CGREF1,0.0,0.0,0
ENSG00000138030.12,KHK,0.0,0.0,0
ENSG00000138080.13,EMILIN1,0.0,0.0,0
ENSG00000228474.5,OST4,0.0,0.0,0
ENSG00000272056.1,RP11-503P10.1,0.0,0.0,0
ENSG00000084693.15,AGBL5,0.0,0.0,0
ENSG00000119777.18,TMEM214,0.0,0.0,0
ENSG00000084764.10,MAPRE3,0.0,0.0,0
ENSG00000115163.14,CENPA,0.0,0.0,0
ENSG00000173557.14,C2orf70,0.0,0.0,0
ENSG00000171863.12,RPS7,0.0,0.0,0
ENSG00000171865.9,RNASEH1,0.0,0.0,0
ENSG00000182551.13,ADI1,0.0,0.0,0
ENSG00000173409.13,ARV1,0.0,0.0,0
ENSG00000116918.13,TSNAX,0.0,0.0,0
ENSG00000135766.8,EGLN1,0.0,0.0,0
ENSG00000010072.15,SPRTN,0.0,0.0,0
ENSG00000116903.7,EXOC8,0.0,0.0,0
ENSG00000116906.11,GNPAT,0.0,0.0,0
ENSG00000143633.12,C1orf131,0.0,0.0,0
ENSG00000227934.1,RP11-423F24.3,0.0,0.0,0
ENSG00000143643.12,TTC13,0.0,0.0,0
ENSG00000069248.11,NUP133,0.0,0.0,0
ENSG00000119280.16,C1orf198,0.0,0.0,0
ENSG00000135773.12,CAPN9,0.0,0.0,0
ENSG00000135744.7,AGT,0.0,0.0,0
ENSG00000135775.13,COG2,0.0,0.0,0
ENSG00000143641.9,GALNT2,0.0,0.0,0
ENSG00000135763.9,URB2,0.0,0.0,0
ENSG00000135801.9,TAF5L,0.0,0.0,0
ENSG00000162946.21,DISC1,0.0,0.0,0
ENSG00000116991.10,SIPA1L2,0.0,0.0,0
ENSG00000212916.4,MAP10,0.0,0.0,0
ENSG00000135778.11,NTPCR,0.0,0.0,0
ENSG00000054267.21,ARID4B,0.0,0.0,0
ENSG00000188739.14,RBM34,0.0,0.0,0
ENSG00000207181.1,SNORA14B,0.0,7.120006e-05,1
ENSG00000173726.10,TOMM20,0.0,0.0,0
ENSG00000228830.1,RP4-781K5.2,0.0,0.0,0
ENSG00000168264.10,IRF2BP2,0.0,0.0,0
ENSG00000059588.9,TARBP1,0.0,0.0,0
ENSG00000168275.14,COA6,0.0,0.0,0
ENSG00000235605.1,RP5-827C21.1,0.0,0.0,0
ENSG00000183780.12,SLC35F3,0.0,0.0,0
ENSG00000135750.14,KCNK1,0.0,0.0,0
ENSG00000143674.10,MAP3K21,0.0,0.0,0
ENSG00000251508.1,RP5-862P8.3,0.0,0.0,0
ENSG00000231940.1,RPS7P3,0.0,0.0,0
ENSG00000135749.18,PCNX2,0.0,0.0,0
ENSG00000135776.4,ABCB10,0.0,0.0,0
ENSG00000143632.14,ACTA1,0.0,0.0,0
ENSG00000171853.15,TRAPPC12,0.0,0.0,0
ENSG00000143740.14,SNAP47,0.0,0.0,0
ENSG00000198835.3,GJC2,0.0,0.0,0
ENSG00000143774.16,GUK1,0.0,0.0,0
ENSG00000224566.2,FAM96AP2,0.0,0.0008080411,1
ENSG00000162910.18,MRPL55,0.0,0.0,0
ENSG00000143793.12,C1orf35,0.0,0.0,0
ENSG00000143761.15,ARF1,0.0,0.0,0
ENSG00000081692.12,JMJD4,0.0,0.0,0
ENSG00000225934.2,RP4-566D2.1,0.0,0.0,0
ENSG00000154429.10,CCSAP,0.0,0.0,0
ENSG00000181450.17,ZNF678,0.0,0.0,0
ENSG00000236636.2,RP11-211A18.1,0.0,0.0,0
ENSG00000143776.18,CDC42BPA,0.0,0.0,0
ENSG00000163050.16,COQ8A,0.0,0.0,0
ENSG00000143801.16,PSEN2,0.0,0.0,0
ENSG00000143772.9,ITPKB,0.0,0.0,0
ENSG00000143799.12,PARP1,0.0,0.0,0
ENSG00000203684.5,IBA57-AS1,0.0,0.0,0
ENSG00000162913.9,C1orf145,0.0,0.0,0
ENSG00000154358.20,OBSCN,0.0,0.0,0
ENSG00000269890.1,RP5-1139B12.2,0.0,1.1517418e-05,1
ENSG00000213029.3,SPHAR,0.0,0.0,0
ENSG00000168118.11,RAB4A,0.0,0.00030537645,1
ENSG00000240524.2,RP5-1061H20.3,0.0,0.0,0
ENSG00000116574.5,RHOU,0.0,0.0,0
ENSG00000234975.6,FTH1P2,0.0,0.0,0
ENSG00000201321.1,RNA5S9,0.0,0.0,0
ENSG00000168159.11,RNF187,0.0,0.0,0
ENSG00000196890.4,HIST3H2BB,0.0,0.0,0
ENSG00000181218.5,HIST3H2A,0.0,0.0,0
ENSG00000168148.3,HIST3H3,0.0,0.0,0
ENSG00000162931.11,TRIM17,0.0,0.0,0
ENSG00000231563.1,RP11-245P10.4,0.0,0.0,0
ENSG00000270094.1,RP11-245P10.8,0.0,0.0,0
ENSG00000154370.15,TRIM11,0.0,0.0,0
ENSG00000269934.1,RP5-1139B12.3,0.0,0.0,0
ENSG00000152904.11,GGPS1,0.0,0.0,0
ENSG00000116957.12,TBCE,0.0,0.0,0
ENSG00000229795.2,RPS21P1,0.0,0.0,0
ENSG00000223519.7,KIF28P,0.0,0.0,0
ENSG00000196418.12,ZNF124,0.0,0.0,0
ENSG00000188295.14,ZNF669,0.0,0.0,0
ENSG00000215796.3,RP11-551G24.2,0.0,0.0,0
ENSG00000277462.1,ZNF670,0.0,0.00010691214,1
ENSG00000197472.14,ZNF695,0.0,0.0,0
ENSG00000153207.14,AHCTF1,0.0,0.0,0
ENSG00000227953.6,LINC01341,0.0,0.0,0
ENSG00000143653.9,SCCPDH,0.0,0.0,0
ENSG00000162885.12,B3GALNT2,0.0,0.0007472889,1
ENSG00000162852.13,CNST,0.0,0.0,0
ENSG00000162851.7,TFB2M,0.0,0.0,0
ENSG00000185420.18,SMYD3,0.0,0.0,0
ENSG00000162849.15,KIF26B,0.0,0.0,0
ENSG00000203666.12,EFCAB2,0.0,0.0,0
ENSG00000272195.1,RP11-156E8.1,0.0,0.00094733125,1
ENSG00000153187.18,HNRNPU,0.0,0.0,0
ENSG00000227671.4,RP11-488L18.4,0.0,0.0,0
ENSG00000162714.12,ZNF496,0.0,0.0,0
ENSG00000162711.16,NLRP3,0.0,0.0,0
ENSG00000162722.8,TRIM58,0.0,0.0,0
ENSG00000032389.12,TSSC1,0.0,0.0,0
ENSG00000130508.10,PXDN,0.0,0.0,0
ENSG00000115705.20,TPO,0.0,9.73887e-06,1
ENSG00000233296.1,AC092159.2,0.0,0.0,0
ENSG00000151353.14,TMEM18,0.0,0.0,0
ENSG00000189292.15,ALKAL2,0.0,0.0,0
ENSG00000143727.15,ACP1,0.0,0.0,0
ENSG00000035115.21,SH3YL1,0.0,0.0,0
ENSG00000185220.11,PGBD2,0.0,0.0,0
ENSG00000171163.15,ZNF692,0.0,0.0,0
ENSG00000171161.12,ZNF672,0.0,0.000115754294,1
ENSG00000175137.10,SH3BP5L,0.0,0.0,0
ENSG00000196240.3,OR2T2,0.0,0.0,0
ENSG00000279263.1,OR2L8,0.0,0.0,0
ENSG00000238243.3,OR2W3,0.0,0.0,0
ENSG00000203667.9,COX20,0.0,0.0,0
ENSG00000121644.18,DESI2,0.0,0.0,0
ENSG00000179397.17,C1orf101,0.0,0.0,0
ENSG00000155816.19,FMN2,0.0,0.0,0
ENSG00000198626.15,RYR2,0.0,0.0,0
ENSG00000237991.3,RPL35P1,0.0,0.0014495448,1
ENSG00000226498.2,RPSAP21,0.0,0.0,0
ENSG00000116984.12,MTR,0.0,0.0,0
ENSG00000077522.12,ACTN2,0.0,0.0,0
ENSG00000119285.10,HEATR1,0.0,0.0,0
ENSG00000116977.18,LGALS8,0.0,0.0,0
ENSG00000244457.2,ENO1P1,0.0,0.0,0
ENSG00000186197.13,EDARADD,0.0,0.0,0
ENSG00000086619.13,ERO1B,0.0,0.0,0
ENSG00000077585.13,GPR137B,0.0,0.0,0
ENSG00000116962.14,NID1,0.0,0.0,0
ENSG00000235674.2,LDHAP2,0.0,0.0,0
ENSG00000143669.13,LYST,0.0,0.0,0
ENSG00000168243.10,GNG4,0.0,0.0,0
ENSG00000243781.1,RP11-193H5.2,0.0,0.0,0
ENSG00000182901.16,RGS7,0.0,0.00024945525,1
ENSG00000035687.9,ADSS,0.0,0.0,0
ENSG00000233615.1,HNRNPA1P42,0.0,0.0,0
ENSG00000240963.1,RP11-518L10.5,0.0,0.0,0
ENSG00000179456.10,ZBTB18,0.0,0.0,0
ENSG00000117020.16,AKT3,0.0,0.0,0
ENSG00000224727.1,FCF1P7,0.0,0.0,0
ENSG00000054282.15,SDCCAG8,0.0,0.0,0
ENSG00000232085.1,RP11-261C10.4,0.0,0.0,0
ENSG00000227230.1,RP11-261C10.5,0.0,0.0,0
ENSG00000143702.15,CEP170,0.0,0.0,0
ENSG00000214837.8,LINC01347,0.0,0.00018992531,1
ENSG00000253326.2,RP11-261C10.7,0.0,0.0,0
ENSG00000174371.16,EXO1,0.0,0.00010264199,1
ENSG00000203668.2,CHML,0.0,0.0,0
ENSG00000054277.13,OPN3,0.0,0.0,0
ENSG00000117009.11,KMO,0.0,0.00049488514,1
ENSG00000091483.6,FH,0.0,0.0,0
ENSG00000162949.16,CAPN13,0.0,0.0,0
ENSG00000214711.9,CAPN14,0.0,0.0,0
ENSG00000244094.1,SPRR2F,0.0,0.0,0
ENSG00000124374.8,PAIP2B,0.0,2.2161155e-05,1
ENSG00000144040.12,SFXN5,0.0,0.0,0
ENSG00000116096.5,SPR,0.0,0.0,0
ENSG00000144036.15,EXOC6B,0.0,0.0,0
ENSG00000003137.8,CYP26B1,0.0,0.0,0
ENSG00000233971.1,RPS20P10,0.0,0.0,0
ENSG00000135636.13,DYSF,0.0,0.0,0
ENSG00000075292.18,ZNF638,0.0,0.0,0
ENSG00000124383.8,MPHOSPH10,0.0,0.0,0
ENSG00000233849.1,AC022201.5,0.0,0.0,0
ENSG00000124370.10,MCEE,0.0,0.0,0
ENSG00000124357.12,NAGK,0.0,0.0,0
ENSG00000144043.11,TEX261,0.0,0.0,0
ENSG00000144031.11,ANKRD53,0.0,0.0,0
ENSG00000116039.11,ATP6V1B1,0.0,0.0,0
ENSG00000116031.8,CD207,0.0,0.0,0
ENSG00000152672.7,CLEC4F,0.0,0.0,0
ENSG00000135631.16,RAB11FIP5,0.0,0.0,0
ENSG00000135632.11,SMYD5,0.0,0.0,0
ENSG00000135617.3,PRADC1,0.0,0.0,0
ENSG00000135624.15,CCT7,0.0,0.0,0
ENSG00000065911.11,MTHFD2,0.0,0.0,0
ENSG00000114978.17,MOB1A,0.0,0.0,0
ENSG00000163170.11,BOLA3,0.0,0.0,0
ENSG00000187605.15,TET3,0.0,0.001098865,1
ENSG00000237883.1,DGUOK-AS1,0.0,0.0,0
ENSG00000114956.19,DGUOK,0.0,0.0,0
ENSG00000163017.13,ACTG2,0.0,0.0,0
ENSG00000124356.15,STAMBP,0.0,0.0,0
ENSG00000144048.10,DUSP11,0.0,0.0,0
ENSG00000144034.14,TPRKB,0.0,0.0,0
ENSG00000204872.4,NAT8B,0.0,0.0,0
ENSG00000163016.9,ALMS1P1,0.0,0.0,0
ENSG00000144035.3,NAT8,0.0,0.0,0
ENSG00000116127.17,ALMS1,0.0,0.0,0
ENSG00000163013.11,FBXO41,0.0,0.0,0
ENSG00000163235.15,TGFA,0.0,0.0,0
ENSG00000035141.7,FAM136A,0.0,0.0,0
ENSG00000204843.12,DCTN1,0.0,0.0,0
ENSG00000143971.7,ETAA1,0.0,0.0,0
ENSG00000115956.9,PLEK,0.0,0.0,0
ENSG00000273064.1,RP11-474G23.3,0.0,0.0,0
ENSG00000221823.10,PPP3R1,0.0,0.0,0
ENSG00000115946.7,PNO1,0.0,0.0,0
ENSG00000236259.1,AC017083.2,0.0,0.0,0
ENSG00000243667.6,WDR92,0.0,0.00055989984,1
ENSG00000197223.11,C1D,0.0,0.0,0
ENSG00000230749.4,MEIS1-AS2,0.0,0.0,0
ENSG00000143977.13,SNRPG,0.0,0.0,0
ENSG00000143995.19,MEIS1,0.0,0.0,0
ENSG00000237979.1,AC007389.1,0.0,0.0014509887,1
ENSG00000198369.9,SPRED2,0.0,0.0,0
ENSG00000138071.13,ACTR2,0.0,0.0,0
ENSG00000172974.11,AC007318.5,0.0,0.0,0
ENSG00000138069.16,RAB1A,0.0,0.0,0
ENSG00000011523.13,CEP68,0.0,0.0,0
ENSG00000169621.9,APLF,0.0,0.0,0
ENSG00000163219.11,ARHGAP25,0.0,0.0,0
ENSG00000183607.9,GKN2,0.0,0.0,0
ENSG00000169605.5,GKN1,0.0,0.0,0
ENSG00000116005.11,PCYOX1,0.0,0.00014540282,1
ENSG00000116001.15,TIA1,0.0,0.0,0
ENSG00000115998.7,C2orf42,0.0,0.0,0
ENSG00000169564.6,PCBP1,0.0,0.0,0
ENSG00000179818.13,PCBP1-AS1,0.0,0.0,0
ENSG00000244617.2,ASPRV1,0.0,0.0,0
ENSG00000059728.10,MXD1,0.0,0.0,0
ENSG00000124380.10,SNRNP27,0.0,0.0,0
ENSG00000087338.4,GMCL1,0.0,0.0,0
ENSG00000196975.15,ANXA4,0.0,0.0,0
ENSG00000232228.1,RP11-77O7.1,0.0,0.0,0
ENSG00000207016.1,SNORA36C,0.0,0.0,0
ENSG00000115977.18,AAK1,0.0,0.0,0
ENSG00000169599.12,NFU1,0.0,0.00041517787,1
ENSG00000169604.19,ANTXR1,0.0,0.0,0
ENSG00000188687.17,SLC4A5,0.0,0.0,0
ENSG00000284308.1,C2orf81,0.0,0.0,0
ENSG00000013016.15,EHD3,0.0,0.0,0
ENSG00000168874.12,ATOH8,0.0,0.0,0
ENSG00000115548.16,KDM3A,0.0,0.0,0
ENSG00000132313.14,MRPL35,0.0,0.0,0
ENSG00000132305.20,IMMT,0.0,0.0,0
ENSG00000208772.1,SNORD94,0.0,0.0,0
ENSG00000132300.18,PTCD3,0.0,0.0021110598,2
ENSG00000068654.15,POLR1A,0.0,0.0,0
ENSG00000115525.17,ST3GAL5,0.0,0.0,0
ENSG00000168878.16,SFTPB,0.0,0.0,0
ENSG00000115459.17,ELMOD3,0.0,0.0,0
ENSG00000168887.10,C2orf68,0.0,0.0,0
ENSG00000168883.19,USP39,0.0,0.0,0
ENSG00000168890.13,TMEM150A,0.0,0.0,0
ENSG00000168899.4,VAMP5,0.0,0.0,0
ENSG00000118640.10,VAMP8,0.0,0.0006697964,1
ENSG00000115486.11,GGCX,0.0,0.0,0
ENSG00000168906.12,MAT2A,0.0,0.0,0
ENSG00000115561.15,CHMP3,0.0,0.0,0
ENSG00000228363.2,AC015971.2,0.0,0.0,0
ENSG00000239305.6,RNF103,0.0,0.0,0
ENSG00000153561.12,RMND5A,0.0,0.0,0
ENSG00000214336.4,FOXI3,0.0,0.0,0
ENSG00000144115.16,THNSL2,0.0,0.0,0
ENSG00000163586.9,FABP1,0.0,0.0,0
ENSG00000172086.7,KRCC1,0.0,0.0,0
ENSG00000185304.14,RGPD2,0.0,0.0,0
ENSG00000125551.18,PLGLB2,0.0,0.0,0
ENSG00000234231.3,AC093616.4,0.0,0.0,0
ENSG00000233999.3,IGKV3OR2-268,0.0,0.0,0
ENSG00000204745.3,AC083899.3,0.0,0.0,0
ENSG00000266931.1,RP11-1252D15.1,0.0,0.0,0
ENSG00000231259.4,AC125232.1,0.0,0.0,0
ENSG00000187627.14,RGPD1,0.0,8.1695725e-05,1
ENSG00000233673.6,ANAPC1P1,0.0,0.0,0
ENSG00000172116.21,CD8B,0.0,0.0,0
ENSG00000153563.15,CD8A,0.0,0.0,0
ENSG00000042493.15,CAPG,0.0,0.0,0
ENSG00000042445.13,RETSAT,0.0,0.0,0
ENSG00000233155.1,HMGA1P8,0.0,0.0,0
ENSG00000179528.15,LBX2,0.0,0.0,0
ENSG00000159374.17,M1AP,0.0,0.0,0
ENSG00000115325.13,DOK1,0.0,0.0,0
ENSG00000115318.11,LOXL3,0.0,0.0,0
ENSG00000115317.11,HTRA2,0.0,0.0,0
ENSG00000115307.16,AUP1,0.0,0.0,0
ENSG00000144045.13,DQX1,0.0,0.0,0
ENSG00000115289.13,PCGF1,0.0,0.0,0
ENSG00000115282.19,TTC31,0.0,0.0,0
ENSG00000270532.1,PEBP1P2,0.0,0.0,0
ENSG00000135637.13,CCDC142,0.0,0.0,0
ENSG00000204822.6,MRPL53,0.0,0.0002289471,1
ENSG00000115275.11,MOGS,0.0,0.0,0
ENSG00000239779.6,WBP1,0.0,0.0,0
ENSG00000115274.14,INO80B,0.0,0.0,0
ENSG00000114993.16,RTKN,0.0,0.00039571198,1
ENSG00000005448.16,WDR54,0.0,0.0,0
ENSG00000135622.12,SEMA4F,0.0,0.0,0
ENSG00000159399.9,HK2,0.0,0.0,0
ENSG00000115350.11,POLE4,0.0,0.0,0
ENSG00000115353.10,TACR1,0.0,0.0,0
ENSG00000152291.13,TGOLN2,0.0,0.0,0
ENSG00000152284.4,TCF7L1,0.0,0.0,0
ENSG00000176407.17,KCMF1,0.0,0.0,0
ENSG00000034510.5,TMSB10,0.0,0.0,0
ENSG00000186854.10,TRABD2A,0.0,0.0,0
ENSG00000235847.2,LDHAP7,0.0,0.0,0
ENSG00000115423.18,DNAH6,0.0,0.00013849406,1
ENSG00000163541.11,SUCLG1,0.0,0.0,0
ENSG00000172016.15,REG3A,0.0,0.0,0
ENSG00000115386.5,REG1A,0.0,0.0,0
ENSG00000172023.7,REG1B,0.0,0.0,0
ENSG00000271452.1,RP11-342K6.2,0.0,0.0,0
ENSG00000005436.13,GCFC2,0.0,0.0009083244,1
ENSG00000115364.13,MRPL19,0.0,0.0,0
ENSG00000115363.13,EVA1A,0.0,0.0,0
ENSG00000115902.10,SLC1A4,0.0,0.0,0
ENSG00000179833.4,SERTAD2,0.0,0.0,0
ENSG00000119844.15,AFTPH,0.0,0.0,0
ENSG00000115944.14,COX7A2L,0.0,0.0,0
ENSG00000234936.1,AC010883.5,0.0,0.0,0
ENSG00000152518.7,ZFP36L2,0.0,0.0,0
ENSG00000232202.1,AC098824.6,0.0,3.6095356e-05,1
ENSG00000226491.1,FTOP1,0.0,0.0,0
ENSG00000162882.14,HAAO,0.0,0.0,0
ENSG00000162881.6,OXER1,0.0,0.0,0
ENSG00000057935.13,MTA3,0.0,0.0,0
ENSG00000143924.18,EML4,0.0,0.0,0
ENSG00000115904.12,SOS1,0.0,0.0,0
ENSG00000224875.2,AC083949.1,0.0,0.0,0
ENSG00000162878.12,PKDCC,0.0,0.0,0
ENSG00000236090.2,LDHAP3,0.0,0.0,0
ENSG00000183023.18,SLC8A1,0.0,0.0,0
ENSG00000138050.14,THUMPD2,0.0,0.0,0
ENSG00000152154.10,TMEM178A,0.0,0.0,0
ENSG00000011566.14,MAP4K3,0.0,0.0,0
ENSG00000115970.18,THADA,0.0,0.0,0
ENSG00000152527.13,PLEKHH2,0.0,0.0,0
ENSG00000223658.7,C1GALT1C1L,0.0,0.0,0
ENSG00000229695.1,AC011242.5,0.0,0.0,0
ENSG00000151665.12,PIGF,0.0,0.0,0
ENSG00000119729.11,RHOQ,0.0,0.0,0
ENSG00000116016.13,EPAS1,0.0,0.0,0
ENSG00000171132.13,PRKCE,0.0,0.0,0
ENSG00000068784.12,SRBD1,0.0,0.0,0
ENSG00000170577.7,SIX2,0.0,0.0,0
ENSG00000138083.4,SIX3,0.0,0.0,0
ENSG00000143919.14,CAMKMT,0.0,0.0,0
ENSG00000138078.15,PREPL,0.0,0.0,0
ENSG00000138079.13,SLC3A1,0.0,0.0,0
ENSG00000138032.20,PPM1B,0.0,0.0,0
ENSG00000138095.18,LRPPRC,0.0,0.0,0
ENSG00000143921.6,ABCG8,0.0,0.0,0
ENSG00000138075.11,ABCG5,0.0,0.0,0
ENSG00000138036.18,DYNC2LI1,0.0,0.0,0
ENSG00000225900.1,HSPE1P13,0.0,0.0,0
ENSG00000214694.10,ARHGEF33,0.0,0.0,0
ENSG00000119862.12,LGALSL,0.0,0.0,0
ENSG00000018699.11,TTC27,0.0,0.0,0
ENSG00000115808.11,STRN,0.0,0.0,0
ENSG00000205221.12,VIT,0.0,0.0,0
ENSG00000171055.14,FEZ2,0.0,0.0,0
ENSG00000150938.9,CRIM1,0.0,0.0,0
ENSG00000119812.18,FAM98A,0.0,0.0,0
ENSG00000152689.17,RASGRP3,0.0,0.00051537517,1
ENSG00000049323.15,LTBP1,0.0,0.0,0
ENSG00000207653.1,MIR558,0.0,0.0,0
ENSG00000188010.12,MORN2,0.0,0.0,0
ENSG00000115760.13,BIRC6,0.0,0.0,0
ENSG00000119820.10,YIPF4,0.0,0.0,0
ENSG00000091106.18,NLRC4,0.0,0.0,0
ENSG00000229816.1,DDX50P1,0.0,0.0,0
ENSG00000152683.14,SLC30A6,0.0,0.00022217844,1
ENSG00000021574.11,SPAST,0.0,0.0,0
ENSG00000162961.13,DPY30,0.0,0.0,0
ENSG00000008869.11,HEATR5B,0.0,0.0,0
ENSG00000152133.14,GPATCH11,0.0,0.0,0
ENSG00000055332.16,EIF2AK2,0.0,0.0,0
ENSG00000224891.1,AC007899.3,0.0,0.00026975694,1
ENSG00000163214.20,DHX57,0.0,0.0,0
ENSG00000152147.10,GEMIN6,0.0,0.0,0
ENSG00000115875.18,SRSF7,0.0,0.0,0
ENSG00000143891.16,GALM,0.0,0.0,0
ENSG00000143889.15,HNRNPLL,0.0,0.0,0
ENSG00000213553.4,RPLP0P6,0.0,0.0,0
ENSG00000119787.13,ATL2,0.0,0.0,0
ENSG00000138061.11,CYP1B1,0.0,0.0,0
ENSG00000115841.19,RMDN2,0.0,0.0,0
ENSG00000163171.7,CDC42EP3,0.0,0.0,0
ENSG00000115825.9,PRKD3,0.0,0.0,0
ENSG00000003509.15,NDUFAF7,0.0,0.0,0
ENSG00000272054.1,RP11-423P10.2,0.0,0.0,0
ENSG00000115816.14,CEBPZ,0.0,0.0,0
ENSG00000218739.9,CEBPZOS,0.0,0.0,0
ENSG00000119878.5,CRIPT,0.0,0.0,0
ENSG00000171150.7,SOCS5,0.0,0.0,0
ENSG00000228925.1,AC016722.4,0.0,0.0,0
ENSG00000232713.2,AC010733.5,0.0,0.00029041828,1
ENSG00000234624.2,AC016894.1,0.0,0.0,0
ENSG00000115464.14,USP34,0.0,0.0,0
ENSG00000173209.22,AHSA2,0.0,0.0,0
ENSG00000237651.6,C2orf74,0.0,0.0,0
ENSG00000162929.13,KIAA1841,0.0,0.0,0
ENSG00000162928.8,PEX13,0.0,0.0,0
ENSG00000162927.13,PUS10,0.0,0.0,0
ENSG00000237522.1,NONOP2,0.0,0.0,0
ENSG00000180398.11,MCFD2,0.0,0.0019374972,1
ENSG00000162924.13,REL,0.0,0.0,0
ENSG00000115421.12,PAPOLG,0.0,0.0,0
ENSG00000119866.20,BCL11A,0.0,0.0,0
ENSG00000233426.3,EIF3FP3,0.0,0.0,0
ENSG00000115392.11,FANCL,0.0,0.00032832392,2
ENSG00000028116.16,VRK2,0.0,0.0,0
ENSG00000055813.5,CCDC85A,0.0,0.0,0
ENSG00000270820.5,RP11-355B11.2,0.0,0.0,0
ENSG00000082898.16,XPO1,0.0,0.0,0
ENSG00000170264.12,FAM161A,0.0,0.0,0
ENSG00000115484.14,CCT4,0.0,0.0,0
ENSG00000197329.11,PELI1,0.0,0.0,0
ENSG00000143952.19,VPS54,0.0,0.0,0
ENSG00000169764.15,UGP2,0.0,0.0,0
ENSG00000228305.2,AC016734.2,0.0,0.0,0
ENSG00000014641.17,MDH1,0.0,0.0,0
ENSG00000143951.15,WDPCP,0.0,0.0,0
ENSG00000115507.9,OTX1,0.0,0.0,0
ENSG00000231609.5,AC009501.4,0.0,0.0,0
ENSG00000226605.1,AC007098.1,0.0,0.0,0
ENSG00000115504.14,EHBP1,0.0,0.0,0
ENSG00000186889.9,TMEM17,0.0,0.0,0
ENSG00000170340.10,B3GNT2,0.0,0.0,0
ENSG00000242735.1,RPSAP26,0.0,0.0,0
ENSG00000173163.10,COMMD1,0.0,0.0,0
ENSG00000236498.1,AC107081.5,0.0,0.0,0
ENSG00000115380.19,EFEMP1,0.0,0.0,0
ENSG00000138035.14,PNPT1,0.0,0.0,0
ENSG00000275052.4,PPP4R3B,0.0,0.0,0
ENSG00000115239.21,ASB3,0.0,0.0,0
ENSG00000242441.7,GTF2A1L,0.0,0.0,0
ENSG00000243244.5,STON1,0.0,0.0,0
ENSG00000162869.15,PPP1R21,0.0,0.0,0
ENSG00000170802.15,FOXN2,0.0,0.0,0
ENSG00000233230.1,AC079807.2,0.0,0.0,0
ENSG00000236549.1,RPS27AP7,0.0,0.0,0
ENSG00000138081.20,FBXO11,0.0,0.0,0
ENSG00000116062.14,MSH6,0.0,0.0,0
ENSG00000230979.3,AC079250.1,0.0,0.0,0
ENSG00000095002.13,MSH2,0.0,0.0,0
ENSG00000207923.1,MIR559,0.0,0.0,0
ENSG00000119888.10,EPCAM,0.0,0.0,0
ENSG00000143933.16,CALM2,0.0,0.0,0
ENSG00000273269.2,C2orf61,0.0,0.0,0
ENSG00000068724.15,TTC7A,0.0,0.0,0
ENSG00000138039.14,LHCGR,0.0,0.0,0
ENSG00000143942.4,CHAC2,0.0,0.0,0
ENSG00000163001.11,CFAP36,0.0,0.0,0
ENSG00000068912.13,ERLEC1,0.0,0.0,0
ENSG00000115355.15,CCDC88A,0.0,0.0,0
ENSG00000240401.8,AC012358.8,0.0,0.0,0
ENSG00000085760.14,MTIF2,0.0,0.0,0
ENSG00000143947.13,RPS27A,0.0,0.0,0
ENSG00000162994.15,CLHC1,0.0,0.0,0
ENSG00000115310.17,RTN4,0.0,0.0,0
ENSG00000214595.11,EML6,0.0,0.0,0
ENSG00000238018.2,AC093110.3,0.0,0.0,0
ENSG00000237887.1,RPL23AP32,0.0,0.0,0
ENSG00000115306.15,SPTBN1,0.0,0.0,0
ENSG00000178021.10,TSPYL6,0.0,0.0,0
ENSG00000233266.1,HMGB1P31,0.0,0.0,0
ENSG00000170634.12,ACYP2,0.0,0.0,0
ENSG00000068878.14,PSME4,0.0,0.0,0
ENSG00000119737.5,GPR75,0.0,0.0,0
ENSG00000183814.15,LIN9,0.0,0.0,0
ENSG00000234478.1,ACBD3-AS1,0.0,0.0,0
ENSG00000182827.8,ACBD3,0.0,0.0,0
ENSG00000158882.14,TOMM40L,0.0,0.0,0
ENSG00000173110.7,HSPA6,0.0,0.0,0
ENSG00000143226.13,FCGR2A,0.0,0.0003763485,1
ENSG00000215840.3,RP11-122G18.7,0.0,0.0,0
ENSG00000188931.3,CFAP126,0.0,0.0,0
ENSG00000143252.14,SDHC,0.0,0.0,0
ENSG00000248485.1,PCP4L1,0.0,0.0,0
ENSG00000143257.11,NR1I3,0.0,0.0,0
ENSG00000158874.11,APOA2,0.0,0.0,0
ENSG00000158796.16,DEDD,0.0,0.0,0
ENSG00000158869.10,FCER1G,0.0,0.0,0
ENSG00000158864.12,NDUFS2,0.0,0.0,0
ENSG00000158859.9,ADAMTS4,0.0,0.0,0
ENSG00000158850.14,B4GALT3,0.0,0.0,0
ENSG00000143224.17,PPOX,0.0,0.0,0
ENSG00000143258.15,USP21,0.0,0.0,0
ENSG00000224985.1,RP11-297K8.2,0.0,0.0,0
ENSG00000203747.10,FCGR3A,0.0,0.0,0
ENSG00000244682.7,FCGR2C,0.0,0.0,0
ENSG00000225217.1,HSPA7,0.0,0.0,0
ENSG00000162747.9,FCGR3B,0.0,0.0,0
ENSG00000185630.18,PBX1,0.0,0.0,0
ENSG00000143228.12,NUF2,0.0,0.0,0
ENSG00000143248.12,RGS5,0.0,0.00024730928,1
ENSG00000117152.13,RGS4,0.0,7.0390626e-05,1
ENSG00000185860.13,CCDC190,0.0,0.0,0
ENSG00000162733.16,DDR2,0.0,0.0,0
ENSG00000152332.15,UHMK1,0.0,0.0,0
ENSG00000171722.12,SPATA46,0.0,0.0,0
ENSG00000239887.4,C1orf226,0.0,0.0,0
ENSG00000198929.12,NOS1AP,0.0,0.0,0
ENSG00000162745.10,OLFML2B,0.0,0.0,0
ENSG00000118217.5,ATF6,0.0,0.0,0
ENSG00000081721.11,DUSP12,0.0,0.0,0
ENSG00000132185.16,FCRLA,0.0,0.0,0
ENSG00000072694.20,FCGR2B,0.0,0.0,0
ENSG00000143222.11,UFC1,0.0,0.0,0
ENSG00000158793.13,NIT1,0.0,0.0,0
ENSG00000143149.12,ALDH9A1,0.0,0.0,0
ENSG00000143315.6,PIGM,0.0,0.0,0
ENSG00000162735.18,PEX19,0.0,0.0,0
ENSG00000224261.2,RPSAP18,0.0,0.0,0
ENSG00000132716.18,DCAF8,0.0,0.0,0
ENSG00000162734.12,PEA15,0.0,0.0,0
ENSG00000143318.12,CASQ1,0.0,0.0,0
ENSG00000018625.14,ATP1A2,0.0,0.0,0
ENSG00000162729.13,IGSF8,0.0,0.0,0
ENSG00000158710.14,TAGLN2,0.0,0.0,0
ENSG00000143256.4,PFDN2,0.0,0.0,0
ENSG00000213085.9,CFAP45,0.0,0.0,0
ENSG00000243284.1,VSIG8,0.0,0.0,0
ENSG00000188004.9,C1orf204,0.0,0.0024226054,1
ENSG00000158714.10,SLAMF8,0.0,0.0,0
ENSG00000181036.13,FCRL6,0.0,0.0,0
ENSG00000158716.8,DUSP23,0.0,0.0,0
ENSG00000132693.12,CRP,0.0,0.0,0
ENSG00000122218.14,COPA,0.0,0.0,0
ENSG00000235082.2,SUMO1P3,0.0,0.0,0
ENSG00000162738.5,VANGL2,0.0,0.0,0
ENSG00000162739.13,SLAMF6,0.0,0.0,0
ENSG00000162755.13,KLHDC9,0.0,0.00030817708,1
ENSG00000143217.8,NECTIN4,0.0,0.0,0
ENSG00000186517.13,ARHGAP30,0.0,0.0,0
ENSG00000158773.14,USF1,0.0,0.0,0
ENSG00000215845.10,TSTD1,0.0,0.0,0
ENSG00000158769.17,F11R,0.0,0.0,0
ENSG00000158764.6,ITLN2,0.0,0.0,0
ENSG00000213080.3,RP11-312J18.5,0.0,0.0,0
ENSG00000179914.4,ITLN1,0.0,0.0,0
ENSG00000122223.12,CD244,0.0,0.0,0
ENSG00000122224.17,LY9,0.0,0.0,0
ENSG00000026751.16,SLAMF7,0.0,3.2897362e-05,1
ENSG00000117091.9,CD48,0.0,0.0,0
ENSG00000228863.8,RP11-404F10.2,0.0,0.0,0
ENSG00000066294.14,CD84,0.0,0.0016974885,1
ENSG00000143198.12,MGST3,0.0,0.0,0
ENSG00000230175.1,RP11-466F5.3,0.0,0.0,0
ENSG00000163041.9,H3F3A,0.0,5.8131485e-05,1
ENSG00000034971.16,MYOC,0.0,0.0,0
ENSG00000135845.9,PIGC,0.0,0.0,0
ENSG00000208024.1,MIR199A2,0.0,0.0,0
ENSG00000283844.1,MIR214,0.0,0.0,0
ENSG00000197959.13,DNM3,0.0,0.0,0
ENSG00000010165.19,METTL13,0.0,0.0,0
ENSG00000117533.14,VAMP4,0.0,0.0,0
ENSG00000233328.3,PFN1P1,0.0,0.0,0
ENSG00000117523.15,PRRC2C,0.0,0.0,0
ENSG00000120370.12,GORAB,0.0,0.0,0
ENSG00000076258.9,FMO4,0.0,0.0,0
ENSG00000010932.16,FMO1,0.0,0.0005683728,1
ENSG00000225243.5,RP1-127D3.4,0.0,0.0,0
ENSG00000094963.13,FMO2,0.0,0.0,0
ENSG00000117507.6,FMO6P,0.0,0.0,0
ENSG00000007933.12,FMO3,0.0,0.0,0
ENSG00000117501.14,MROH9,0.0,0.0,0
ENSG00000094975.13,SUCO,0.0,0.0,0
ENSG00000117560.7,FASLG,0.0,0.0,0
ENSG00000117592.8,PRDX6,0.0,0.00013295672,1
ENSG00000183831.6,ANKRD45,0.0,0.0,0
ENSG00000116161.17,CACYBP,0.0,0.0,0
ENSG00000237249.1,RP1-102G20.2,0.0,0.0,0
ENSG00000231378.1,NDUFAF4P4,0.0,0.0,0
ENSG00000223828.1,BANF1P4,0.0,0.0,0
ENSG00000203737.3,GPR52,0.0,0.0,0
ENSG00000152061.23,RABGAP1L,0.0,0.0,0
ENSG00000135870.11,RC3H1,0.0,0.0,0
ENSG00000117601.13,SERPINC1,0.0,0.0,0
ENSG00000185278.15,ZBTB37,0.0,0.0,0
ENSG00000234741.7,GAS5,0.0,0.0,0
ENSG00000117593.9,DARS2,0.0,0.0,0
ENSG00000120334.15,CENPL,0.0,0.0,0
ENSG00000225591.2,RP11-360D2.2,0.0,0.0,0
ENSG00000076321.10,KLHL20,0.0,0.0,0
ENSG00000232113.2,RP11-360D2.1,0.0,0.0,0
ENSG00000116132.11,PRRX1,0.0,0.0,0
ENSG00000235378.2,MRPS10P1,0.0,0.0,0
ENSG00000143183.16,TMCO1,0.0,0.0,0
ENSG00000143162.7,CREG1,0.0,0.0,0
ENSG00000213064.9,SFT2D2,0.0,0.0,0
ENSG00000143155.12,TIPRL,0.0,0.0,0
ENSG00000143147.14,GPR161,0.0,0.0,0
ENSG00000143164.15,DCAF6,0.0,0.0,0
ENSG00000143158.10,MPC2,0.0,0.0,0
ENSG00000197965.11,MPZL1,0.0,0.0,0
ENSG00000198771.10,RCSD1,0.0,0.0,0
ENSG00000198821.10,CD247,0.0,0.0,0
ENSG00000075945.12,KIFAP3,0.0,0.0,0
ENSG00000143190.21,POU2F1,0.0,0.0,0
ENSG00000198842.9,DUSP27,0.0,0.0,0
ENSG00000152382.5,TADA1,0.0,0.0,0
ENSG00000143157.11,POGK,0.0,0.0,0
ENSG00000215835.2,RP11-9L18.2,0.0,0.00060220313,1
ENSG00000236364.3,RP11-525G13.2,0.0,0.0,0
ENSG00000143179.14,UCK2,0.0,0.0,0
ENSG00000214262.4,ANKRD36BP1,0.0,0.0,0
ENSG00000143178.12,TBX19,0.0,0.0,0
ENSG00000227722.2,RP5-1059H15.1,0.0,6.321347e-05,1
ENSG00000215833.3,QRSL1P1,0.0,0.0,0
ENSG00000000457.13,SCYL3,0.0,0.0,0
ENSG00000171806.11,METTL18,0.0,0.0,0
ENSG00000007908.15,SELE,0.0,0.0,0
ENSG00000188404.8,SELL,0.0,0.0,0
ENSG00000000460.16,C1orf112,0.0,0.0,0
ENSG00000174175.16,SELP,0.0,0.0,0
ENSG00000198734.10,F5,0.0,0.0,0
ENSG00000117479.12,SLC19A2,0.0,0.0,0
ENSG00000117477.12,CCDC181,0.0,0.0,0
ENSG00000117475.13,BLZF1,0.0,0.0,0
ENSG00000143156.13,NME7,0.0,0.0,0
ENSG00000143153.12,ATP1B1,0.0,0.0,0
ENSG00000143196.4,DPT,0.0,0.0,0
ENSG00000143184.4,XCL1,0.0,0.0,0
ENSG00000143185.3,XCL2,0.0,0.0,0
ENSG00000132703.3,APCS,0.0,0.0,0
ENSG00000184155.8,OR10J5,0.0,0.0,0
ENSG00000179639.10,FCER1A,0.0,0.0,0
ENSG00000160714.9,UBE2Q1,0.0,0.0,0
ENSG00000160691.18,SHC1,0.0,0.0,0
ENSG00000163348.3,PYGO2,0.0,0.0,0
ENSG00000163346.16,PBXIP1,0.0,0.0,0
ENSG00000163344.5,PMVK,0.0,0.0,0
ENSG00000143603.18,KCNN3,0.0,7.174206e-05,1
ENSG00000160710.15,ADAR,0.0,0.0,0
ENSG00000160716.5,CHRNB2,0.0,0.0004370104,1
ENSG00000163239.12,TDRD10,0.0,0.0,0
ENSG00000143549.19,TPM3,0.0,0.0,0
ENSG00000169291.9,SHE,0.0,0.0,0
ENSG00000228264.1,PSMD8P1,0.0,0.0,0
ENSG00000160712.12,IL6R,0.0,0.0,0
ENSG00000143515.16,ATP8B2,0.0,0.0,0
ENSG00000143575.14,HAX1,0.0,0.0,0
ENSG00000201129.1,SNORA58,0.0,5.8494403e-05,1
ENSG00000143569.18,UBAP2L,0.0,0.0,0
ENSG00000173207.12,CKS1B,0.0,0.0,0
ENSG00000160688.18,FLAD1,0.0,0.0,0
ENSG00000163352.5,LENEP,0.0,0.0,0
ENSG00000160685.13,ZBTB7B,0.0,0.0,0
ENSG00000177628.15,GBA,0.0,0.0,0
ENSG00000160766.14,GBAP1,0.0,0.0,0
ENSG00000173171.14,MTX1,0.0,0.0,0
ENSG00000169231.13,THBS3,0.0,0.0,0
ENSG00000231064.7,RP11-263K19.4,0.0,0.0,0
ENSG00000185499.16,MUC1,0.0,0.0,0
ENSG00000163462.17,TRIM46,0.0,0.0,0
ENSG00000163463.11,KRTCAP2,0.0,0.0,0
ENSG00000179085.7,DPM3,0.0,0.0,0
ENSG00000169241.17,SLC50A1,0.0,0.0,0
ENSG00000143590.13,EFNA3,0.0,0.0,0
ENSG00000243364.7,EFNA4,0.0,0.0,0
ENSG00000143537.13,ADAM15,0.0,0.0,0
ENSG00000163357.10,DCST1,0.0,9.526407e-05,1
ENSG00000163354.14,DCST2,0.0,0.0,0
ENSG00000143612.19,C1orf43,0.0,0.0,0
ENSG00000231416.1,RP11-422P24.9,0.0,0.0,0
ENSG00000213088.9,ACKR1,0.0,0.0,0
ENSG00000197956.9,S100A6,0.0,0.0,0
ENSG00000189171.14,S100A13,0.0,0.0,0
ENSG00000189334.8,S100A14,0.0,0.0,0
ENSG00000188643.10,S100A16,0.0,0.0,0
ENSG00000196754.10,S100A2,0.0,0.0,0
ENSG00000188015.9,S100A3,0.0,0.0,0
ENSG00000196154.11,S100A4,0.0,0.0,0
ENSG00000196420.7,S100A5,0.0,0.0,0
ENSG00000143556.8,S100A7,0.0,0.0,0
ENSG00000143552.9,NUP210L,0.0,0.0,0
ENSG00000143546.9,S100A8,0.0,0.0006210016,1
ENSG00000163221.8,S100A12,0.0,0.0,0
ENSG00000163220.10,S100A9,0.0,0.0,0
ENSG00000159527.3,PGLYRP3,0.0,0.0,0
ENSG00000203782.5,LOR,0.0,0.0,0
ENSG00000203783.4,PRR9,0.0,0.0001652663,1
ENSG00000159516.8,SPRR2G,0.0,0.0,0
ENSG00000160678.11,S100A1,0.0,0.0,0
ENSG00000272030.1,RP1-178F15.4,0.0,0.0,0
ENSG00000160679.12,CHTOP,0.0,0.0,0
ENSG00000143553.10,SNAPIN,0.0,0.0,0
ENSG00000177954.11,RPS27,0.0,0.0,0
ENSG00000143545.8,RAB13,0.0,0.0,0
ENSG00000143578.15,CREB3L4,0.0,0.0,0
ENSG00000143570.17,SLC39A1,0.0,0.0,0
ENSG00000160741.16,CRTC2,0.0,0.0,0
ENSG00000198837.9,DENND4B,0.0,0.0,0
ENSG00000223599.1,RP11-216N14.7,0.0,0.0,0
ENSG00000143614.9,GATAD2B,0.0,0.0,0
ENSG00000143554.13,SLC27A3,0.0,4.592815e-05,1
ENSG00000279767.1,AL513523.2,0.0,0.0,0
ENSG00000233222.2,RP11-216N14.9,0.0,0.00078586006,2
ENSG00000243613.1,RP11-216N14.8,0.0,0.0,0
ENSG00000143624.13,INTS3,0.0,0.0,0
ENSG00000169418.9,NPR1,0.0,0.0,0
ENSG00000143621.16,ILF2,0.0,0.0,0
ENSG00000160767.20,FAM189B,0.0,0.0,0
ENSG00000116521.10,SCAMP3,0.0,0.0,0
ENSG00000176444.18,CLK2,0.0,0.0,0
ENSG00000143303.11,RRNAD1,0.0,0.0,0
ENSG00000160838.13,LRRC71,0.0,0.0,0
ENSG00000187800.13,PEAR1,0.0,0.0,0
ENSG00000198400.11,NTRK1,0.0,0.0,0
ENSG00000027869.11,SH2D2A,0.0,0.0,0
ENSG00000143294.14,PRCC,0.0,0.0,0
ENSG00000143321.18,HDGF,0.0,0.0,0
ENSG00000143314.12,MRPL24,0.0,0.0,0
ENSG00000143319.16,ISG20L2,0.0,0.0,0
ENSG00000143630.9,HCN3,0.0,0.0,0
ENSG00000143320.8,CRABP2,0.0,0.0,0
ENSG00000132688.10,NES,0.0,0.0,0
ENSG00000229953.1,RP11-284F21.7,0.0,0.0,0
ENSG00000132692.18,BCAN,0.0,0.0,0
ENSG00000160818.16,GPATCH4,0.0,0.0,0
ENSG00000163382.11,NAXE,0.0,0.0,0
ENSG00000187862.11,TTC24,0.0,0.0,0
ENSG00000132694.18,ARHGEF11,0.0,0.0,0
ENSG00000211581.1,MIR765,0.0,0.0,0
ENSG00000117036.11,ETV3,0.0,0.0,0
ENSG00000235700.1,CYCSP52,0.0,0.0,0
ENSG00000225670.4,CADM3-AS1,0.0,0.0,0
ENSG00000162706.12,CADM3,0.0,0.0,0
ENSG00000163568.14,AIM2,0.0,0.0,0
ENSG00000163565.18,IFI16,0.0,0.0,0
ENSG00000163564.14,PYHIN1,0.0,0.0,0
ENSG00000163563.7,MNDA,0.0,0.0,0
ENSG00000158488.15,CD1E,0.0,0.0,0
ENSG00000158477.6,CD1A,0.0,0.0,0
ENSG00000158473.6,CD1D,0.0,0.0,0
ENSG00000183853.17,KIRREL,0.0,0.0,0
ENSG00000163534.14,FCRL1,0.0,0.00020388907,1
ENSG00000132704.15,FCRL2,0.0,0.0,0
ENSG00000227217.1,RP11-367J7.3,0.0,0.0,0
ENSG00000160856.20,FCRL3,0.0,0.0,0
ENSG00000143297.18,FCRL5,0.0,0.0,0
ENSG00000183856.10,IQGAP3,0.0,0.0,0
ENSG00000116604.17,MEF2D,0.0,0.0002489405,1
ENSG00000163468.14,CCT3,0.0,0.0,0
ENSG00000143622.10,RIT1,0.0,0.0,0
ENSG00000116580.18,GON4L,0.0,0.0,0
ENSG00000203761.5,MSTO2P,0.0,0.0,0
ENSG00000132676.15,DAP3,0.0,0.0,0
ENSG00000163374.19,YY1AP1,0.0,0.0,0
ENSG00000246203.2,RP11-29H23.5,0.0,0.0,0
ENSG00000125459.14,MSTO1,0.0,0.0,0
ENSG00000223503.1,RP11-29H23.6,0.0,0.0,0
ENSG00000225082.2,DAP3P1,0.0,0.0,0
ENSG00000235919.4,ASH1L-AS1,0.0,0.0,0
ENSG00000237872.4,POU5F1P4,0.0,0.0,0
ENSG00000283701.1,MIR555,0.0,0.0,0
ENSG00000116539.12,ASH1L,0.0,0.0,0
ENSG00000160753.15,RUSC1,0.0,0.0,0
ENSG00000225855.6,RUSC1-AS1,0.0,0.0,0
ENSG00000160752.14,FDPS,0.0,0.0,0
ENSG00000132718.8,SYT11,0.0,0.0,0
ENSG00000132680.10,KIAA0907,0.0,0.0,0
ENSG00000163472.18,TMEM79,0.0,0.00032245996,1
ENSG00000207475.1,SNORA80E,0.0,0.0,0
ENSG00000198952.8,SMG5,0.0,0.0,0
ENSG00000160781.15,PAQR6,0.0,0.0,0
ENSG00000242252.1,BGLAP,0.0,0.0,0
ENSG00000160783.19,PMF1,0.0,0.0,0
ENSG00000160785.13,SLC25A44,0.0,0.0,0
ENSG00000196189.12,SEMA4A,0.0,0.0,0
ENSG00000254726.2,MEX3A,0.0,0.0,0
ENSG00000132698.14,RAB25,0.0,0.0,0
ENSG00000116586.11,LAMTOR2,0.0,0.0,0
ENSG00000160803.7,UBQLN4,0.0,0.0,0
ENSG00000163479.13,SSR2,0.0,0.0,0
ENSG00000116584.17,ARHGEF2,0.0,0.0,0
ENSG00000173080.5,RXFP4,0.0,0.0,0
ENSG00000281394.1,SCARNA4,0.0,0.0014526834,2
ENSG00000280466.1,SCARNA4,0.0,0.0015116615,3
ENSG00000120333.4,MRPS14,0.0,0.0,0
ENSG00000120332.15,TNN,0.0,0.0,0
ENSG00000235750.9,KIAA0040,0.0,5.4513268e-05,1
ENSG00000117335.19,CD46,0.0,0.0,0
ENSG00000123689.5,G0S2,0.0,0.0,0
ENSG00000008118.9,CAMK1G,0.0,0.0,0
ENSG00000284485.1,MIR205,0.0,0.0,0
ENSG00000230937.11,MIR205HG,0.0,0.0,0
ENSG00000076356.6,PLXNA2,0.0,0.0,0
ENSG00000174059.16,CD34,0.0,0.0,0
ENSG00000284214.1,MIR29C,0.0,0.0,0
ENSG00000197721.16,CR1L,0.0,0.0,0
ENSG00000226945.1,RP11-564A8.4,0.0,0.0,0
ENSG00000203710.10,CR1,0.0,0.0,0
ENSG00000117322.17,CR2,0.0,0.0,0
ENSG00000123838.10,C4BPA,0.0,0.0,0
ENSG00000123843.12,C4BPB,0.0,0.0,0
ENSG00000180667.10,YOD1,0.0,0.0,0
ENSG00000123836.14,PFKFB2,0.0,0.0,0
ENSG00000182795.12,C1orf116,0.0,0.0,0
ENSG00000117594.9,HSD11B1,0.0,0.0,0
ENSG00000009790.14,TRAF3IP3,0.0,0.0,0
ENSG00000162757.4,C1orf74,0.0,7.283913e-05,1
ENSG00000117595.10,IRF6,0.0,0.0,0
ENSG00000066027.11,PPP2R5A,0.0,0.0,0
ENSG00000220749.4,RPL21P28,0.0,0.0,0
ENSG00000143476.17,DTL,0.0,0.0,0
ENSG00000143493.12,INTS7,0.0,0.0,0
ENSG00000123684.12,LPGAT1,0.0,0.0,0
ENSG00000117650.12,NEK2,0.0,0.0,0
ENSG00000170385.9,SLC30A1,0.0,0.0,0
ENSG00000236809.2,SNX25P1,0.0,0.0,0
ENSG00000082512.14,TRAF5,0.0,0.0,0
ENSG00000117625.13,RCOR3,0.0,0.0,0
ENSG00000054392.12,HHAT,0.0,0.0,0
ENSG00000082497.11,SERTAD4,0.0,0.0,0
ENSG00000203706.8,SERTAD4-AS1,0.0,0.0,0
ENSG00000143469.18,SYT14,0.0,0.0,0
ENSG00000117597.17,DIEXF,0.0,0.0,0
ENSG00000162896.5,PIGR,0.0,0.0,0
ENSG00000162894.11,FCMR,0.0,0.0,0
ENSG00000133056.13,PIK3C2B,0.0,0.0,0
ENSG00000213041.4,RP11-383G10.3,0.0,0.0,0
ENSG00000158711.13,ELK4,0.0,0.0,0
ENSG00000174514.12,MFSD4A,0.0,0.0,0
ENSG00000117266.15,CDK18,0.0,0.0,0
ENSG00000186007.9,LEMD1,0.0,0.0,0
ENSG00000235363.1,SNRPGP10,0.0,0.0,0
ENSG00000163545.8,NUAK2,0.0,0.00055749237,1
ENSG00000133069.15,TMCC2,0.0,0.0,0
ENSG00000133059.16,DSTYK,0.0,0.0,0
ENSG00000162892.15,IL24,0.0,0.0,0
ENSG00000117222.13,RBBP5,0.0,0.0,0
ENSG00000174529.7,TMEM81,0.0,0.0,0
ENSG00000184144.11,CNTN2,0.0,0.0,0
ENSG00000229657.2,RP11-494K3.2,0.0,0.0,0
ENSG00000163531.15,NFASC,0.0,0.0,0
ENSG00000170382.11,LRRN2,0.0,0.0,0
ENSG00000236779.1,RP11-430C7.2,0.0,0.0,0
ENSG00000236942.1,RP11-6B6.3,0.0,0.0,0
ENSG00000158715.5,SLC45A3,0.0,0.0,0
ENSG00000069275.12,NUCKS1,0.0,0.0,0
ENSG00000117280.12,RAB29,0.0,0.0,0
ENSG00000136634.5,IL10,0.0,0.0,0
ENSG00000284486.1,RP11-262N9.3,0.0,0.0,0
ENSG00000224114.1,RP11-343H5.4,0.0,0.0,0
ENSG00000162889.10,MAPKAPK2,0.0,0.0,0
ENSG00000143479.15,DYRK3,0.0,0.0,0
ENSG00000143486.15,EIF2D,0.0,0.0,0
ENSG00000266094.7,RASSF5,0.0,0.0,0
ENSG00000162888.4,C1orf147,0.0,0.0,0
ENSG00000263528.7,IKBKE,0.0,0.0,0
ENSG00000266028.7,SRGAP2,0.0,0.0,0
ENSG00000196550.10,FAM72A,0.0,0.0,0
ENSG00000196188.10,CTSE,0.0,0.0,0
ENSG00000174502.18,SLC26A9,0.0,0.0,0
ENSG00000162877.12,PM20D1,0.0,0.0,0
ENSG00000133065.10,SLC41A1,0.0,0.0,0
ENSG00000225338.1,RPL23AP18,0.0,4.5867655e-05,1
ENSG00000201544.1,SNORA16B,0.0,0.0,0
ENSG00000065600.12,TMEM206,0.0,0.0,0
ENSG00000162819.11,BROX,0.0,0.0,0
ENSG00000162909.17,CAPN2,0.0,0.0,0
ENSG00000227002.2,SNRPEP10,0.0,0.0,0
ENSG00000203697.11,CAPN8,0.0,0.0,0
ENSG00000143502.14,SUSD4,0.0,0.0,0
ENSG00000187554.11,TLR5,0.0,0.0,0
ENSG00000154309.8,DISP1,0.0,0.0,0
ENSG00000197520.10,FAM177B,0.0,0.0,0
ENSG00000186063.12,AIDA,0.0,0.0,0
ENSG00000117691.9,NENF,0.0,0.0,0
ENSG00000272750.1,RP11-378J18.8,0.0,0.0,0
ENSG00000229399.1,RP11-378J18.6,0.0,0.0,0
ENSG00000154305.16,MIA3,0.0,0.0,0
ENSG00000143498.17,TAF1A,0.0,0.0,0
ENSG00000143512.12,HHIPL2,0.0,0.0,0
ENSG00000143507.17,DUSP10,0.0,0.0,0
ENSG00000136630.12,HLX,0.0,0.0,0
ENSG00000143514.16,TP53BP2,0.0,0.0,0
ENSG00000188460.4,ACTBP11,0.0,0.0,0
ENSG00000272645.3,GTF2IP20,0.0,0.0,0
ENSG00000185495.10,RP11-504P24.3,0.0,0.0,0
ENSG00000143751.9,SDE2,0.0,0.0,0
ENSG00000143811.18,PYCR2,0.0,1.5531503e-05,1
ENSG00000196187.11,TMEM63A,0.0,0.0,0
ENSG00000143819.12,EPHX1,0.0,0.0,0
ENSG00000143742.12,SRP9,0.0,0.0,0
ENSG00000154380.17,ENAH,0.0,0.0,0
ENSG00000143815.14,LBR,0.0,0.0,0
ENSG00000185842.15,DNAH14,0.0,0.0,0
ENSG00000162923.14,WDR26,0.0,0.0,0
ENSG00000143771.11,CNIH4,0.0,0.0,0
ENSG00000221406.1,MIR320B2,0.0,0.0,0
ENSG00000143748.17,NVL,0.0,0.0,0
ENSG00000143753.12,DEGS1,0.0,0.0,0
ENSG00000236773.1,RP11-365O16.1,0.0,0.0,0
ENSG00000143756.11,FBXO28,0.0,0.0,0
ENSG00000257551.1,HLX-AS1,0.0,0.0,0
ENSG00000186205.12,1-Mar,0.0,0.0,0
ENSG00000117791.15,2-Mar,0.0,0.0,0
ENSG00000092978.10,GPATCH2,0.0,0.0,0
ENSG00000082482.13,KCNK2,0.0,0.0,0
ENSG00000250536.1,ABHD17AP3,0.0,0.0,0
ENSG00000117724.12,CENPF,0.0,0.0,0
ENSG00000215819.3,KRT18P12,0.0,0.0,0
ENSG00000213036.3,RP11-365D23.4,0.0,0.0,0
ENSG00000152104.11,PTPN14,0.0,0.0,0
ENSG00000143499.13,SMYD2,0.0,0.0,0
ENSG00000136643.11,RPS6KC1,0.0,0.0,0
ENSG00000174606.13,ANGEL2,0.0,0.0,0
ENSG00000143494.15,VASH2,0.0,0.0,0
ENSG00000162769.12,FLVCR1,0.0,0.0,0
ENSG00000203705.10,TATDN3,0.0,0.0,0
ENSG00000117697.14,NSL1,0.0,0.0,0
ENSG00000123685.8,BATF3,0.0,0.0,0
ENSG00000162772.16,ATF3,0.0,0.0,0
ENSG00000136636.12,KCTD3,0.0,0.0,0
ENSG00000162814.10,SPATA17,0.0,0.0,0
ENSG00000162817.6,C1orf115,0.0,0.0,0
ENSG00000067533.5,RRP15,0.0,0.0,0
ENSG00000233012.2,HDAC1P2,0.0,0.0,0
ENSG00000116141.15,MARK1,0.0,0.0022618233,1
ENSG00000213033.4,AURKAPS1,0.0,0.0,0
ENSG00000218283.2,MORF4L1P1,0.0,0.0,0
ENSG00000222370.1,SNORA36B,0.0,0.0,0
ENSG00000118873.15,RAB3GAP2,0.0,0.0,0
ENSG00000232134.1,RPS15AP12,0.0,0.0,0
ENSG00000207590.1,MIR215,0.0,0.0,0
ENSG00000067704.9,IARS2,0.0,0.0,0
ENSG00000162813.17,BPNT1,0.0,0.0,0
ENSG00000136628.17,EPRS,0.0,0.0,0
ENSG00000215817.5,ZC3H11B,0.0,0.0,0
ENSG00000143353.11,LYPLAL1,0.0,0.0,0
ENSG00000228063.1,LYPLAL1-AS1,0.0,0.0,0
ENSG00000092969.11,TGFB2,0.0,0.0,0
ENSG00000198625.12,MDM4,0.0,0.0,0
ENSG00000158615.8,PPP1R15B,0.0,0.0,0
ENSG00000230777.1,RPS29P5,0.0,0.0,0
ENSG00000198860.11,TSEN15,0.0,0.0,0
ENSG00000231084.2,CTA-253N17.1,0.0,0.0,0
ENSG00000116668.12,SWT1,0.0,0.0,0
ENSG00000121486.11,TRMT1L,0.0,0.0,0
ENSG00000121481.10,RNF2,0.0,0.0,0
ENSG00000135842.16,FAM129A,0.0,0.0,0
ENSG00000116406.18,EDEM3,0.0,0.0,0
ENSG00000116667.12,C1orf21,0.0,0.0,0
ENSG00000198756.10,COLGALT2,0.0,0.0,0
ENSG00000224040.1,HMGN1P4,0.0,0.0,0
ENSG00000173627.7,APOBEC4,0.0,0.0,0
ENSG00000143344.15,RGL1,0.0,0.0,0
ENSG00000162704.15,ARPC5,0.0,0.0,0
ENSG00000116701.14,NCF2,0.0,0.0,0
ENSG00000116698.21,SMG7,0.0,0.0,0
ENSG00000157064.10,NMNAT2,0.0,0.00048758058,1
ENSG00000058085.14,LAMC2,0.0,0.0,0
ENSG00000116679.15,IVNS1ABP,0.0,0.0,0
ENSG00000143341.11,HMCN1,0.0,0.0,0
ENSG00000116690.12,PRG4,0.0,0.0009440073,1
ENSG00000047410.13,TPR,0.0,0.0,0
ENSG00000233057.1,EEF1A1P14,0.0,0.0,0
ENSG00000162630.5,B3GALT2,0.0,0.0,0
ENSG00000134371.10,CDC73,0.0,0.0,0
ENSG00000023572.8,GLRX2,0.0,0.0,0
ENSG00000272579.1,RP11-101E13.5,0.0,0.0,0
ENSG00000116747.12,TROVE2,0.0,0.0,0
ENSG00000116741.7,RGS2,0.0,0.0,0
ENSG00000231767.3,RP11-92K2.2,0.0,0.0,0
ENSG00000090104.11,RGS1,0.0,5.8780668e-05,1
ENSG00000150681.9,RGS18,0.0,0.0,0
ENSG00000116711.9,PLA2G4A,0.0,0.0,0
ENSG00000073756.11,PTGS2,0.0,0.00057478936,1
ENSG00000116703.13,PDC,0.0,0.0,0
ENSG00000262180.1,OCLM,0.0,0.0,0
ENSG00000157181.15,C1orf27,0.0,0.0,0
ENSG00000135862.5,LAMC1,0.0,0.0,0
ENSG00000135829.16,DHX9,0.0,0.00041341438,1
ENSG00000219133.2,RP11-203F10.6,0.0,0.0,0
ENSG00000116194.12,ANGPTL1,0.0,0.0,0
ENSG00000057252.12,SOAT1,0.0,0.0,0
ENSG00000231564.1,EIF4A1P11,0.0,0.0,0
ENSG00000231905.2,SETP10,0.0,0.0,0
ENSG00000143322.19,ABL2,0.0,0.0,0
ENSG00000186283.13,TOR3A,0.0,0.0,0
ENSG00000232750.2,RP11-177A2.5,0.0,0.0,0
ENSG00000116199.11,FAM20B,0.0,0.0,0
ENSG00000228196.1,PTPN2P1,0.0,0.0,0
ENSG00000135838.13,NPL,0.0,0.0,0
ENSG00000116191.17,RALGPS2,0.0,0.0,0
ENSG00000213057.5,C1orf220,0.0,0.0,0
ENSG00000213058.3,RP4-765C7.2,0.0,0.00012951317,1
ENSG00000075391.16,RASAL2,0.0,0.0,0
ENSG00000120341.18,SEC16B,0.0,0.0,0
ENSG00000116183.10,PAPPA2,0.0,0.0,0
ENSG00000143207.19,RFWD2,0.0,0.0,0
ENSG00000162782.15,TDRD5,0.0,0.0,0
ENSG00000169905.12,TOR1AIP2,0.0,0.0,0
ENSG00000143337.18,TOR1AIP1,0.0,0.0,0
ENSG00000135837.15,CEP350,0.0,0.0,0
ENSG00000143333.6,RGS16,0.0,0.0004608518,1
ENSG00000135828.11,RNASEL,0.0,0.0,0
ENSG00000135821.17,GLUL,0.0,0.0,0
ENSG00000198216.10,CACNA1E,0.0,0.0,0
ENSG00000162783.10,IER5,0.0,0.00014923023,1
ENSG00000153029.14,MR1,0.0,0.0,0
ENSG00000135823.13,STX6,0.0,0.0,0
ENSG00000251520.1,RP11-46A10.6,0.0,0.0,0
ENSG00000243155.1,RP11-46A10.5,0.0,0.0,0
ENSG00000135835.11,KIAA1614,0.0,0.0,0
ENSG00000143324.13,XPR1,0.0,0.0,0
ENSG00000235060.1,VDAC1P4,0.0,0.0,0
ENSG00000230124.6,ACBD6,0.0,0.0,0
ENSG00000116260.16,QSOX1,0.0,0.0,0
ENSG00000235145.2,RPSAP16,0.0,0.0,0
ENSG00000162687.16,KCNT2,0.0,0.0,0
ENSG00000000971.15,CFH,0.0,0.0,0
ENSG00000116785.13,CFHR3,0.0,0.0,0
ENSG00000236439.4,RP11-175B9.3,0.0,0.0,0
ENSG00000159348.12,CYB5R1,0.0,0.0,0
ENSG00000159346.12,ADIPOR1,0.0,0.0,0
ENSG00000230280.2,HNRNPA1P59,0.0,0.0,0
ENSG00000117153.15,KLHL12,0.0,0.0,0
ENSG00000183155.4,RABIF,0.0,0.0,0
ENSG00000235449.2,RP11-480I12.2,0.0,0.0,0
ENSG00000117139.16,KDM5B,0.0,0.0,0
ENSG00000077157.21,PPP1R12B,0.0,0.0,0
ENSG00000134365.12,CFHR4,0.0,0.0,0
ENSG00000077152.9,UBE2T,0.0,0.0,0
ENSG00000133067.17,LGR6,0.0,0.0019134553,1
ENSG00000143851.15,PTPN7,0.0,0.0,0
ENSG00000143862.7,ARL8A,0.0,0.0,0
ENSG00000249007.1,RP11-510N19.5,0.0,0.0,0
ENSG00000163435.15,ELF3,0.0,0.0,0
ENSG00000273478.1,RP11-465N4.5,0.0,0.0,0
ENSG00000163444.11,TMEM183A,0.0,0.0,0
ENSG00000133055.8,MYBPH,0.0,0.0,0
ENSG00000133048.12,CHI3L1,0.0,0.0,0
ENSG00000133063.15,CHIT1,0.0,0.0,0
ENSG00000143850.13,PLEKHA6,0.0,0.0,0
ENSG00000174567.7,GOLT1A,0.0,0.0,0
ENSG00000143839.14,REN,0.0,0.0,0
ENSG00000143845.14,ETNK2,0.0,0.0,0
ENSG00000182004.12,SNRPE,0.0,0.0,0
ENSG00000227417.3,RP11-397P13.6,0.0,0.0,0
ENSG00000257315.2,ZBED6,0.0,0.0,0
ENSG00000058673.16,ZC3H11A,0.0,0.0,0
ENSG00000122188.12,LAX1,0.0,0.0,0
ENSG00000221643.1,SNORA77,0.0,0.0,0
ENSG00000236035.2,RP11-90O23.1,0.0,0.0,0
ENSG00000058668.14,ATP2B4,0.0,0.0,0
ENSG00000188783.5,PRELP,0.0,0.0,0
ENSG00000122176.10,FMOD,0.0,2.7804213e-05,1
ENSG00000159388.5,BTG2,0.0,0.0,0
ENSG00000176393.10,RNPEP,0.0,0.0,0
ENSG00000134375.10,TIMM17A,0.0,0.0,0
ENSG00000163431.12,LMOD1,0.0,0.0,0
ENSG00000231333.2,RPL34P6,0.0,0.0,0
ENSG00000118197.13,DDX59,0.0,0.0,0
ENSG00000118193.11,KIF14,0.0,0.0,0
ENSG00000116833.13,NR5A2,0.0,0.0,0
ENSG00000081237.18,PTPRC,0.0,0.0,0
ENSG00000151414.14,NEK7,0.0,0.0,0
ENSG00000203724.10,C1orf53,0.0,0.0,0
ENSG00000233040.2,FAM204BP,0.0,0.0,0
ENSG00000235582.2,RP11-448G4.2,0.0,0.0,0
ENSG00000213047.12,DENND1B,0.0,0.0,0
ENSG00000237861.1,RP11-332L8.1,0.0,0.0,0
ENSG00000177888.7,ZBTB41,0.0,0.0,0
ENSG00000235748.1,SEPT14P12,0.0,0.0,0
ENSG00000066279.17,ASPM,0.0,0.0,0
ENSG00000134389.9,CFHR5,0.0,0.0,0
ENSG00000080910.11,CFHR2,0.0,0.0,0
ENSG00000118200.14,CAMSAP2,0.0,9.138752e-05,1
ENSG00000163362.10,C1orf106,0.0,0.0,0
ENSG00000223774.5,RP11-307B6.3,0.0,0.0,0
ENSG00000116852.14,KIF21B,0.0,0.0,0
ENSG00000198892.6,SHISA4,0.0,0.0,0
ENSG00000198700.9,IPO9,0.0,0.0,0
ENSG00000221028.1,MIR1231,0.0,0.0001339645,1
ENSG00000231871.5,IPO9-AS1,0.0,0.0,0
ENSG00000134369.15,NAV1,0.0,0.0,0
ENSG00000242150.2,RPS10P7,0.0,0.0,0
ENSG00000223396.2,RP11-134G8.5,0.0,0.00013053976,1
ENSG00000159176.13,CSRP1,0.0,0.0,0
ENSG00000174307.6,PHLDA3,0.0,0.0005717657,1
ENSG00000159166.13,LAD1,0.0,0.0,0
ENSG00000118194.18,TNNT2,0.0,0.0,0
ENSG00000081277.12,PKP1,0.0,0.0,0
ENSG00000163395.16,IGFN1,0.0,0.0,0
ENSG00000116857.16,TMEM9,0.0,0.0,0
ENSG00000081248.10,CACNA1S,0.0,0.0,0
ENSG00000170365.9,SMAD1,0.0,0.0,0
ENSG00000250902.1,SMAD1-AS1,0.0,0.0,0
ENSG00000151611.13,MMAA,0.0,0.0,0
ENSG00000213005.3,PTTG3P,0.0,0.0,0
ENSG00000165084.15,C8orf34,0.0,0.0,0
ENSG00000046889.18,PREX2,0.0,0.0,0
ENSG00000066777.8,ARFGEF1,0.0,0.0,0
ENSG00000104218.14,CSPP1,0.0,0.0022304666,1
ENSG00000121022.13,COPS5,0.0,0.0,0
ENSG00000178125.14,PPP1R42,0.0,0.0,0
ENSG00000254341.2,SNORD87,0.0,0.0,0
ENSG00000104205.12,SGK3,0.0,0.0,0
ENSG00000066855.15,MTFR1,0.0,0.0,0
ENSG00000213865.7,C8orf44,0.0,0.0,0
ENSG00000175073.7,VCPIP1,0.0,0.0,0
ENSG00000185697.16,MYBL1,0.0,0.0,0
ENSG00000147576.15,ADHFE1,0.0,0.0,0
ENSG00000179041.3,RRS1,0.0,0.0,0
ENSG00000147573.16,TRIM55,0.0,0.0,0
ENSG00000147570.9,DNAJC5B,0.0,0.0,0
ENSG00000254332.1,GS1-44D20.1,0.0,0.00050791586,1
ENSG00000137573.13,SULF1,0.0,0.0,0
ENSG00000137571.10,SLCO5A1,0.0,0.0,0
ENSG00000140396.12,NCOA2,0.0,0.0,0
ENSG00000250295.6,RDH10-AS1,0.0,0.0,0
ENSG00000121039.9,RDH10,0.0,0.0,0
ENSG00000147604.13,RPL7,0.0,0.0,0
ENSG00000164764.10,SBSPON,0.0,0.0,0
ENSG00000147601.13,TERF1,0.0,0.0003560449,1
ENSG00000182674.5,KCNB2,0.0,0.0,0
ENSG00000104321.10,TRPA1,0.0,0.0,0
ENSG00000178860.8,MSC,0.0,0.0,0
ENSG00000235531.9,MSC-AS1,0.0,0.0,0
ENSG00000104313.17,EYA1,0.0,0.0,0
ENSG00000221947.7,XKR9,0.0,0.0,0
ENSG00000147592.8,LACTB2,0.0,0.0,0
ENSG00000246366.6,LACTB2-AS1,0.0,0.0,0
ENSG00000067167.7,TRAM1,0.0,0.0,0
ENSG00000213003.3,BTF3P12,0.0,0.0,0
ENSG00000205268.10,PDE7A,0.0,0.0,0
ENSG00000104442.9,ARMC1,0.0,0.0,0
ENSG00000104343.19,UBE2W,0.0,0.0,0
ENSG00000236814.1,RP11-446E9.1,0.0,0.0,0
ENSG00000181195.10,PENK,0.0,0.0,0
ENSG00000170786.12,SDR16C5,0.0,0.0,0
ENSG00000170791.17,CHCHD7,0.0,0.0,0
ENSG00000181690.7,PLAG1,0.0,0.00091032777,1
ENSG00000248578.1,NPM1P21,0.0,0.0012671093,1
ENSG00000238650.1,SNORD54,0.0,0.0,0
ENSG00000008988.9,RPS20,0.0,0.0,0
ENSG00000254087.7,LYN,0.0,0.0,0
ENSG00000172817.3,CYP7B1,0.0,0.0,0
ENSG00000137574.10,TGS1,0.0,0.0,0
ENSG00000167904.14,TMEM68,0.0,0.0,0
ENSG00000253857.1,RP11-386G21.2,0.0,0.0,0
ENSG00000253114.2,RP11-550I15.1,0.0,0.0,0
ENSG00000104237.7,RP1,0.0,0.0,0
ENSG00000164736.5,SOX17,0.0,0.0,0
ENSG00000137547.8,MRPL15,0.0,0.0,0
ENSG00000241431.1,RPL37P6,0.0,0.0,0
ENSG00000104331.8,IMPAD1,0.0,0.0,0
ENSG00000169122.11,FAM110B,0.0,0.0,0
ENSG00000215114.8,UBXN2B,0.0,0.0,0
ENSG00000185728.16,YTHDF3,0.0,0.0,0
ENSG00000137561.4,TTPA,0.0,0.0,0
ENSG00000137563.11,GGH,0.0,0.0,0
ENSG00000254285.3,KRT8P3,0.0,0.0,0
ENSG00000198363.17,ASPH,0.0,0.0,0
ENSG00000213881.3,NPM1P6,0.0,0.0,0
ENSG00000255397.1,AC022182.2,0.0,4.335834e-05,1
ENSG00000171316.11,CHD7,0.0,0.0,0
ENSG00000104388.14,RAB2A,0.0,0.0,0
ENSG00000178538.9,CA8,0.0,0.0,0
ENSG00000198846.5,TOX,0.0,0.0,0
ENSG00000242970.2,AC068522.4,0.0,0.0,0
ENSG00000035681.7,NSMAF,0.0,0.0,0
ENSG00000137575.11,SDCBP,0.0,0.0,0
ENSG00000250031.1,RP11-114M5.1,0.0,0.0,0
ENSG00000040341.17,STAU2,0.0,0.0,0
ENSG00000154582.16,ELOC,0.0,0.0,0
ENSG00000164941.13,INTS8,0.0,0.0,0
ENSG00000253621.1,RPSAP74,0.0,0.0,0
ENSG00000155099.7,TMEM55A,0.0,0.0,0
ENSG00000253250.2,C8orf88,0.0,0.0,0
ENSG00000123119.11,NECAB1,0.0,0.0,0
ENSG00000180694.13,TMEM64,0.0,0.0,0
ENSG00000104327.7,CALB1,0.0,0.0,0
ENSG00000104325.6,DECR1,0.0,0.0,0
ENSG00000104312.7,RIPK2,0.0,0.0,0
ENSG00000156103.15,MMP16,0.0,0.0,0
ENSG00000133742.13,CA1,0.0,0.0,0
ENSG00000085719.12,CPNE3,0.0,0.0,0
ENSG00000254088.1,SLC2A3P4,0.0,0.0,0
ENSG00000250569.1,NTAN1P2,0.0,0.0,0
ENSG00000176623.11,RMDN1,0.0,0.0,0
ENSG00000123124.13,WWP1,0.0,0.0,0
ENSG00000104267.9,CA2,0.0,0.0,0
ENSG00000253549.5,CA3-AS1,0.0,0.0,0
ENSG00000253358.1,GS1-251I9.3,0.0,0.0,0
ENSG00000155100.10,OTUD6B,0.0,0.0,0
ENSG00000214954.8,LRRC69,0.0,0.0,0
ENSG00000253525.1,CTD-2114J12.1,0.0,0.0,0
ENSG00000104413.15,ESRP1,0.0,0.0,0
ENSG00000265817.2,FSBP,0.0,0.0,0
ENSG00000197275.13,RAD54B,0.0,0.0,0
ENSG00000164949.7,GEM,0.0,0.0,0
ENSG00000079112.9,CDH17,0.0,0.0,0
ENSG00000240509.1,RPL34P18,0.0,0.0,0
ENSG00000164951.15,PDP1,0.0,0.0,0
ENSG00000164953.15,TMEM67,0.0,0.0,0
ENSG00000279331.1,RBM12B-AS1,0.0,0.0,0
ENSG00000253722.1,RP11-10N23.4,0.0,0.0,0
ENSG00000183808.11,RBM12B,0.0,0.0,0
ENSG00000188343.12,FAM92A,0.0,0.0,0
ENSG00000205133.11,TRIQK,0.0,0.0,0
ENSG00000079102.16,RUNX1T1,0.0,0.0,0
ENSG00000147606.8,SLC26A7,0.0,0.0,0
ENSG00000164879.6,CA3,0.0,0.0,0
ENSG00000257962.1,RP11-219B4.6,0.0,0.0,0
ENSG00000175606.10,TMEM70,0.0,0.0025007338,3
ENSG00000164749.11,HNF4G,0.0,0.0,0
ENSG00000164683.16,HEY1,0.0,0.0,0
ENSG00000104435.13,STMN2,0.0,5.799882e-05,1
ENSG00000253919.1,THAP12P7,0.0,0.0,0
ENSG00000104432.13,IL7,0.0,0.0,0
ENSG00000104427.11,ZC2HC1A,0.0,0.0013356626,1
ENSG00000171033.12,PKIA,0.0,0.0,0
ENSG00000164751.14,PEX2,0.0,0.0,0
ENSG00000121005.8,CRISPLD1,0.0,0.0,0
ENSG00000185015.7,CA13,0.0,0.0,0
ENSG00000137558.7,PI15,0.0,0.0,0
ENSG00000253341.1,RP11-730G20.2,0.0,0.0,0
ENSG00000104381.12,GDAP1,0.0,0.0,0
ENSG00000104369.4,JPH1,0.0,0.0,0
ENSG00000154589.6,LY96,0.0,0.0,0
ENSG00000253833.1,RP11-367E12.4,0.0,0.0,0
ENSG00000244295.2,RPS20P21,0.0,0.0,0
ENSG00000241746.1,RP11-941H19.1,0.0,0.0,0
ENSG00000205189.11,ZBTB10,0.0,0.0,0
ENSG00000188856.6,RPSAP47,0.0,0.0,0
ENSG00000254331.1,CKS1BP7,0.0,0.0,0
ENSG00000176731.11,C8orf59,0.0,0.0,0
ENSG00000133740.10,E2F5,0.0,0.0,0
ENSG00000133739.15,LRRCC1,0.0,0.0,0
ENSG00000231942.3,HNRNPA1P36,0.0,0.0,0
ENSG00000104497.13,SNX16,0.0,0.0,0
ENSG00000164695.4,CHMP4C,0.0,0.0,0
ENSG00000104231.10,ZFAND1,0.0,0.0009550533,1
ENSG00000253598.1,SLC10A5,0.0,0.0,0
ENSG00000133731.9,IMPA1,0.0,0.0,0
ENSG00000237264.4,FTH1P11,0.0,0.0,0
ENSG00000253374.5,RP11-257P3.3,0.0,0.0,0
ENSG00000170323.8,FABP4,0.0,0.0,0
ENSG00000164687.10,FABP5,0.0,0.0,0
ENSG00000254027.1,RP11-363E6.3,0.0,0.0,0
ENSG00000076641.4,PAG1,0.0,0.0005122666,1
ENSG00000254274.1,TDGF1P5,0.0,0.0,0
ENSG00000120992.17,LYPLA1,0.0,0.0,0
ENSG00000253667.2,RP11-30L15.4,0.0,0.0,0
ENSG00000189233.11,NUGGC,0.0,0.0,0
ENSG00000147421.17,HMBOX1,0.0,0.0,0
ENSG00000104299.14,INTS9,0.0,0.0,0
ENSG00000012232.8,EXTL3,0.0,0.0,0
ENSG00000104290.10,FZD3,0.0,0.0,0
ENSG00000214050.7,FBXO16,0.0,0.0,0
ENSG00000186918.13,ZNF395,0.0,0.00071738346,2
ENSG00000134014.16,ELP3,0.0,0.0,0
ENSG00000168079.16,SCARA5,0.0,0.0,0
ENSG00000120907.17,ADRA1A,0.0,0.0,0
ENSG00000168078.9,PBK,0.0,0.0,0
ENSG00000171320.14,ESCO2,0.0,0.0,0
ENSG00000147419.17,CCDC25,0.0,0.0,0
ENSG00000168077.13,SCARA3,0.0,0.0,0
ENSG00000120885.21,CLU,0.0,0.0,0
ENSG00000120915.13,EPHX2,0.0,0.0,0
ENSG00000120899.17,PTK2B,0.0,0.000117775286,1
ENSG00000197892.12,KIF13B,0.0,0.0,0
ENSG00000120875.8,DUSP4,0.0,9.082458e-05,1
ENSG00000133872.13,SARAF,0.0,0.0,0
ENSG00000272256.1,RP11-489E7.4,0.0,0.0,0
ENSG00000254061.1,RP11-359B20.1,0.0,0.0,0
ENSG00000172728.15,FUT10,0.0,0.0,0
ENSG00000157168.18,NRG1,0.0,0.0,0
ENSG00000253961.1,RP11-363L24.3,0.0,0.0,0
ENSG00000165392.9,WRN,0.0,0.0,0
ENSG00000104695.12,PPP2CB,0.0,0.0,0
ENSG00000104691.14,UBXN8,0.0,0.0,0
ENSG00000104687.12,GSR,0.0,0.0,0
ENSG00000253457.2,SMIM18,0.0,0.0,0
ENSG00000197265.8,GTF2E2,0.0,0.0,0
ENSG00000157110.15,RBPMS,0.0,0.0,0
ENSG00000104671.7,DCTN6,0.0,0.0,0
ENSG00000177669.3,MBOAT4,0.0,0.0,0
ENSG00000241511.1,RPS15AP24,0.0,0.0,0
ENSG00000104660.17,LEPROTL1,0.0,0.00032147174,1
ENSG00000104228.12,TRIM35,0.0,0.0,0
ENSG00000092964.17,DPYSL2,0.0,0.0,0
ENSG00000187735.13,TCEA1,0.0,0.0,0
ENSG00000245025.2,RP11-875O11.1,0.0,0.0,0
ENSG00000104679.10,R3HCC1,0.0,0.0,0
ENSG00000147457.13,CHMP7,0.0,0.0,0
ENSG00000243265.1,RPL23AP55,0.0,0.0,0
ENSG00000104689.9,TNFRSF10A,0.0,0.0,0
ENSG00000173530.5,TNFRSF10D,0.0,0.0,0
ENSG00000173535.13,TNFRSF10C,0.0,0.0002697188,1
ENSG00000008853.16,RHOBTB2,0.0,0.0,0
ENSG00000134020.7,PEBP4,0.0,0.0,0
ENSG00000240694.8,PNMA2,0.0,0.0,0
ENSG00000179388.8,EGR3,0.0,0.0,0
ENSG00000147439.12,BIN3,0.0,0.0,0
ENSG00000253200.1,RP11-582J16.5,0.0,0.0,0
ENSG00000158941.16,CCAR2,0.0,0.0,0
ENSG00000120913.23,PDLIM2,0.0,0.0,0
ENSG00000254230.1,RP11-582J16.3,0.0,0.0,0
ENSG00000120896.13,SORBS3,0.0,0.0,0
ENSG00000134013.15,LOXL2,0.0,0.0,0
ENSG00000253837.1,RP11-177H13.2,0.0,0.0,0
ENSG00000197217.12,ENTPD4,0.0,0.0,0
ENSG00000147454.13,SLC25A37,0.0,0.0001391687,1
ENSG00000251203.1,RP11-14I17.1,0.0,0.0,0
ENSG00000104765.15,BNIP3L,0.0,3.7342288e-05,1
ENSG00000228451.3,SDAD1P1,0.0,0.0,0
ENSG00000221914.9,PPP2R2A,0.0,0.0,0
ENSG00000221818.8,EBF2,0.0,0.0,0
ENSG00000184661.13,CDCA2,0.0,0.0,0
ENSG00000104756.15,KCTD9,0.0,0.0,0
ENSG00000147437.9,GNRH1,0.0,0.0,0
ENSG00000147459.17,DOCK5,0.0,0.0,0
ENSG00000277586.2,NEFL,0.0,0.0,0
ENSG00000104722.13,NEFM,0.0,0.0,0
ENSG00000272163.1,GS1-72M22.1,0.0,3.1039963e-05,1
ENSG00000134028.14,ADAMDEC1,0.0,0.0,0
ENSG00000042980.12,ADAM28,0.0,0.0,0
ENSG00000159167.11,STC1,0.0,0.0,0
ENSG00000129696.12,TTI2,0.0,0.0,0
ENSG00000198042.10,MAK16,0.0,0.0,0
ENSG00000239039.1,SNORD13,0.0,0.0,0
ENSG00000240395.1,RPL5P23,0.0,0.0,0
ENSG00000168522.12,FNTA,0.0,0.0,0
ENSG00000120925.15,RNF170,0.0,0.0,0
ENSG00000131931.8,THAP1,0.0,0.0004604825,1
ENSG00000176209.11,SMIM19,0.0,0.0,0
ENSG00000168575.9,SLC20A2,0.0,0.0,0
ENSG00000078668.13,VDAC3,0.0,0.0,0
ENSG00000104371.4,DKK4,0.0,0.00022412601,1
ENSG00000070501.11,POLB,0.0,0.0,0
ENSG00000133874.1,RNF122,0.0,0.0,0
ENSG00000104365.13,IKBKB,0.0,0.0,0
ENSG00000104368.17,PLAT,0.0,0.0,0
ENSG00000083168.9,KAT6A,0.0,0.0,0
ENSG00000029534.19,ANK1,0.0,0.0,0
ENSG00000264578.1,RP11-360L9.8,0.0,0.0,0
ENSG00000158669.11,GPAT4,0.0,0.0,0
ENSG00000253133.1,RP11-360L9.4,0.0,0.0,0
ENSG00000185900.9,POMK,0.0,0.0,0
ENSG00000165102.14,HGSNAT,0.0,0.00021592942,1
ENSG00000248347.3,RP11-1134I14.2,0.0,0.0,0
ENSG00000188873.4,RPL10AP2,0.0,0.0,0
ENSG00000047249.17,ATP6V1H,0.0,0.0,0
ENSG00000023287.12,RB1CC1,0.0,0.0,0
ENSG00000147488.11,ST18,0.0,0.0,0
ENSG00000228801.5,RP11-110G21.1,0.0,0.0,0
ENSG00000168300.13,PCMTD1,0.0,0.0,0
ENSG00000147485.12,PXDNL,0.0,0.0,0
ENSG00000019549.9,SNAI2,0.0,0.0,0
ENSG00000169139.11,UBE2V2,0.0,0.0,0
ENSG00000104738.16,MCM4,0.0,0.0,0
ENSG00000253729.7,PRKDC,0.0,0.0,0
ENSG00000221869.4,CEBPD,0.0,0.0,0
ENSG00000254065.1,RP11-697N18.2,0.0,0.0,0
ENSG00000251354.3,RP11-697N18.1,0.0,0.0,0
ENSG00000253330.1,RP11-697N18.3,0.0,0.0,0
ENSG00000164808.16,SPIDR,0.0,0.0,0
ENSG00000147536.11,GINS4,0.0,0.0,0
ENSG00000147533.16,GOLGA7,0.0,0.0,0
ENSG00000104332.11,SFRP1,0.0,0.0,0
ENSG00000085788.13,DDHD2,0.0,0.0,0
ENSG00000175324.9,LSM1,0.0,0.0,0
ENSG00000253356.1,RP11-90P5.2,0.0,0.0,0
ENSG00000147465.11,STAR,0.0,0.0,0
ENSG00000187840.4,EIF4EBP1,0.0,0.0,0
ENSG00000156675.15,RAB11FIP1,0.0,0.0,0
ENSG00000104221.12,BRF2,0.0,0.0,0
ENSG00000020181.17,ADGRA2,0.0,0.0006127982,1
ENSG00000147471.11,PROSC,0.0,0.0,0
ENSG00000233170.4,RP11-863K10.4,0.0,0.0,0
ENSG00000147475.14,ERLIN2,0.0,0.0,0
ENSG00000183779.6,ZNF703,0.0,0.0,0
ENSG00000253414.2,RP11-150O12.6,0.0,0.0,0
ENSG00000232024.2,LSM12P1,0.0,0.00052813266,1
ENSG00000243181.2,RP11-734J24.1,0.0,0.0,0
ENSG00000188512.6,RP1-273G13.2,0.0,0.0,0
ENSG00000156735.10,BAG4,0.0,0.0,0
ENSG00000147535.16,PLPP5,0.0,0.0,0
ENSG00000176907.4,C8orf4,0.0,0.0,0
ENSG00000147548.16,NSD3,0.0,0.0,0
ENSG00000188676.13,IDO2,0.0,0.0,0
ENSG00000254287.1,RP11-44K6.4,0.0,0.0,0
ENSG00000131203.12,IDO1,0.0,0.0,0
ENSG00000197140.14,ADAM32,0.0,0.0,0
ENSG00000168615.11,ADAM9,0.0,0.0,0
ENSG00000169490.16,TM2D2,0.0,0.0,0
ENSG00000169495.4,HTRA4,0.0,0.0,0
ENSG00000169499.14,PLEKHA2,0.0,0.0,0
ENSG00000147526.19,TACC1,0.0,0.0,0
ENSG00000253570.1,RNF5P1,0.0,0.0,0
ENSG00000255201.1,RP11-350N15.4,0.0,0.0,0
ENSG00000077782.19,FGFR1,0.0,0.0,0
ENSG00000272159.1,RP11-350N15.6,0.0,0.0,0
ENSG00000165046.12,LETM2,0.0,0.0,0
ENSG00000254898.1,RP11-513D5.2,0.0,0.0,0
ENSG00000156162.16,DPY19L4,0.0,0.0,0
ENSG00000175305.17,CCNE2,0.0,0.0,0
ENSG00000213362.3,FTH1P12,0.0,0.0,0
ENSG00000261150.2,EPPK1,0.0,0.0,0
ENSG00000197858.10,GPAA1,0.0,0.0,0
ENSG00000178896.8,EXOSC4,0.0,0.0,0
ENSG00000178814.16,OPLAH,0.0,0.0,0
ENSG00000186583.11,SPATC1,0.0,0.0,0
ENSG00000178719.16,GRINA,0.0,0.0,0
ENSG00000178685.13,PARP10,0.0,0.0,0
ENSG00000178209.14,PLEC,0.0,0.0,0
ENSG00000185189.17,NRBP2,0.0,0.0,0
ENSG00000179886.5,TIGD5,0.0,0.0,0
ENSG00000179950.13,PUF60,0.0,0.0,0
ENSG00000180900.18,SCRIB,0.0,0.0,0
ENSG00000180921.6,FAM83H,0.0,0.0,0
ENSG00000254548.1,RP11-429J17.5,0.0,0.0,0
ENSG00000181085.14,MAPK15,0.0,0.0,0
ENSG00000181135.15,ZNF707,0.0,0.0,0
ENSG00000183309.11,ZNF623,0.0,0.0,0
ENSG00000179091.4,CYC1,0.0,0.0,0
ENSG00000179526.16,SHARPIN,0.0,0.0,0
ENSG00000179632.9,MAF1,0.0,0.0,0
ENSG00000179698.13,WDR97,0.0,0.0,0
ENSG00000254578.1,CTD-2517M22.16,0.0,0.0,0
ENSG00000187954.12,CYHR1,0.0,0.0,0
ENSG00000232600.3,TONSL-AS1,0.0,0.0,0
ENSG00000160949.16,TONSL,0.0,0.0,0
ENSG00000160948.13,VPS28,0.0,0.0,0
ENSG00000147804.9,SLC39A4,0.0,0.0,0
ENSG00000071894.16,CPSF1,0.0,0.0,0
ENSG00000182325.10,FBXL6,0.0,0.0,0
ENSG00000185803.8,SLC52A2,0.0,0.0,0
ENSG00000185000.11,DGAT1,0.0,0.0,0
ENSG00000185122.10,HSF1,0.0,0.0,0
ENSG00000260428.2,SCX,0.0,0.0,0
ENSG00000261236.7,BOP1,0.0,0.0,0
ENSG00000179832.17,MROH1,0.0,0.0,0
ENSG00000235173.6,HGH1,0.0,0.0,0
ENSG00000104524.13,PYCRL,0.0,0.0,0
ENSG00000104529.17,EEF1D,0.0,0.0,0
ENSG00000160972.9,PPP1R16A,0.0,0.0,0
ENSG00000181790.10,ADGRB1,0.0,0.0,0
ENSG00000197353.3,LYPD2,0.0,0.0,0
ENSG00000126233.1,SLURP1,0.0,0.0,0
ENSG00000253806.1,CTD-2292P10.2,0.0,0.0,0
ENSG00000130193.7,THEM6,0.0,0.0,0
ENSG00000160886.13,LY6K,0.0,0.0,0
ENSG00000167653.4,PSCA,0.0,0.0,0
ENSG00000234616.8,JRK,0.0,0.0,0
ENSG00000171045.14,TSNARE1,0.0,0.0,0
ENSG00000254741.1,RP11-661A12.7,0.0,0.0,0
ENSG00000271959.1,CTD-3064M3.7,0.0,0.0,0
ENSG00000226807.6,MROH5,0.0,0.0,0
ENSG00000184489.11,PTP4A3,0.0,0.0,0
ENSG00000254019.1,RP11-10J21.3,0.0,0.0,0
ENSG00000022567.9,SLC45A4,0.0,0.0,0
ENSG00000105339.10,DENND3,0.0,0.0,0
ENSG00000254324.3,MIR151A,0.0,0.0,0
ENSG00000283992.1,LYNX1,0.0,0.0,0
ENSG00000180155.19,LYNX1,0.0,0.0,0
ENSG00000167656.4,LY6D,0.0,0.0,0
ENSG00000253715.1,RP11-706C16.8,0.0,0.0,0
ENSG00000279605.1,RP11-661A12.8,0.0,0.0,0
ENSG00000147813.15,NAPRT,0.0,0.00053712545,1
ENSG00000255050.1,RP11-661A12.9,0.0,0.0,0
ENSG00000204839.8,MROH6,0.0,1.8447332e-05,1
ENSG00000104518.10,GSDMD,0.0,0.0,0
ENSG00000014164.6,ZC3H3,0.0,0.0,0
ENSG00000158106.13,RHPN1,0.0,0.0,0
ENSG00000184428.12,TOP1MT,0.0,0.0,0
ENSG00000185730.7,ZNF696,0.0,0.0,0
ENSG00000250571.6,GLI4,0.0,0.0,0
ENSG00000181638.17,ZFP41,0.0,0.0,0
ENSG00000277494.1,GPIHBP1,0.0,0.0,0
ENSG00000177335.10,C8orf31,0.0,0.0,0
ENSG00000160932.10,LY6E,0.0,0.00043568356,1
ENSG00000253971.1,CDC42P3,0.0,0.0,0
ENSG00000167702.11,KIFC2,0.0,0.0,0
ENSG00000255182.2,CTD-2517M22.14,0.0,0.0,0
ENSG00000243979.2,RP11-347C18.1,0.0,0.0,0
ENSG00000099219.13,ERMP1,0.0,0.0,0
ENSG00000178445.9,GLDC,0.0,0.0,0
ENSG00000147854.16,UHRF2,0.0,0.0,0
ENSG00000233846.2,RP11-307L3.2,0.0,0.0,0
ENSG00000137033.11,IL33,0.0,0.0,0
ENSG00000137040.9,RANBP6,0.0,0.0,0
ENSG00000120215.9,MLANA,0.0,0.0,0
ENSG00000183354.11,KIAA2026,0.0,0.0,0
ENSG00000107036.11,RIC1,0.0,0.0,0
ENSG00000106993.11,CDC37L1,0.0,0.0,0
ENSG00000197646.7,PDCD1LG2,0.0,0.0,0
ENSG00000120217.13,CD274,0.0,0.0,0
ENSG00000107020.9,PLGRKT,0.0,0.0,0
ENSG00000120211.4,INSL4,0.0,0.0,0
ENSG00000182347.10,PDSS1P1,0.0,0.0,0
ENSG00000096968.13,JAK2,0.0,0.0,0
ENSG00000120158.11,RCL1,0.0,0.0,0
ENSG00000231381.2,RNF2P1,0.0,0.0023770095,3
ENSG00000107077.18,KDM4C,0.0,0.0,0
ENSG00000256968.1,SNRPEP2,0.0,0.0,0
ENSG00000230581.2,ACTG1P14,0.0,0.0,0
ENSG00000155158.20,TTC39B,0.0,0.0,0
ENSG00000214110.3,LDHAP4,0.0,0.0,0
ENSG00000164946.19,FREM1,0.0,0.0,0
ENSG00000175893.11,ZDHHC21,0.0,0.0,0
ENSG00000234982.1,RP11-280O24.3,0.0,0.0,0
ENSG00000147862.15,NFIB,0.0,0.0,0
ENSG00000107186.16,MPDZ,0.0,0.0017612947,1
ENSG00000214121.4,PRDX1P1,0.0,4.7096164e-05,1
ENSG00000153714.5,LURAP1L,0.0,0.0,0
ENSG00000107165.12,TYRP1,0.0,0.0,0
ENSG00000265735.2,RN7SL5P,0.0,0.0,0
ENSG00000212829.8,RPS26P3,0.0,0.0,0
ENSG00000153707.16,PTPRD,0.0,0.0,0
ENSG00000137038.7,TMEM261,0.0,0.0019926466,2
ENSG00000230207.1,RPL4P5,0.0,0.0,0
ENSG00000147853.16,AK3,0.0,0.0,0
ENSG00000205808.5,PLPP6,0.0,0.0,0
ENSG00000167701.13,GPT,0.0,0.00023645193,1
ENSG00000196378.11,ZNF34,0.0,0.0,0
ENSG00000196922.10,ZNF252P,0.0,0.0,0
ENSG00000170631.14,ZNF16,0.0,0.0,0
ENSG00000196150.13,ZNF250,0.0,0.0,0
ENSG00000170619.9,COMMD5,0.0,0.0,0
ENSG00000147789.15,ZNF7,0.0,0.0,0
ENSG00000197363.9,ZNF517,0.0,0.0,0
ENSG00000161016.17,RPL8,0.0,0.0,0
ENSG00000198169.8,ZNF251,0.0,0.0,0
ENSG00000106686.16,SPATA6L,0.0,0.0,0
ENSG00000147799.11,ARHGAP39,0.0,0.0,0
ENSG00000213563.6,C8orf82,0.0,0.0,0
ENSG00000254402.6,LRRC24,0.0,0.0,0
ENSG00000160959.7,LRRC14,0.0,0.0,0
ENSG00000265393.1,CTD-2517M22.17,0.0,0.0,0
ENSG00000160957.12,RECQL4,0.0,0.0,0
ENSG00000167700.8,MFSD3,0.0,0.0,0
ENSG00000255164.1,RP5-1047A19.4,0.0,0.00010932153,1
ENSG00000254618.1,TMED10P1,0.0,0.0,0
ENSG00000182307.12,C8orf33,0.0,0.0,0
ENSG00000181404.15,WASHC1,0.0,0.0,0
ENSG00000106688.11,SLC1A1,0.0,0.0,0
ENSG00000237009.2,GLIS3-AS1,0.0,0.0,0
ENSG00000107249.21,GLIS3,0.0,0.0,0
ENSG00000080298.15,RFX3,0.0,0.0,0
ENSG00000080608.9,PUM3,0.0,0.0014079524,2
ENSG00000168263.8,KCNV2,0.0,0.0,0
ENSG00000147852.15,VLDLR,0.0,0.0,0
ENSG00000236404.8,VLDLR-AS1,0.0,0.00041568358,1
ENSG00000080503.22,SMARCA2,0.0,0.0,0
ENSG00000173253.15,DMRT2,0.0,0.0,0
ENSG00000107104.18,KANK1,0.0,0.0,0
ENSG00000107099.15,DOCK8,0.0,0.0,0
ENSG00000183784.6,C9orf66,0.0,0.00043826806,1
ENSG00000172785.18,CBWD1,0.0,0.0,0
ENSG00000170122.5,FOXD4,0.0,0.0,0
ENSG00000169398.19,PTK2,0.0,0.0,0
ENSG00000123908.11,AGO2,0.0,0.0,0
ENSG00000104472.9,CHRAC1,0.0,0.0,0
ENSG00000104517.12,UBR5,0.0,0.0,0
ENSG00000164930.11,FZD6,0.0,0.0,0
ENSG00000164929.16,BAALC,0.0,0.0,0
ENSG00000155097.11,ATP6V1C1,0.0,0.0,0
ENSG00000244052.1,RPL5P24,0.0,0.0,0
ENSG00000155096.13,AZIN1,0.0,0.0,0
ENSG00000155090.14,KLF10,0.0,0.0,0
ENSG00000272037.1,KB-431C1.5,0.0,0.0,0
ENSG00000048392.11,RRM2B,0.0,0.0,0
ENSG00000070756.15,PABPC1,0.0,0.0,0
ENSG00000282989.1,KB-1396H2.2,0.0,0.0007354178,1
ENSG00000253629.1,KB-1107E3.1,0.0,0.0,0
ENSG00000104490.17,NCALD,0.0,0.0,0
ENSG00000253153.1,KB-1562D12.3,0.0,0.0,0
ENSG00000253991.1,KB-1562D12.2,0.0,0.0,0
ENSG00000083307.10,GRHL2,0.0,0.0,0
ENSG00000120963.11,ZNF706,0.0,0.0,0
ENSG00000164932.12,CTHRC1,0.0,0.0,0
ENSG00000164933.11,SLC25A32,0.0,0.0,0
ENSG00000164934.13,DCAF13,0.0,0.0,0
ENSG00000176406.22,RIMS2,0.0,0.0,0
ENSG00000104447.12,TRPS1,0.0,0.0,0
ENSG00000147642.16,SYBU,0.0,0.0,0
ENSG00000147654.14,EBAG9,0.0,0.0,0
ENSG00000205038.11,PKHD1L1,0.0,0.0,0
ENSG00000120533.12,ENY2,0.0,0.0,0
ENSG00000120526.10,NUDCD1,0.0,0.0,0
ENSG00000104412.7,EMC2,0.0,0.0,0
ENSG00000104408.9,EIF3E,0.0,0.0,0
ENSG00000154188.9,ANGPT1,0.0,0.0,0
ENSG00000253676.1,TAGLN2P1,0.0,0.0,0
ENSG00000164830.18,OXR1,0.0,0.0,0
ENSG00000147650.11,LRP12,0.0,0.0,0
ENSG00000164935.6,DCSTAMP,0.0,0.0,0
ENSG00000147647.12,DPYS,0.0,0.00045157754,1
ENSG00000239344.1,RP11-771F20.1,0.0,0.0,0
ENSG00000164924.17,YWHAZ,0.0,0.0,0
ENSG00000251013.1,GAPDHP62,0.0,0.0,0
ENSG00000167632.14,TRAPPC9,0.0,0.0008876552,1
ENSG00000169439.11,SDC2,0.0,0.0,0
ENSG00000156482.10,RPL30,0.0,0.0,0
ENSG00000132561.13,MATN2,0.0,0.0,0
ENSG00000270861.1,KB-1589B1.4,0.0,0.0,0
ENSG00000104341.16,LAPTM4B,0.0,0.0,0
ENSG00000147649.9,MTDH,0.0,0.0,0
ENSG00000180543.4,TSPYL5,0.0,0.0,0
ENSG00000104324.15,CPQ,0.0,0.0,0
ENSG00000156471.12,PTDSS1,0.0,0.0,0
ENSG00000186106.11,ANKRD46,0.0,0.0,0
ENSG00000156469.8,MTERF3,0.0,0.0,0
ENSG00000156467.9,UQCRB,0.0,0.0,0
ENSG00000253945.1,RP11-328L11.1,0.0,0.0,0
ENSG00000156172.5,C8orf37,0.0,0.0,0
ENSG00000175895.3,PLEKHF2,0.0,0.0,0
ENSG00000164938.13,TP53INP1,0.0,0.0003438009,1
ENSG00000156170.12,NDUFAF6,0.0,0.0,0
ENSG00000245970.2,KB-1208A12.3,0.0,0.0,0
ENSG00000207067.1,SNORA72,0.0,0.000491549,1
ENSG00000177459.10,ERICH5,0.0,0.0,0
ENSG00000132541.10,RIDA,0.0,0.0,0
ENSG00000034677.12,RNF19A,0.0,0.0,0
ENSG00000104450.12,SPAG1,0.0,0.0,0
ENSG00000147669.10,POLR2K,0.0,0.0,0
ENSG00000156509.13,FBXO43,0.0,7.788131e-05,1
ENSG00000132554.19,RGS22,0.0,0.0,0
ENSG00000164919.10,COX6C,0.0,0.0,0
ENSG00000207804.1,MIR599,0.0,0.0,0
ENSG00000236583.1,AP004290.1,0.0,0.0,0
ENSG00000132549.18,VPS13B,0.0,0.0,0
ENSG00000253180.1,RP11-410L14.1,0.0,0.0,0
ENSG00000164920.9,OSR2,0.0,0.0,0
ENSG00000254112.1,KB-1205A7.1,0.0,0.0,0
ENSG00000104375.15,STK3,0.0,0.0,0
ENSG00000104361.9,NIPAL2,0.0,0.00037169358,1
ENSG00000104356.10,POP1,0.0,0.0,0
ENSG00000147677.10,EIF3H,0.0,0.0,0
ENSG00000147679.11,UTP23,0.0,0.0007972863,2
ENSG00000164754.14,RAD21,0.0,0.0,0
ENSG00000156831.7,NSMCE2,0.0,0.0,0
ENSG00000221176.1,MIR1207,0.0,0.00016767399,1
ENSG00000280055.1,TMEM75,0.0,0.00039346042,1
ENSG00000136997.16,MYC,0.0,0.0,0
ENSG00000224722.3,RP11-255B23.1,0.0,0.0,0
ENSG00000254010.1,RP11-103H7.5,0.0,0.0,0
ENSG00000168672.3,FAM84B,0.0,0.0,0
ENSG00000173334.3,TRIB1,0.0,0.0,0
ENSG00000253167.1,WASHC5-AS1,0.0,0.0,0
ENSG00000164758.7,MED30,0.0,0.0,0
ENSG00000164961.15,WASHC5,0.0,0.0,0
ENSG00000104549.11,SQLE,0.0,0.0,0
ENSG00000180938.5,ZNF572,0.0,0.0,0
ENSG00000272486.1,RP11-532M24.1,0.0,0.0,0
ENSG00000170873.18,MTSS1,0.0,0.00092773093,1
ENSG00000147684.7,NDUFB9,0.0,0.0,0
ENSG00000253106.1,RP11-158K1.3,0.0,0.0,0
ENSG00000147697.8,GSDMC,0.0,0.0,0
ENSG00000153310.19,FAM49B,0.0,0.0,0
ENSG00000153317.14,ASAP1,0.0,0.0,0
ENSG00000132294.14,EFR3A,0.0,0.0,0
ENSG00000169436.16,COL22A1,0.0,0.0,0
ENSG00000131773.13,KHDRBS3,0.0,0.0,0
ENSG00000248492.1,ZFAT-AS1,0.0,0.0,0
ENSG00000066827.15,ZFAT,0.0,0.00012157623,1
ENSG00000008513.14,ST3GAL1,0.0,0.0,0
ENSG00000225259.4,ST13P6,0.0,0.0,0
ENSG00000104419.14,NDRG1,0.0,0.0,0
ENSG00000104415.13,WISP1,0.0,0.0,0
ENSG00000155926.13,SLA,0.0,0.0,0
ENSG00000042832.11,TG,0.0,0.0,0
ENSG00000223697.3,AF230666.2,0.0,0.0,0
ENSG00000129292.20,PHF20L1,0.0,0.0,0
ENSG00000165071.14,TMEM71,0.0,0.00025632195,1
ENSG00000129295.8,LRRC6,0.0,0.0,0
ENSG00000184156.16,KCNQ3,0.0,5.9634e-06,1
ENSG00000147687.18,TATDN1,0.0,0.0,0
ENSG00000170881.4,RNF139,0.0,0.0,0
ENSG00000183665.5,TRMT12,0.0,0.0,0
ENSG00000172167.7,MTBP,0.0,0.0,0
ENSG00000187955.11,COL14A1,0.0,0.0,0
ENSG00000155792.9,DEPTOR,0.0,0.0,0
ENSG00000245330.4,KB-1471A8.1,0.0,0.0,0
ENSG00000136982.5,DSCC1,0.0,0.0,0
ENSG00000064313.11,TAF2,0.0,0.0,0
ENSG00000253495.1,CYCSP23,0.0,0.0,0
ENSG00000136960.12,ENPP2,0.0,0.0,0
ENSG00000136999.4,NOV,0.0,0.0,0
ENSG00000147676.13,MAL2,0.0,0.0,0
ENSG00000184374.2,COLEC10,0.0,0.0,0
ENSG00000164761.8,TNFRSF11B,0.0,0.0,0
ENSG00000225885.6,AC023590.1,0.0,0.0,0
ENSG00000177570.13,SAMD12,0.0,0.0,0
ENSG00000182197.10,EXT1,0.0,0.0,0
ENSG00000239917.3,RPS10P16,0.0,0.0,0
ENSG00000172172.7,MRPL13,0.0,0.0,0
ENSG00000172164.13,SNTB1,0.0,0.0,0
ENSG00000164983.7,TMEM65,0.0,0.0,0
ENSG00000170961.6,HAS2,0.0,0.0,0
ENSG00000214814.7,FER1L6,0.0,0.0,0
ENSG00000176853.15,FAM91A1,0.0,0.0,0
ENSG00000104537.16,ANXA13,0.0,0.0008119826,1
ENSG00000156804.7,FBXO32,0.0,0.0,0
ENSG00000156795.6,WDYHV1,0.0,0.0,0
ENSG00000156802.12,ATAD2,0.0,0.0,0
ENSG00000165156.14,ZHX1,0.0,0.0,0
ENSG00000243498.2,UBA52P5,0.0,0.0,0
ENSG00000189376.11,C8orf76,0.0,0.0,0
ENSG00000253258.1,RP11-539E17.5,0.0,0.00016106831,1
ENSG00000147689.16,FAM83A,0.0,0.0,0
ENSG00000156787.16,TBC1D31,0.0,0.0,0
ENSG00000136986.9,DERL1,0.0,0.0,0
ENSG00000253607.1,RP11-557C18.3,0.0,0.0,0
ENSG00000178764.7,ZHX2,0.0,0.0,0
ENSG00000254272.1,RP11-382J24.2,0.0,0.0,0
ENSG00000120910.14,PPP3CC,0.0,0.0,0
ENSG00000104635.13,SLC39A14,0.0,0.0,0
ENSG00000177683.13,THAP5,0.0,0.0,0
ENSG00000006652.13,IFRD1,0.0,0.0,0
ENSG00000198839.9,ZNF277,0.0,0.0,0
ENSG00000128512.20,DOCK4,0.0,0.0,0
ENSG00000227948.4,AC003989.4,0.0,0.0,0
ENSG00000173114.12,LRRN3,0.0,0.0,0
ENSG00000184903.9,IMMP2L,0.0,0.0,0
ENSG00000128590.4,DNAJB9,0.0,0.0,0
ENSG00000231006.1,RPL7P32,0.0,0.0,0
ENSG00000172209.5,GPR22,0.0,0.0,0
ENSG00000135241.16,PNPLA8,0.0,0.0,0
ENSG00000091129.19,NRCAM,0.0,0.0,0
ENSG00000091136.13,LAMB1,0.0,0.0,0
ENSG00000091140.13,DLD,0.0,0.0,0
ENSG00000105879.11,CBLL1,0.0,0.000505423,1
ENSG00000091137.11,SLC26A4,0.0,0.0,0
ENSG00000075790.10,BCAP29,0.0,0.0,0
ENSG00000181016.9,LSMEM1,0.0,2.403748e-05,1
ENSG00000146802.12,TMEM168,0.0,0.0,0
ENSG00000164603.11,BMT2,0.0,0.00158334,1
ENSG00000214194.8,LINC00998,0.0,0.0,0
ENSG00000228368.1,AC106873.4,0.0,0.0,0
ENSG00000276100.1,ST7-OT4_3,0.0,0.0,0
ENSG00000273571.1,ST7-OT4_2,0.0,0.0,0
ENSG00000214188.9,ST7-OT4,0.0,0.0,0
ENSG00000004866.20,ST7,0.0,0.0,0
ENSG00000227199.1,ST7-AS1,0.0,0.0,0
ENSG00000198898.13,CAPZA2,0.0,0.0,0
ENSG00000105976.14,MET,0.0,0.0,0
ENSG00000105974.11,CAV1,0.0,0.0,0
ENSG00000105971.14,CAV2,0.0,0.0,0
ENSG00000135269.17,TES,0.0,0.0,0
ENSG00000279086.1,RP11-667F14.1,0.0,0.000115230236,1
ENSG00000105967.15,TFEC,0.0,0.0,0
ENSG00000135272.10,MDFIC,0.0,0.0,0
ENSG00000128573.24,FOXP2,0.0,0.0,0
ENSG00000105865.10,DUS4L,0.0,0.0,0
ENSG00000164597.13,COG5,0.0,0.0,0
ENSG00000105989.8,WNT2,0.0,0.0,0
ENSG00000236848.2,RPL23AP95,0.0,0.0,0
ENSG00000189056.13,RELN,0.0,0.0,0
ENSG00000170615.14,SLC26A5,0.0,0.0,0
ENSG00000235354.1,RPS29P16,0.0,0.0,0
ENSG00000161057.11,PSMC2,0.0,0.0,0
ENSG00000105821.14,DNAJC2,0.0,0.0,0
ENSG00000105819.13,PMPCB,0.0,0.0,0
ENSG00000170629.14,DPY19L2P2,0.0,0.0,0
ENSG00000224415.1,RP11-401L13.4,0.0,0.0,0
ENSG00000105856.13,HBP1,0.0,0.0,0
ENSG00000161048.11,NAPEPLD,0.0,0.0,0
ENSG00000170632.13,ARMC10,0.0,0.0,0
ENSG00000128606.12,LRRC17,0.0,0.0,0
ENSG00000161040.16,FBXL13,0.0,0.0,0
ENSG00000222011.8,FAM185A,0.0,0.0,0
ENSG00000233297.4,RASA4DP,0.0,0.0,0
ENSG00000228049.7,POLR2J2,0.0,0.0,0
ENSG00000164815.10,ORC5,0.0,0.0,0
ENSG00000197258.5,EIF4BP6,0.0,0.0,0
ENSG00000005483.20,KMT2E,0.0,0.0,0
ENSG00000135250.16,SRPK2,0.0,0.000423179,1
ENSG00000005249.12,PRKAR2B,0.0,0.0,0
ENSG00000105851.10,PIK3CG,0.0,0.0,0
ENSG00000253276.2,CCDC71L,0.0,2.247901e-05,1
ENSG00000105835.11,NAMPT,0.0,0.0,0
ENSG00000008282.8,SYPL1,0.0,0.0008521105,1
ENSG00000128536.15,CDHR3,0.0,0.0,0
ENSG00000226624.1,CTA-351J1.1,0.0,0.0,0
ENSG00000146776.14,ATXN7L1,0.0,0.0,0
ENSG00000231167.3,YBX1P2,0.0,0.0,0
ENSG00000185055.10,EFCAB10,0.0,0.0,0
ENSG00000135249.7,RINT1,0.0,0.0,0
ENSG00000091127.13,PUS7,0.0,0.0,0
ENSG00000242154.1,RP4-778K6.3,0.0,0.0,0
ENSG00000244490.1,RWDD4P1,0.0,0.0,0
ENSG00000213361.2,RP4-778K6.1,0.0,0.0,0
ENSG00000213050.5,TPM3P1,0.0,0.0,0
ENSG00000001626.14,CFTR,0.0,0.0,0
ENSG00000197181.11,PIWIL2,0.0,0.0,0
ENSG00000128524.4,ATP6V1F,0.0,0.0,0
ENSG00000238072.1,RP11-305M3.2,0.0,0.0,0
ENSG00000158467.16,AHCYL2,0.0,0.0,0
ENSG00000128602.9,SMO,0.0,0.0,0
ENSG00000158457.5,TSPAN33,0.0,0.0,0
ENSG00000230359.5,TPI1P2,0.0,0.0,0
ENSG00000064419.13,TNPO3,0.0,0.0,0
ENSG00000128604.19,IRF5,0.0,0.0,0
ENSG00000135253.13,KCP,0.0,0.0,0
ENSG00000230715.3,RP11-274B21.4,0.0,0.0,0
ENSG00000128591.15,FLNC,0.0,0.0,0
ENSG00000128596.16,CCDC136,0.0,0.0,0
ENSG00000128617.2,OPN1SW,0.0,0.0,0
ENSG00000128595.16,CALU,0.0,0.0,0
ENSG00000201041.1,RNA5SP242,0.0,0.0,0
ENSG00000205085.10,FAM71F2,0.0,0.0,0
ENSG00000281490.1,CICP14,0.0,0.0,0
ENSG00000128578.9,STRIP2,0.0,0.0,0
ENSG00000240204.2,SMKR1,0.0,0.0,0
ENSG00000106459.14,NRF1,0.0,0.0,0
ENSG00000186591.11,UBE2H,0.0,0.0,0
ENSG00000221866.9,PLXNA4,0.0,0.0,0
ENSG00000213261.3,EEF1B2P6,0.0,0.0,0
ENSG00000128567.16,PODXL,0.0,0.0,0
ENSG00000128585.17,MKLN1,0.0,0.0,0
ENSG00000270953.1,RP11-2E11.9,0.0,0.0,0
ENSG00000158623.14,COPG2,0.0,0.0,0
ENSG00000270823.1,RP11-2E11.6,0.0,0.001336315,1
ENSG00000106484.14,MEST,0.0,0.00014445923,1
ENSG00000106477.18,CEP41,0.0,0.0,0
ENSG00000091704.9,CPA1,0.0,0.0,0
ENSG00000128510.10,CPA4,0.0,0.0,0
ENSG00000158516.11,CPA2,0.0,0.0,0
ENSG00000240571.1,RP11-775D22.3,0.0,0.0,0
ENSG00000146842.16,TMEM209,0.0,0.0,0
ENSG00000128607.13,KLHDC10,0.0,0.0,0
ENSG00000243679.1,RP11-274B21.3,0.0,0.0,0
ENSG00000243302.3,RP11-274B21.2,0.0,0.0,0
ENSG00000077063.10,CTTNBP2,0.0,0.0,0
ENSG00000008311.14,AASS,0.0,4.9470913e-05,1
ENSG00000128609.14,NDUFA5,0.0,0.0,0
ENSG00000164675.10,IQUB,0.0,0.0,0
ENSG00000227573.2,RP5-1166A24.1,0.0,0.0,0
ENSG00000235631.1,RNF148,0.0,0.0,0
ENSG00000188050.2,RNF133,0.0,0.0,0
ENSG00000235459.5,RPS26P31,0.0,0.0,0
ENSG00000081803.15,CADPS2,0.0,0.0,0
ENSG00000106278.11,PTPRZ1,0.0,0.0,0
ENSG00000281896.1,RP11-274B21.13,0.0,0.0,0
ENSG00000196937.10,FAM3C,0.0,0.0,0
ENSG00000234927.1,HMGN1P18,0.0,0.0,0
ENSG00000106034.17,CPED1,0.0,0.0,0
ENSG00000071243.15,ING3,0.0,0.0,0
ENSG00000106025.8,TSPAN12,0.0,0.0,0
ENSG00000184408.9,KCND2,0.0,0.0,0
ENSG00000128534.7,LSM8,0.0,0.0,0
ENSG00000170807.11,LMOD2,0.0,0.0,0
ENSG00000106299.7,WASL,0.0,0.0,0
ENSG00000170775.2,GPR37,0.0,0.0,0
ENSG00000128513.14,POT1,0.0,0.0,0
ENSG00000213280.2,RP11-212P7.1,0.0,0.00018140391,1
ENSG00000280828.1,RP11-274B21.1,0.0,0.0,0
ENSG00000272601.1,RP11-155G14.5,0.0,0.0,0
ENSG00000135245.9,HILPDA,0.0,0.0,0
ENSG00000106348.16,IMPDH1,0.0,0.0,0
ENSG00000106344.8,RBM28,0.0,0.0,0
ENSG00000207588.1,MIR593,0.0,0.0,0
ENSG00000128594.7,LRRC4,0.0,0.0,0
ENSG00000279078.1,SND1-IT1,0.0,0.0,0
ENSG00000240579.1,RP11-20L24.1,0.0,0.0,0
ENSG00000197157.10,SND1,0.0,0.0,0
ENSG00000004059.10,ARF5,0.0,0.0,0
ENSG00000179562.2,GCC1,0.0,0.0,0
ENSG00000048405.9,ZNF800,0.0,0.0,0
ENSG00000179603.17,GRM8,0.0,0.0,0
ENSG00000173678.14,SPDYE2B,0.0,8.494385e-05,1
ENSG00000267368.1,UPK3BL,0.0,0.0011145403,1
ENSG00000279168.2,RP11-514P8.10,0.0,0.0,0
ENSG00000180535.3,BHLHA15,0.0,0.0,0
ENSG00000196367.12,TRRAP,0.0,0.0,0
ENSG00000166448.14,TMEM130,0.0,0.0,0
ENSG00000106236.3,NPTX2,0.0,0.0,0
ENSG00000214389.2,RPS3AP26,0.0,0.00016119641,1
ENSG00000006453.13,BAIAP2L1,0.0,0.0,0
ENSG00000164713.9,BRI3,0.0,0.0,0
ENSG00000205356.9,TECPR1,0.0,0.0,0
ENSG00000164715.5,LMTK2,0.0,0.0,0
ENSG00000196636.7,SDHAF3,0.0,0.0,0
ENSG00000243554.1,AC004967.7,0.0,2.6055865e-05,1
ENSG00000183444.10,OR7E38P,0.0,0.0,0
ENSG00000238228.1,OR7E7P,0.0,0.0,0
ENSG00000232097.1,AC079781.8,0.0,0.0,0
ENSG00000237818.1,RPS3AP29,0.0,0.0,0
ENSG00000226744.1,AC079781.5,0.0,0.0,0
ENSG00000070669.16,ASNS,0.0,0.0,0
ENSG00000238109.1,AC004893.10,0.0,0.0,0
ENSG00000242687.2,AC004893.11,0.0,0.0,0
ENSG00000198742.9,SMURF1,0.0,0.0,0
ENSG00000185467.7,KPNA7,0.0,0.0,0
ENSG00000197037.10,ZSCAN25,0.0,0.0,0
ENSG00000244219.6,GS1-259H13.2,0.0,0.0,0
ENSG00000197343.10,ZNF655,0.0,0.0,0
ENSG00000221909.2,FAM200A,0.0,0.0,0
ENSG00000196652.11,ZKSCAN5,0.0,0.0,0
ENSG00000160908.14,ZNF394,0.0,0.0,0
ENSG00000198556.13,ZNF789,0.0,0.0,0
ENSG00000241468.7,ATP5J2,0.0,0.0,0
ENSG00000228335.1,AC073063.10,0.0,0.0,0
ENSG00000160917.14,CPSF4,0.0,0.0,0
ENSG00000106246.17,PTCD1,0.0,0.0,0
ENSG00000106245.10,BUD31,0.0,0.0,0
ENSG00000106244.12,PDAP1,0.0,0.0,0
ENSG00000130429.12,ARPC1B,0.0,0.0,0
ENSG00000241685.9,ARPC1A,0.0,0.0,0
ENSG00000006128.11,TAC1,0.0,0.0,0
ENSG00000105880.4,DLX5,0.0,0.0,0
ENSG00000105808.17,RASA4,0.0,0.0,0
ENSG00000127993.15,RBM48,0.0,0.0,0
ENSG00000004948.13,CALCR,0.0,0.0,0
ENSG00000004766.15,VPS50,0.0,0.0,0
ENSG00000188175.9,HEPACAM2,0.0,0.0,0
ENSG00000177409.11,SAMD9L,0.0,0.0,0
ENSG00000205413.7,SAMD9,0.0,0.0,0
ENSG00000105810.9,CDK6,0.0,0.0,0
ENSG00000234545.7,FAM133B,0.0,0.0,0
ENSG00000127980.15,PEX1,0.0,0.0,0
ENSG00000127922.9,SEM1,0.0,0.0,0
ENSG00000242950.6,ERVW-1,0.0,0.0,0
ENSG00000244055.1,AC007566.10,0.0,0.0,0
ENSG00000157259.6,GATAD1,0.0,0.0,0
ENSG00000001631.15,KRIT1,0.0,0.0,0
ENSG00000240720.7,LRRD1,0.0,0.0,0
ENSG00000001630.15,CYP51A1,0.0,0.0,0
ENSG00000127914.16,AKAP9,0.0,0.0,0
ENSG00000237729.2,AC002075.4,0.0,0.00025818287,1
ENSG00000105825.11,TFPI2,0.0,0.0,0
ENSG00000127920.5,GNG11,0.0,0.0,0
ENSG00000105829.11,BET1,0.0,0.0,0
ENSG00000208025.1,MIR591,0.0,0.0,0
ENSG00000004864.13,SLC25A13,0.0,0.0,0
ENSG00000158560.14,DYNC1I1,0.0,0.0,0
ENSG00000004799.7,PDK4,0.0,0.0,0
ENSG00000273138.1,GS1-293C5.1,0.0,0.00018922429,1
ENSG00000105854.12,PON2,0.0,0.0,0
ENSG00000105852.10,PON3,0.0,0.0,0
ENSG00000228751.1,AC004022.8,0.0,0.0,0
ENSG00000237160.2,AC004022.7,0.0,0.0,0
ENSG00000005421.8,PON1,0.0,0.0,0
ENSG00000158528.11,PPP1R9A,0.0,0.0,0
ENSG00000242265.5,PEG10,0.0,0.0,0
ENSG00000127990.15,SGCE,0.0,0.00071697374,1
ENSG00000127995.16,CASD1,0.0,0.0,0
ENSG00000164692.17,COL1A2,0.0,0.0,0
ENSG00000106258.13,CYP3A5,0.0,0.0,0
ENSG00000282301.1,CYP3A7-CYP3A51P,0.0,0.0,0
ENSG00000282277.1,CYP3A51P,0.0,0.0,0
ENSG00000087085.13,ACHE,0.0,0.0,0
ENSG00000128564.6,VGF,0.0,0.0,0
ENSG00000106367.13,AP1S1,0.0,0.0,0
ENSG00000106366.8,SERPINE1,0.0,0.0,0
ENSG00000169871.12,TRIM56,0.0,0.0,0
ENSG00000205277.9,MUC12,0.0,0.00023826903,1
ENSG00000274993.1,RP11-395B7.2,0.0,0.0,0
ENSG00000169894.17,MUC3A,0.0,0.0,0
ENSG00000176125.4,UFSP1,0.0,0.0,0
ENSG00000160870.12,CYP3A7,0.0,0.0,0
ENSG00000087087.18,SRRT,0.0,0.0,0
ENSG00000087077.13,TRIP6,0.0,0.0,0
ENSG00000146828.17,SLC12A9,0.0,0.0,0
ENSG00000196411.9,EPHB4,0.0,0.0,0
ENSG00000172336.4,POP7,0.0,0.0,0
ENSG00000146830.9,GIGYF1,0.0,0.0,0
ENSG00000172354.9,GNB2,0.0,0.0,0
ENSG00000106397.11,PLOD3,0.0,0.0,0
ENSG00000106400.11,ZNHIT1,0.0,0.0,0
ENSG00000106404.13,CLDN15,0.0,0.00034490696,1
ENSG00000232445.1,RP11-132A1.4,0.0,0.0,0
ENSG00000205238.9,SPDYE2,0.0,0.0,0
ENSG00000168255.19,POLR2J3,0.0,0.0,0
ENSG00000170667.14,RASA4B,0.0,0.0,0
ENSG00000005075.15,POLR2J,0.0,0.0,0
ENSG00000161036.12,LRWD1,0.0,0.0,0
ENSG00000160993.3,ALKBH4,0.0,0.0,0
ENSG00000160991.15,ORAI2,0.0,0.0,0
ENSG00000239486.1,RP11-163E9.1,0.0,0.0,0
ENSG00000239969.5,RP11-163E9.2,0.0,0.0,0
ENSG00000128563.13,PRKRIP1,0.0,0.0,0
ENSG00000260097.2,SPDYE6,0.0,0.0,0
ENSG00000170409.7,CTA-313A17.2,0.0,0.0,0
ENSG00000160999.10,SH2B2,0.0,0.0,0
ENSG00000257923.9,CUX1,0.0,0.0,0
ENSG00000128581.15,IFT22,0.0,0.0,0
ENSG00000106327.12,TFR2,0.0,0.0,0
ENSG00000106330.11,MOSPD3,0.0,0.0,0
ENSG00000106333.12,PCOLCE,0.0,0.0,0
ENSG00000239521.7,GATS,0.0,0.0,0
ENSG00000213420.7,GPC2,0.0,0.0,0
ENSG00000197093.10,GAL3ST4,0.0,0.0,0
ENSG00000146826.16,C7orf43,0.0,0.0,0
ENSG00000188186.10,LAMTOR4,0.0,0.0,0
ENSG00000166997.7,CNPY4,0.0,0.0,0
ENSG00000106290.14,TAF6,0.0,0.0,0
ENSG00000221838.9,AP4M1,0.0,0.0,0
ENSG00000207547.1,MIR25,0.0,0.0,0
ENSG00000166508.17,MCM7,0.0,0.0,0
ENSG00000168090.9,COPS6,0.0,0.0,0
ENSG00000166529.14,ZSCAN21,0.0,0.0,0
ENSG00000106261.16,ZKSCAN1,0.0,0.0,0
ENSG00000160862.12,AZGP1,0.0,0.0,0
ENSG00000176402.5,GJC3,0.0,0.0,0
ENSG00000146833.15,TRIM4,0.0,0.0,0
ENSG00000066923.17,STAG3,0.0,0.0,0
ENSG00000213413.2,PVRIG,0.0,0.0,0
ENSG00000224729.5,PCOLCE-AS1,0.0,0.0,0
ENSG00000214300.7,SPDYE3,0.0,0.0,0
ENSG00000106336.12,FBXO24,0.0,0.0,0
ENSG00000077454.15,LRCH4,0.0,0.0,0
ENSG00000205307.11,SAP25,0.0,0.0,0
ENSG00000106351.12,AGFG2,0.0,0.0,0
ENSG00000166925.8,TSC22D4,0.0,0.0,0
ENSG00000185955.4,C7orf61,0.0,0.0,0
ENSG00000160813.6,PPP1R35,0.0,0.0,0
ENSG00000241357.1,RP11-758P17.2,0.0,0.0,0
ENSG00000146834.13,MEPCE,0.0,0.0,0
ENSG00000078487.17,ZCWPW1,0.0,0.0,0
ENSG00000085514.15,PILRA,0.0,0.0,0
ENSG00000235333.3,PVRIG2P,0.0,0.0,0
ENSG00000121716.20,PILRB,0.0,0.0,0
ENSG00000242294.6,STAG3L5P,0.0,0.0,0
ENSG00000078319.9,PMS2P1,0.0,0.0,0
ENSG00000106554.11,CHCHD3,0.0,0.0,0
ENSG00000283041.1,RP11-371A22.1,0.0,0.0050943824,1
ENSG00000131558.14,EXOC4,0.0,0.0,0
ENSG00000105983.20,LMBR1,0.0,0.0,0
ENSG00000224324.1,THAP5P1,0.0,0.0,0
ENSG00000155093.17,PTPRN2,0.0,0.0,0
ENSG00000105993.14,DNAJB6,0.0,0.0,0
ENSG00000236018.2,RP4-814D15.1,0.0,0.0,0
ENSG00000225224.1,RPS27AP12,0.0,0.0,0
ENSG00000009335.17,UBE3C,0.0,0.0,0
ENSG00000146909.7,NOM1,0.0,0.0,0
ENSG00000224903.1,AC005534.8,0.0,0.0,0
ENSG00000196584.2,XRCC2,0.0,0.0,0
ENSG00000105982.16,RNF32,0.0,0.0,0
ENSG00000234450.1,AC005534.6,0.0,0.0,0
ENSG00000182648.11,LINC01006,0.0,0.001443031,1
ENSG00000184863.10,RBM33,0.0,0.0,0
ENSG00000186480.12,INSIG1,0.0,0.0,0
ENSG00000157212.18,PAXIP1,0.0,0.0,0
ENSG00000214106.7,PAXIP1-AS2,0.0,0.0,0
ENSG00000146918.19,NCAPG2,0.0,0.0,0
ENSG00000117868.15,ESYT2,0.0,0.0,0
ENSG00000126870.15,WDR60,0.0,0.0,0
ENSG00000223508.5,RPL23AP53,0.0,0.0,0
ENSG00000164816.7,DEFA5,0.0,0.0,0
ENSG00000239839.6,DEFA3,0.0,0.0,0
ENSG00000164822.4,DEFA6,0.0,0.0,0
ENSG00000164825.3,DEFB1,0.0,0.0,0
ENSG00000155189.11,AGPAT5,0.0,0.0,0
ENSG00000249898.7,MCPH1-AS1,0.0,0.0,0
ENSG00000091879.13,ANGPT2,0.0,0.0,0
ENSG00000253550.1,RP11-115C21.4,0.0,0.0,0
ENSG00000147316.12,MCPH1,0.0,0.0,0
ENSG00000036448.9,MYOM2,0.0,0.0,0
ENSG00000104728.15,ARHGEF10,0.0,0.0,0
ENSG00000182372.9,CLN8,0.0,0.0,0
ENSG00000104714.13,ERICH1,0.0,0.0,0
ENSG00000147364.16,FBXO25,0.0,0.0,0
ENSG00000172748.13,ZNF596,0.0,0.0,0
ENSG00000133627.17,ACTR3B,0.0,0.0,0
ENSG00000225416.1,AC104843.3,0.0,0.0,0
ENSG00000179144.4,GIMAP7,0.0,0.0,0
ENSG00000055118.14,KCNH2,0.0,0.0,0
ENSG00000164889.13,SLC4A2,0.0,0.0,0
ENSG00000164885.12,CDK5,0.0,0.0,0
ENSG00000213199.7,ASIC3,0.0,0.0,0
ENSG00000243433.1,RP11-148K1.10,0.0,0.0,0
ENSG00000197150.12,ABCB8,0.0,0.0,0
ENSG00000181652.19,ATG9B,0.0,0.0,0
ENSG00000164867.10,NOS3,0.0,0.0,0
ENSG00000002726.20,AOC1,0.0,0.0,0
ENSG00000241007.1,SEPT7P6,0.0,0.0,0
ENSG00000002933.7,TMEM176A,0.0,0.0,0
ENSG00000106565.17,TMEM176B,0.0,0.0,0
ENSG00000241134.3,BET1P1,0.0,0.0,0
ENSG00000196329.11,GIMAP5,0.0,0.0,0
ENSG00000213203.2,GIMAP1,0.0,0.0,0
ENSG00000106560.10,GIMAP2,0.0,0.0,0
ENSG00000133561.15,GIMAP6,0.0,0.0,0
ENSG00000244151.1,RP11-148K1.12,0.0,0.0,0
ENSG00000164896.19,FASTK,0.0,0.0,0
ENSG00000164897.12,TMUB1,0.0,0.00021223149,1
ENSG00000133612.18,AGAP3,0.0,0.0,0
ENSG00000204894.4,RP11-208G20.2,0.0,0.0,0
ENSG00000055609.17,KMT2C,0.0,0.0,0
ENSG00000229591.1,RP5-981O7.2,0.0,0.0,0
ENSG00000178234.12,GALNT11,0.0,0.0,0
ENSG00000106617.13,PRKAG2,0.0,0.0,0
ENSG00000240132.1,ETF1P2,0.0,0.0,0
ENSG00000106615.9,RHEB,0.0,0.0,0
ENSG00000243836.5,WDR86-AS1,0.0,0.0,0
ENSG00000187260.15,WDR86,0.0,0.0,0
ENSG00000013374.15,NUB1,0.0,0.0,0
ENSG00000272661.1,RP4-548D19.3,0.0,0.0,0
ENSG00000082014.16,SMARCD3,0.0,0.0,0
ENSG00000284191.1,MIR671,0.0,0.0,0
ENSG00000033100.16,CHPF2,0.0,0.0,0
ENSG00000033050.7,ABCF2,0.0,0.0,0
ENSG00000233295.3,FAM90A20P,0.0,0.0,0
ENSG00000177257.2,DEFB4B,0.0,0.0,0
ENSG00000171711.2,DEFB4A,0.0,0.0,0
ENSG00000003989.17,SLC7A2,0.0,0.0,0
ENSG00000171428.13,NAT1,0.0,0.0,0
ENSG00000104763.18,ASAH1,0.0,0.0,0
ENSG00000078674.17,PCM1,0.0,0.0,0
ENSG00000253215.1,RP11-156K13.2,0.0,0.0,0
ENSG00000104760.16,FGL1,0.0,0.0,0
ENSG00000129422.14,MTUS1,0.0,0.0,0
ENSG00000104213.12,PDGFRL,0.0,0.0,0
ENSG00000003987.13,MTMR7,0.0,0.0,0
ENSG00000173295.7,FAM86B3P,0.0,0.0,0
ENSG00000155975.9,VPS37A,0.0,0.0,0
ENSG00000198791.11,CNOT7,0.0,0.0,0
ENSG00000104219.12,ZDHHC2,0.0,0.0,0
ENSG00000155970.11,MICU3,0.0,0.0,0
ENSG00000038945.14,MSR1,0.0,0.0,0
ENSG00000104723.20,TUSC3,0.0,0.0006563761,1
ENSG00000164743.4,C8orf48,0.0,0.0007662546,1
ENSG00000156011.16,PSD3,0.0,0.0,0
ENSG00000104611.11,SH2D4A,0.0,0.0,0
ENSG00000147408.14,CSGALNACT1,0.0,0.0,0
ENSG00000104613.11,INTS10,0.0,0.0,0
ENSG00000168495.12,POLR3D,0.0,0.0,0
ENSG00000168487.17,BMP1,0.0,0.00041270853,1
ENSG00000168484.12,SFTPC,0.0,0.0006767246,1
ENSG00000168481.8,LGI3,0.0,0.0,0
ENSG00000168476.11,REEP4,0.0,0.0,0
ENSG00000168453.14,HR,0.0,0.0,0
ENSG00000275074.1,NUDT18,0.0,0.0,0
ENSG00000158863.21,FAM160B2,0.0,0.0,0
ENSG00000158856.17,DMTN,0.0,0.0,0
ENSG00000158806.13,NPM2,0.0,0.0,0
ENSG00000130227.16,XPO7,0.0,0.0,0
ENSG00000147443.12,DOK2,0.0,0.0,0
ENSG00000061337.15,LZTS1,0.0,0.0,0
ENSG00000147416.10,ATP6V1B2,0.0,0.0,0
ENSG00000175445.14,LPL,0.0,0.0,0
ENSG00000164741.14,DLC1,0.0,0.0,0
ENSG00000250305.8,KIAA1456,0.0,0.0,0
ENSG00000154359.12,LONRF1,0.0,0.0,0
ENSG00000254556.1,AF131215.4,0.0,0.0,0
ENSG00000171044.10,XKR6,0.0,0.0,0
ENSG00000254093.8,PINX1,0.0,1.0293033e-06,1
ENSG00000171056.7,SOX7,0.0,0.0,0
ENSG00000175806.14,MSRA,0.0,0.0,0
ENSG00000207701.1,MIR597,0.0,0.0,0
ENSG00000173273.15,TNKS,0.0,0.0,0
ENSG00000272267.2,RP11-375N15.2,0.0,0.0010342078,1
ENSG00000254340.1,RP11-10A14.3,0.0,0.0,0
ENSG00000173281.4,PPP1R3B,0.0,0.0,0
ENSG00000104626.14,ERI1,0.0,0.0,0
ENSG00000270966.1,RP11-62H7.3,0.0,0.0,0
ENSG00000147324.10,MFHAS1,0.0,0.0,0
ENSG00000253958.1,CLDN23,0.0,0.0,0
ENSG00000275342.4,PRAG1,0.0,0.0,0
ENSG00000253981.5,ALG1L13P,0.0,0.0,0
ENSG00000254936.4,AF131215.3,0.0,0.0,0
ENSG00000280273.2,AF131216.7,0.0,0.0,0
ENSG00000242607.1,RPS3AP34,0.0,0.0,0
ENSG00000104643.9,MTMR9,0.0,0.0,0
ENSG00000251402.3,FAM90A25P,0.0,0.0,0
ENSG00000255556.2,RP11-351I21.6,0.0,0.0,0
ENSG00000254423.1,RP11-351I21.7,0.0,0.0,0
ENSG00000186523.14,FAM86B1,0.0,0.0,0
ENSG00000249889.1,ALG1L11P,0.0,0.0,0
ENSG00000223443.2,USP17L2,0.0,0.0,0
ENSG00000226430.6,USP17L7,0.0,0.0,0
ENSG00000254923.1,RP11-1236K1.8,0.0,0.0,0
ENSG00000164733.20,CTSB,0.0,0.0,0
ENSG00000079459.12,FDFT1,0.0,0.00022640084,1
ENSG00000154328.15,NEIL2,0.0,0.0009663824,1
ENSG00000255354.1,RP11-148O21.2,0.0,0.0,0
ENSG00000255518.1,RP11-148O21.4,0.0,0.0,0
ENSG00000136573.12,BLK,0.0,0.0,0
ENSG00000177710.5,SLC35G5,0.0,0.0,0
ENSG00000133574.9,GIMAP4,0.0,0.0,0
ENSG00000171115.3,GIMAP8,0.0,0.0,0
ENSG00000155530.2,LRGUK,0.0,0.0,0
ENSG00000090266.12,NDUFB2,0.0,0.0,0
ENSG00000257093.6,KIAA1147,0.0,0.0,0
ENSG00000244701.1,RP5-894A10.2,0.0,0.0,0
ENSG00000006530.15,AGK,0.0,0.0,0
ENSG00000261115.5,TMEM178B,0.0,0.0,0
ENSG00000090263.15,MRPS33,0.0,0.0,0
ENSG00000157764.12,BRAF,0.0,0.0,0
ENSG00000240889.1,NDUFB2-AS1,0.0,0.0,0
ENSG00000133597.10,ADCK2,0.0,0.0,0
ENSG00000188883.4,KLRG2,0.0,0.00013585995,1
ENSG00000146966.12,DENND2A,0.0,0.0,0
ENSG00000133606.10,MKRN1,0.0,0.0,0
ENSG00000146955.10,RAB19,0.0,0.0,0
ENSG00000157800.17,SLC37A3,0.0,0.0,0
ENSG00000006459.10,KDM7A,0.0,0.0,0
ENSG00000059378.12,PARP12,0.0,0.0,0
ENSG00000059377.16,TBXAS1,0.0,0.0,0
ENSG00000106028.10,SSBP1,0.0,0.0,0
ENSG00000127362.2,TAS2R3,0.0,0.00023577933,2
ENSG00000127364.3,TAS2R4,0.0,0.0,0
ENSG00000127366.5,TAS2R5,0.0,0.0,0
ENSG00000253188.1,TRBV6-7,0.0,0.0,0
ENSG00000211725.3,TRBV5-5,0.0,0.0,0
ENSG00000230099.2,TRBV5-4,0.0,0.0,0
ENSG00000211721.2,TRBV6-5,0.0,0.0,0
ENSG00000241657.1,TRBV11-2,0.0,0.0009146699,1
ENSG00000211716.2,TRBV9,0.0,0.00072796043,1
ENSG00000211706.2,TRBV6-1,0.0,0.0,0
ENSG00000211734.3,TRBV5-1,0.0,2.0446063e-05,1
ENSG00000211710.3,TRBV4-1,0.0,0.0,0
ENSG00000237702.2,TRBV3-1,0.0,0.0,0
ENSG00000226660.2,TRBV2,0.0,0.0,0
ENSG00000257743.8,MGAM2,0.0,0.0,0
ENSG00000258227.6,CLEC5A,0.0,0.0,0
ENSG00000257335.8,MGAM,0.0,0.0,0
ENSG00000165076.13,PRSS37,0.0,0.0,0
ENSG00000064393.15,HIPK2,0.0,0.0,0
ENSG00000146963.17,LUC7L2,0.0,0.0,0
ENSG00000196456.11,ZNF775,0.0,0.0,0
ENSG00000223500.1,AC083862.6,0.0,0.0,0
ENSG00000227073.1,SDHDP2,0.0,0.0,0
ENSG00000080802.18,CNOT4,0.0,0.0,0
ENSG00000146857.3,STRA8,0.0,0.0,0
ENSG00000231794.5,AC009542.2,0.0,0.0,0
ENSG00000105875.13,WDR91,0.0,0.0,0
ENSG00000272941.1,RP11-134L10.1,0.0,0.0,0
ENSG00000146859.6,TMEM140,0.0,0.0,0
ENSG00000122783.16,C7orf49,0.0,0.0,0
ENSG00000164898.12,FMC1,0.0,0.0,0
ENSG00000146856.14,AGBL3,0.0,0.0,0
ENSG00000122786.19,CALD1,0.0,0.0,0
ENSG00000172331.11,BPGM,0.0,0.0,0
ENSG00000227471.8,AKR1B15,0.0,0.0,0
ENSG00000198074.9,AKR1B10,0.0,0.0,0
ENSG00000085662.13,AKR1B1,0.0,0.0,0
ENSG00000205060.10,SLC35B4,0.0,0.0,0
ENSG00000155561.14,NUP205,0.0,0.0,0
ENSG00000243317.7,C7orf73,0.0,0.0,0
ENSG00000164707.15,SLC13A4,0.0,0.0,0
ENSG00000105887.10,MTPN,0.0,0.0,0
ENSG00000157741.14,UBN2,0.0,0.0,0
ENSG00000105948.13,TTC26,0.0,0.0,0
ENSG00000105939.12,ZC3HAV1,0.0,0.0,0
ENSG00000146858.7,ZC3HAV1L,0.0,0.0,0
ENSG00000122778.9,KIAA1549,0.0,0.0,0
ENSG00000105929.15,ATP6V0A4,0.0,0.0,0
ENSG00000122779.17,TRIM24,0.0,0.00010982765,1
ENSG00000213237.4,AC008155.1,0.0,0.0,0
ENSG00000122787.14,AKR1D1,0.0,0.0,0
ENSG00000237243.1,AC022173.2,0.0,0.0,0
ENSG00000182158.14,CREB3L2,0.0,0.0,0
ENSG00000230383.1,AC009245.3,0.0,0.0,0
ENSG00000157680.15,DGKI,0.0,0.0,0
ENSG00000105894.11,PTN,0.0,0.0008222689,1
ENSG00000267697.1,LUZP6,0.0,0.0,0
ENSG00000211727.3,TRBV7-6,0.0,8.350737e-05,1
ENSG00000211728.2,TRBV5-6,0.0,0.0,0
ENSG00000278030.1,TRBV7-9,0.0,0.0,0
ENSG00000174469.19,CNTNAP2,0.0,0.0,0
ENSG00000239719.1,RP4-800G7.1,0.0,0.0,0
ENSG00000197024.8,ZNF398,0.0,0.0,0
ENSG00000197362.14,ZNF786,0.0,0.0,0
ENSG00000155660.10,PDIA4,0.0,0.0,0
ENSG00000201098.1,RNY1,0.0,0.0,0
ENSG00000106462.10,EZH2,0.0,0.0,0
ENSG00000055130.15,CUL1,0.0,0.0,0
ENSG00000196511.14,TPK1,0.0,0.0003390881,1
ENSG00000211746.3,TRBV19,0.0,0.0,0
ENSG00000050327.14,ARHGEF5,0.0,0.0,0
ENSG00000221970.1,OR2A1,0.0,0.0,0
ENSG00000204959.4,ARHGEF34P,0.0,0.0,0
ENSG00000244693.1,CTAGE8,0.0,0.0,0
ENSG00000243896.3,OR2A7,0.0,0.0019598436,1
ENSG00000212807.1,OR2A42,0.0,0.0,0
ENSG00000213214.4,ARHGEF35,0.0,0.0,0
ENSG00000170265.11,ZNF282,0.0,0.0,0
ENSG00000170260.8,ZNF212,0.0,0.0,0
ENSG00000204946.9,ZNF783,0.0,0.0,0
ENSG00000244560.6,RP4-800G7.2,0.0,0.0005011201,1
ENSG00000214022.11,REPIN1,0.0,0.0,0
ENSG00000106538.9,RARRES2,0.0,0.0,0
ENSG00000188707.5,ZBED6CL,0.0,0.0,0
ENSG00000127399.14,LRRC61,0.0,0.0,0
ENSG00000106526.10,ACTR3C,0.0,0.0,0
ENSG00000276538.1,RP11-545G3.2,0.0,0.0,0
ENSG00000224016.2,RP11-728K20.1,0.0,0.0,0
ENSG00000171130.17,ATP6V0E2,0.0,0.0,0
ENSG00000273419.1,RP4-751H13.7,0.0,0.0,0
ENSG00000106479.10,ZNF862,0.0,0.0,0
ENSG00000197558.11,SSPO,0.0,0.0,0
ENSG00000133619.17,KRBA1,0.0,0.0,0
ENSG00000133624.13,ZNF767P,0.0,0.0,0
ENSG00000181220.15,ZNF746,0.0,0.0,0
ENSG00000196453.7,ZNF777,0.0,0.0,0
ENSG00000225932.3,CTAGE4,0.0,0.0,0
ENSG00000273234.1,OR2A13P,0.0,0.0,0
ENSG00000221989.2,OR2A2,0.0,0.0,0
ENSG00000165125.19,TRPV6,0.0,0.0,0
ENSG00000237254.2,TRBV30,0.0,0.0,0
ENSG00000211772.11,TRBC2,0.0,0.0,0
ENSG00000211771.1,TRBJ2-7,0.0,0.0,0
ENSG00000211765.1,TRBJ2-2,0.0,0.0,0
ENSG00000211764.1,TRBJ2-1,0.0,0.0,0
ENSG00000211751.9,TRBC1,0.0,0.0,0
ENSG00000275896.5,PRSS2,0.0,0.0,0
ENSG00000204983.13,PRSS1,0.0,0.0,0
ENSG00000232869.2,TRBV29-1,0.0,0.0,0
ENSG00000211753.4,TRBV28,0.0,0.0,0
ENSG00000211752.3,TRBV27,0.0,0.0,0
ENSG00000282499.1,TRBV25-1,0.0,0.0,0
ENSG00000211750.2,TRBV24-1,0.0,0.0,0
ENSG00000211749.1,TRBV23-1,0.0,0.0,0
ENSG00000211747.3,TRBV20-1,0.0,0.0,0
ENSG00000106123.11,EPHB6,0.0,0.0,0
ENSG00000197993.7,KEL,0.0,0.0,0
ENSG00000198420.9,TCAF1,0.0,0.0,0
ENSG00000159763.3,PIP,0.0,9.2758135e-05,1
ENSG00000159860.6,TCAF2P1,0.0,0.0,0
ENSG00000253882.6,RP11-61L23.2,0.0,0.0,0
ENSG00000271321.1,CTAGE6,0.0,0.0004708004,1
ENSG00000170379.19,TCAF2,0.0,0.0,0
ENSG00000223459.5,TCAF1P1,0.0,0.0,0
ENSG00000271079.1,CTAGE15,0.0,2.1015947e-05,1
ENSG00000221855.1,TAS2R41,0.0,0.0,0
ENSG00000185899.1,TAS2R60,0.0,0.0,0
ENSG00000146904.8,EPHA1,0.0,0.0,0
ENSG00000159840.15,ZYX,0.0,0.0,0
ENSG00000106144.19,CASP2,0.0,0.0,0
ENSG00000178826.10,TMEM139,0.0,0.0,0
ENSG00000231840.1,AC073342.12,0.0,0.0,0
ENSG00000197448.13,GSTK1,0.0,0.0,0
ENSG00000236398.2,TAS2R39,0.0,0.0,0
ENSG00000164975.15,SNAPC3,0.0,0.0,0
ENSG00000164989.16,CCDC171,0.0,0.0,0
ENSG00000249245.2,NCOA4P3,0.0,0.0,0
ENSG00000136754.16,ABI1,0.0,0.0,0
ENSG00000099246.16,RAB18,0.0,0.0,0
ENSG00000230445.4,LRRC37A6P,0.0,0.0,0
ENSG00000262412.1,RP11-85G18.6,0.0,0.0,0
ENSG00000107897.18,ACBD5,0.0,0.0,0
ENSG00000120539.14,MASTL,0.0,0.0,0
ENSG00000136758.18,YME1L1,0.0,0.0,0
ENSG00000107890.16,ANKRD26,0.0,0.0,0
ENSG00000148459.15,PDSS1,0.0,0.0,0
ENSG00000120549.17,KIAA1217,0.0,0.0005346705,1
ENSG00000077420.15,APBB1IP,0.0,0.0,0
ENSG00000095777.14,MYO3A,0.0,0.0,0
ENSG00000151025.9,GPR158,0.0,0.0,0
ENSG00000185875.12,THNSL1,0.0,0.0,0
ENSG00000151023.16,ENKUR,0.0,0.0,0
ENSG00000099256.18,PRTFDC1,0.0,0.0,0
ENSG00000107863.17,ARHGAP21,0.0,0.0,0
ENSG00000169126.15,ARMC4,0.0,0.0,0
ENSG00000150054.18,MPP7,0.0,0.0,0
ENSG00000095787.21,WAC,0.0,0.0,0
ENSG00000095739.10,BAMBI,0.0,0.0,0
ENSG00000170759.10,KIF5B,0.0,0.0,0
ENSG00000165322.17,ARHGAP12,0.0,0.0,0
ENSG00000230397.1,SPTLC1P1,0.0,0.0,0
ENSG00000148516.21,ZEB1,0.0,0.0,0
ENSG00000183621.15,ZNF438,0.0,0.0,0
ENSG00000234814.8,SVILP1,0.0,0.0,0
ENSG00000107968.9,MAP3K8,0.0,0.0,0
ENSG00000107951.14,MTPAP,0.0,0.0,0
ENSG00000165757.8,KIAA1462,0.0,0.0,0
ENSG00000216035.1,MIR938,0.0,0.0,0
ENSG00000207612.1,MIR604,0.0,0.0,0
ENSG00000197321.14,SVIL,0.0,0.0,0
ENSG00000274985.1,PTCHD3P1,0.0,0.0,0
ENSG00000224597.9,SVIL-AS1,0.0,0.0,0
ENSG00000229605.5,RPL21P93,0.0,0.0,0
ENSG00000223928.1,NUP35P1,0.0,0.0,0
ENSG00000165312.6,OTUD1,0.0,0.0,0
ENSG00000217094.2,PPIAP31,0.0,0.0,0
ENSG00000107614.21,TRDMT1,0.0,0.0,0
ENSG00000148483.8,TMEM236,0.0,0.0,0
ENSG00000136738.14,STAM,0.0,0.0,0
ENSG00000165996.13,HACD1,0.0,0.0,0
ENSG00000148488.15,ST8SIA6,0.0,0.0,0
ENSG00000234961.1,RP11-124N14.3,0.0,0.0,0
ENSG00000026025.15,VIM,0.0,0.0,0
ENSG00000229124.6,VIM-AS1,0.0,0.0,0
ENSG00000107611.14,CUBN,0.0,0.0,0
ENSG00000229932.3,YWHAZP3,0.0,0.0,0
ENSG00000148484.17,RSU1,0.0,0.0,0
ENSG00000165985.9,C1QL3,0.0,0.0,0
ENSG00000165983.14,PTER,0.0,0.0,0
ENSG00000077943.7,ITGA8,0.0,0.0,0
ENSG00000148468.16,FAM171A1,0.0,0.0,0
ENSG00000206448.3,PPIAP30,0.0,0.0,0
ENSG00000152465.17,NMT2,0.0,0.0,0
ENSG00000260314.2,MRC1,0.0,0.0,0
ENSG00000207938.1,MIR511,0.0,0.0,0
ENSG00000165995.18,CACNB2,0.0,0.0,0
ENSG00000241058.3,NSUN6,0.0,0.0,0
ENSG00000148450.12,MSRB2,0.0,0.0,0
ENSG00000165309.13,ARMC3,0.0,0.0,0
ENSG00000150867.13,PIP4K2A,0.0,0.0,0
ENSG00000077327.15,SPAG6,0.0,0.0,0
ENSG00000168283.13,BMI1,0.0,0.0,0
ENSG00000148444.15,COMMD3,0.0,0.0,0
ENSG00000223984.1,HNRNPRP1,0.0,0.0,0
ENSG00000078403.16,MLLT10,0.0,0.0,0
ENSG00000204683.10,C10orf113,0.0,0.0,0
ENSG00000228219.1,NPM1P30,0.0,0.0,0
ENSG00000228753.1,EIF4BP2,0.0,0.0,0
ENSG00000078114.18,NEBL,0.0,0.0,0
ENSG00000120594.16,PLXDC2,0.0,0.0,0
ENSG00000204740.10,MALRD1,0.0,0.0,0
ENSG00000165997.4,ARL5B,0.0,0.0,0
ENSG00000234335.1,RPS4XP11,0.0,0.0,0
ENSG00000227253.3,RP11-166N17.1,0.0,0.0,0
ENSG00000165383.11,LRRC18,0.0,0.0,0
ENSG00000239883.8,PARGP1,0.0,0.0,0
ENSG00000264230.7,ANXA8L1,0.0,0.0,0
ENSG00000279058.2,AGAP14,0.0,0.0,0
ENSG00000263482.3,ANTXRLP1,0.0,0.0,0
ENSG00000264204.2,AGAP7P,0.0,0.0,0
ENSG00000263639.5,MSMB,0.0,0.0003221105,1
ENSG00000266412.5,NCOA4,0.0,0.0,0
ENSG00000265354.3,TIMM23,0.0,0.0,0
ENSG00000188234.13,AGAP4,0.0,0.0,0
ENSG00000165507.8,C10orf10,0.0,0.0,0
ENSG00000172661.17,WASHC2C,0.0,0.0,0
ENSG00000237840.6,FAM21FP,0.0,0.0,0
ENSG00000230869.1,AGAP10P,0.0,0.0,0
ENSG00000172671.19,ZFAND4,0.0,0.0,0
ENSG00000165406.15,8-Mar,0.0,0.0,0
ENSG00000012779.10,ALOX5,0.0,0.0,0
ENSG00000226937.9,CEP164P1,0.0,0.0,0
ENSG00000213412.3,HNRNPA1P33,0.0,0.0,0
ENSG00000204175.5,GPRIN2,0.0,0.0,0
ENSG00000272430.1,RP11-38L15.8,0.0,0.0,0
ENSG00000229927.2,RHEBP1,0.0,0.0,0
ENSG00000128805.14,ARHGAP22,0.0,0.0,0
ENSG00000107643.15,MAPK8,0.0,0.0,0
ENSG00000170324.20,FRMPD2,0.0,0.0,0
ENSG00000278561.1,PTPN20CP,0.0,0.0,0
ENSG00000270025.2,BMS1P7,0.0,0.0,0
ENSG00000265018.6,AGAP12P,0.0,0.0,0
ENSG00000276850.4,CH17-360D5.2,0.0,0.0,0
ENSG00000251079.6,BMS1P2,0.0,0.0,0
ENSG00000204172.12,AGAP9,0.0,0.0,0
ENSG00000224919.1,RP11-144G6.4,0.0,0.0,0
ENSG00000265190.6,ANXA8,0.0,0.0,0
ENSG00000204179.10,PTPN20,0.0,0.0,0
ENSG00000150175.13,FRMPD2B,0.0,0.0,0
ENSG00000243289.1,AGAP13P,0.0,0.0,0
ENSG00000204177.10,BMS1P1,0.0,0.0,0
ENSG00000165512.4,ZNF22,0.0,0.0,0
ENSG00000107551.20,RASSF4,0.0,0.0,0
ENSG00000120616.15,EPC1,0.0,0.0,0
ENSG00000108094.14,CUL2,0.0,0.0,0
ENSG00000228828.1,TLK2P2,0.0,0.0,0
ENSG00000198105.13,ZNF248,0.0,0.0,0
ENSG00000229644.6,NAMPTP1,0.0,0.0,0
ENSG00000284265.1,MIR4683,0.0,0.0,0
ENSG00000177283.7,FZD8,0.0,0.0,0
ENSG00000108100.17,CCNY,0.0,0.0,0
ENSG00000095794.19,CREM,0.0,0.0,0
ENSG00000148498.15,PARD3,0.0,0.0,0
ENSG00000214089.3,RPL9P21,0.0,0.0,0
ENSG00000238258.1,RP11-342D11.2,0.0,0.0006171246,1
ENSG00000099250.17,NRP1,0.0,0.0,0
ENSG00000228816.1,AK3P5,0.0,0.0,0
ENSG00000150093.18,ITGB1,0.0,0.0,0
ENSG00000231245.2,C1DP1,0.0,0.0,0
ENSG00000216937.13,CCDC7,0.0,0.0,0
ENSG00000233825.1,RP11-135A24.4,0.0,0.0,0
ENSG00000175395.15,ZNF25,0.0,0.0,0
ENSG00000189180.15,ZNF33A,0.0,0.0,0
ENSG00000075407.18,ZNF37A,0.0,0.0,0
ENSG00000099251.14,HSD17B7P2,0.0,0.0,0
ENSG00000107562.16,CXCL12,0.0,0.0,0
ENSG00000230565.1,ZNF32-AS2,0.0,0.0,0
ENSG00000169740.13,ZNF32,0.0,0.0,0
ENSG00000198298.12,ZNF485,0.0,0.0,0
ENSG00000196793.13,ZNF239,0.0,0.0,0
ENSG00000243660.9,ZNF487,0.0,0.0,0
ENSG00000169813.16,HNRNPF,0.0,0.0,0
ENSG00000150201.14,FXYD4,0.0,0.0,0
ENSG00000198915.11,RASGEF1A,0.0,4.0828072e-05,1
ENSG00000169826.7,CSGALNACT2,0.0,0.0,0
ENSG00000165731.18,RET,0.0,0.0,0
ENSG00000165733.7,BMS1,0.0,0.0,0
ENSG00000196693.14,ZNF33B,0.0,0.0,0
ENSG00000234420.7,ZNF37BP,0.0,0.0,0
ENSG00000276805.2,RP11-291L22.9,0.0,0.0,0
ENSG00000152464.14,RPP38,0.0,0.0,0
ENSG00000237470.3,DCLRE1CP1,0.0,0.0,0
ENSG00000152457.17,DCLRE1C,0.0,0.0,0
ENSG00000197355.10,UAP1L1,0.0,0.0,0
ENSG00000187713.6,TMEM203,0.0,0.0,0
ENSG00000176058.11,TPRN,0.0,0.0,0
ENSG00000176101.11,SSNA1,0.0,0.0,0
ENSG00000176248.8,ANAPC2,0.0,0.0,0
ENSG00000176884.14,GRIN1,0.0,0.0,0
ENSG00000176978.13,DPP7,0.0,0.0,0
ENSG00000177239.14,MAN1B1,0.0,0.0003085685,1
ENSG00000186193.8,SAPCD2,0.0,0.00014615836,1
ENSG00000176919.11,C8G,0.0,0.0,0
ENSG00000054179.11,ENTPD2,0.0,0.0,0
ENSG00000107281.9,NPDC1,0.0,0.0,0
ENSG00000180549.7,FUT7,0.0,0.0,0
ENSG00000107331.16,ABCA2,0.0,0.0,0
ENSG00000169583.12,CLIC3,0.0,0.0,0
ENSG00000148362.10,C9orf142,0.0,0.0,0
ENSG00000107317.12,PTGDS,0.0,7.64092e-05,1
ENSG00000188566.13,NDOR1,0.0,0.0,0
ENSG00000212864.3,RNF208,0.0,0.0,0
ENSG00000197191.4,CYSRT1,0.0,0.0,0
ENSG00000198569.9,SLC34A3,0.0,0.0,0
ENSG00000197070.13,ARRDC1,0.0,0.0,0
ENSG00000165724.5,ZMYND19,0.0,0.0,0
ENSG00000148399.12,DPH7,0.0,0.0,0
ENSG00000182154.7,MRPL41,0.0,0.0,0
ENSG00000130653.15,PNPLA7,0.0,0.0,0
ENSG00000165802.21,NSMF,0.0,0.0,0
ENSG00000188833.9,ENTPD8,0.0,0.0,0
ENSG00000188747.8,NOXA1,0.0,0.0,0
ENSG00000187609.15,EXD3,0.0,0.0,0
ENSG00000198435.3,NRARP,0.0,0.0,0
ENSG00000198113.2,TOR4A,0.0,0.0,0
ENSG00000188986.6,NELFB,0.0,0.0,0
ENSG00000197768.10,STPG3,0.0,0.0,0
ENSG00000188163.7,FAM166A,0.0,0.0,0
ENSG00000188229.5,TUBB4B,0.0,0.0,0
ENSG00000184925.11,LCN12,0.0,0.004532752,2
ENSG00000159069.13,FBXW5,0.0,0.0,0
ENSG00000152455.15,SUV39H2,0.0,0.0,0
ENSG00000130559.18,CAMSAP1,0.0,0.0,0
ENSG00000187796.13,CARD9,0.0,0.0,0
ENSG00000160360.12,GPSM1,0.0,0.0,0
ENSG00000279813.1,WI2-1959D15.4,0.0,0.0,0
ENSG00000165661.16,QSOX2,0.0,0.0,0
ENSG00000238227.7,C9orf69,0.0,0.0,0
ENSG00000148411.7,NACC2,0.0,0.0,0
ENSG00000130560.8,UBAC1,0.0,0.0,0
ENSG00000107147.12,KCNT1,0.0,0.0,0
ENSG00000127191.17,TRAF2,0.0,0.0,0
ENSG00000122133.16,PAEP,0.0,0.0,0
ENSG00000226706.1,RP11-426A6.5,0.0,0.0,0
ENSG00000122140.10,MRPS2,0.0,0.0,0
ENSG00000160345.12,C9orf116,0.0,0.0,0
ENSG00000196422.10,PPP1R26,0.0,0.0,0
ENSG00000130558.19,OLFM1,0.0,0.0,0
ENSG00000085265.10,FCN1,0.0,0.0,0
ENSG00000165684.4,SNAPC4,0.0,0.0,0
ENSG00000165689.16,SDCCAG3,0.0,0.0,0
ENSG00000165688.11,PMPCA,0.0,0.0,0
ENSG00000148384.12,INPP5E,0.0,0.0,0
ENSG00000107223.12,EDF1,0.0,0.0,0
ENSG00000177943.13,MAMDC4,0.0,0.0,0
ENSG00000232434.2,C9orf172,0.0,0.0,0
ENSG00000196642.18,RABL6,0.0,0.0,0
ENSG00000228544.1,CCDC183-AS1,0.0,0.0,0
ENSG00000213213.13,CCDC183,0.0,0.0,0
ENSG00000244187.7,TMEM141,0.0,0.0024441215,2
ENSG00000281808.1,SNORA17,0.0,0.0004909711,2
ENSG00000276161.1,SNORA17B,0.0,0.0,0
ENSG00000280496.1,SNORA17B,0.0,0.0011317243,1
ENSG00000165716.10,FAM69B,0.0,0.0,0
ENSG00000169692.12,AGPAT2,0.0,0.0,0
ENSG00000172889.15,EGFL7,0.0,0.0,0
ENSG00000148400.9,NOTCH1,0.0,0.0,0
ENSG00000148396.18,SEC16A,0.0,0.0,0
ENSG00000203993.4,ARRDC1-AS1,0.0,0.0,0
ENSG00000181090.19,EHMT1,0.0,0.0,0
ENSG00000233998.1,SETP5,0.0,0.0,0
ENSG00000107485.15,GATA3,0.0,0.0,0
ENSG00000181192.11,DHTKD1,0.0,0.0,0
ENSG00000151461.19,UPF2,0.0,0.0,0
ENSG00000148426.12,PROSER2,0.0,0.0,0
ENSG00000134463.14,ECHDC3,0.0,0.0,0
ENSG00000148429.14,USP6NL,0.0,0.0,0
ENSG00000181800.5,CELF2-AS1,0.0,0.0,0
ENSG00000048740.18,CELF2,0.0,0.0,0
ENSG00000165632.7,TAF3,0.0,0.0,0
ENSG00000255585.3,RP11-188C12.2,0.0,0.0,0
ENSG00000165629.19,ATP5C1,0.0,0.00033676255,1
ENSG00000151657.11,KIN,0.0,0.0,0
ENSG00000151655.18,ITIH2,0.0,0.0,0
ENSG00000123243.14,ITIH5,0.0,0.0,0
ENSG00000065675.14,PRKCQ,0.0,0.0,0
ENSG00000212743.2,RP11-563J2.3,0.0,0.0,0
ENSG00000215244.2,RP11-563J2.2,0.0,0.00016537338,1
ENSG00000065665.20,SEC61A2,0.0,0.0,0
ENSG00000165609.12,NUDT5,0.0,0.0,0
ENSG00000151465.13,CDC123,0.0,0.0,0
ENSG00000228302.2,RP11-186N15.3,0.0,0.0,0
ENSG00000284024.1,RP11-398C13.8,0.0,0.0,0
ENSG00000187522.14,HSPA14,0.0,0.0,0
ENSG00000185267.9,CDNF,0.0,0.0,0
ENSG00000065809.13,FAM107B,0.0,0.0,0
ENSG00000151474.21,FRMD4A,0.0,0.002934184,1
ENSG00000227474.1,RPL6P24,0.0,0.0,0
ENSG00000165630.13,PRPF18,0.0,0.0,0
ENSG00000165626.16,BEND7,0.0,0.0,0
ENSG00000086475.14,SEPHS1,0.0,0.0,0
ENSG00000107537.13,PHYH,0.0,0.0,0
ENSG00000065328.16,MCM10,0.0,0.0,0
ENSG00000235763.1,SNRPGP5,0.0,0.0,0
ENSG00000123240.16,OPTN,0.0,0.0,0
ENSG00000151468.10,CCDC3,0.0,0.00085471163,1
ENSG00000183049.12,CAMK1D,0.0,0.0,0
ENSG00000170525.19,PFKFB3,0.0,0.0,0
ENSG00000134453.15,RBM17,0.0,0.0,0
ENSG00000134460.15,IL2RA,0.0,0.0,0
ENSG00000165568.17,AKR1E2,0.0,0.0,0
ENSG00000237399.7,PITRM1-AS1,0.0,0.0,0
ENSG00000107959.15,PITRM1,0.0,0.0,0
ENSG00000067057.16,PFKP,0.0,0.0011730245,1
ENSG00000047056.14,WDR37,0.0,0.0,0
ENSG00000067064.10,IDI1,0.0,0.0,0
ENSG00000232656.7,IDI2-AS1,0.0,0.00017923828,1
ENSG00000148377.5,IDI2,0.0,0.0,0
ENSG00000107937.18,GTPBP4,0.0,0.0,0
ENSG00000107929.14,LARP4B,0.0,0.0,0
ENSG00000180525.11,PRR26,0.0,0.0009993473,1
ENSG00000151240.16,DIP2C,0.0,0.0,0
ENSG00000015171.19,ZMYND11,0.0,0.0,0
ENSG00000233013.9,FAM157B,0.0,0.0,0
ENSG00000159247.13,TUBBP5,0.0,0.0,0
ENSG00000148408.12,CACNA1B,0.0,0.0,0
ENSG00000067082.14,KLF6,0.0,0.0,0
ENSG00000187134.13,AKR1C1,0.0,0.0,0
ENSG00000134470.20,IL15RA,0.0,0.0,0
ENSG00000151632.17,AKR1C2,0.0,0.0,0
ENSG00000232807.2,RP11-536K7.3,0.0,0.0,0
ENSG00000134452.19,FBXO18,0.0,0.00031339627,1
ENSG00000270427.1,NRBF2P5,0.0,0.0,0
ENSG00000057608.16,GDI2,0.0,0.0,0
ENSG00000108021.19,FAM208B,0.0,0.0,0
ENSG00000196372.12,ASB13,0.0,0.0,0
ENSG00000256462.1,RP11-116G8.5,0.0,0.0,0
ENSG00000178363.4,CALML3,0.0,0.0,0
ENSG00000178372.7,CALML5,0.0,0.00027692257,1
ENSG00000173848.18,NET1,0.0,0.0,0
ENSG00000178473.6,UCN3,0.0,0.0,0
ENSG00000215267.8,AKR1C7P,0.0,0.0,0
ENSG00000198610.10,AKR1C4,0.0,0.0,0
ENSG00000196139.13,AKR1C3,0.0,0.0,0
ENSG00000224251.6,RP11-499O7.7,0.0,0.0,0
ENSG00000128815.19,WDFY4,0.0,0.0,0
ENSG00000233665.8,RP11-523O18.5,0.0,0.0,0
ENSG00000173068.17,BNC2,0.0,0.0,0
ENSG00000122376.11,FAM35A,0.0,0.0,0
ENSG00000213613.2,RPL11P3,0.0,0.0,0
ENSG00000171862.10,PTEN,0.0,0.0,0
ENSG00000138138.13,ATAD1,0.0,0.0004217936,1
ENSG00000198682.12,PAPSS2,0.0,0.0,0
ENSG00000107789.15,MINPP1,0.0,0.0,0
ENSG00000214562.14,NUTM2D,0.0,0.0,0
ENSG00000184923.12,NUTM2A,0.0,0.0,0
ENSG00000148672.8,GLUD1,0.0,0.0008122553,1
ENSG00000107779.13,BMPR1A,0.0,0.0,0
ENSG00000188100.8,FAM25A,0.0,0.0,0
ENSG00000261011.1,RP11-96C23.11,0.0,0.0,0
ENSG00000240089.2,BMS1P3,0.0,0.0,0
ENSG00000273413.1,RP11-96C23.15,0.0,0.0,0
ENSG00000148671.13,ADIRF,0.0,0.0,0
ENSG00000272734.1,ADIRF-AS1,0.0,0.0,0
ENSG00000173267.13,SNCG,0.0,0.0,0
ENSG00000184719.11,RNLS,0.0,0.0,0
ENSG00000182333.14,LIPF,0.0,0.0,0
ENSG00000204021.3,LIPK,0.0,0.0,0
ENSG00000204020.5,LIPN,0.0,0.0,0
ENSG00000249962.1,RP11-80H5.5,0.0,0.0,0
ENSG00000152782.16,PANK1,0.0,0.0002771764,1
ENSG00000152779.13,SLC16A12,0.0,0.0,0
ENSG00000152778.8,IFIT5,0.0,0.0,0
ENSG00000185745.9,IFIT1,0.0,5.8972917e-05,1
ENSG00000204010.3,IFIT1B,0.0,0.0,0
ENSG00000119917.13,IFIT3,0.0,0.0,0
ENSG00000119922.9,IFIT2,0.0,0.0,0
ENSG00000107798.17,LIPA,0.0,5.9280148e-05,1
ENSG00000138135.6,CH25H,0.0,0.0,0
ENSG00000026103.21,FAS,0.0,0.0,0
ENSG00000107796.13,ACTA2,0.0,0.0,0
ENSG00000180139.11,ACTA2-AS1,0.0,0.0,0
ENSG00000138134.11,STAMBPL1,0.0,0.0,0
ENSG00000152766.5,ANKRD22,0.0,0.0,0
ENSG00000173269.13,MMRN2,0.0,0.0,0
ENSG00000122367.19,LDB3,0.0,0.0,0
ENSG00000180628.14,PCGF5,0.0,0.0,0
ENSG00000108179.13,PPIF,0.0,0.0,0
ENSG00000228570.7,NUTM2E,0.0,0.0,0
ENSG00000188199.10,NUTM2B,0.0,0.0,0
ENSG00000224886.2,RP11-119F19.4,0.0,0.0,0
ENSG00000278616.1,BEND3P3,0.0,0.0,0
ENSG00000122852.14,SFTPA1,0.0,0.00053313014,1
ENSG00000185303.16,SFTPA2,0.0,0.0,0
ENSG00000165424.6,ZCCHC24,0.0,0.0,0
ENSG00000108175.16,ZMIZ1,0.0,0.0,0
ENSG00000062650.17,WAPL,0.0,0.0,0
ENSG00000138326.18,RPS24,0.0,0.0,0
ENSG00000148606.12,POLR3A,0.0,0.0,0
ENSG00000204049.1,RP11-126H7.4,0.0,0.0,0
ENSG00000151208.16,DLG5,0.0,8.208143e-05,1
ENSG00000228748.2,RP13-39P12.3,0.0,0.0,0
ENSG00000213513.3,IMPDH1P5,0.0,0.0,0
ENSG00000213514.2,RP11-428P16.2,0.0,0.0,0
ENSG00000283101.1,BMS1P21,0.0,0.0,0
ENSG00000133661.15,SFTPD,0.0,0.0,0
ENSG00000133678.13,TMEM254,0.0,0.00015084709,1
ENSG00000189129.13,PLAC9,0.0,0.0,0
ENSG00000182771.18,GRID1,0.0,0.0,0
ENSG00000178429.9,RPS3AP5,0.0,0.0,0
ENSG00000225928.2,CACYBPP1,0.0,0.0,0
ENSG00000225423.1,TNPO1P1,0.0,0.0,0
ENSG00000233189.1,RPL12P29,0.0,0.0,0
ENSG00000107771.15,CCSER2,0.0,0.0,0
ENSG00000148600.14,CDHR1,0.0,0.0,0
ENSG00000188373.4,C10orf99,0.0,0.0,0
ENSG00000165678.20,GHITM,0.0,0.0,0
ENSG00000185737.12,NRG3,0.0,0.0,0
ENSG00000108219.14,TSPAN14,0.0,0.0,0
ENSG00000122378.13,FAM213A,0.0,0.0,0
ENSG00000151224.12,MAT1A,0.0,0.0,0
ENSG00000234743.1,EIF5AP4,0.0,0.0,0
ENSG00000122359.17,ANXA11,0.0,0.0,0
ENSG00000148688.13,RPP30,0.0,0.0,0
ENSG00000165338.16,HECTD2,0.0,0.0,0
ENSG00000165633.12,VSTM4,0.0,0.0,0
ENSG00000165879.8,FRAT1,0.0,0.0013828388,1
ENSG00000171307.18,ZDHHC16,0.0,0.0,0
ENSG00000171311.12,EXOSC1,0.0,0.0006470493,1
ENSG00000171314.8,PGAM1,0.0,0.0,0
ENSG00000231970.1,RP11-452K12.7,0.0,0.0,0
ENSG00000231508.1,RPL34P20,0.0,0.0,0
ENSG00000052749.13,RRP12,0.0,0.0,0
ENSG00000181274.6,FRAT2,0.0,0.0,0
ENSG00000213390.10,ARHGAP19,0.0,0.0,0
ENSG00000177853.14,ZNF518A,0.0,0.0,0
ENSG00000232875.1,HMGN2P35,0.0,0.0,0
ENSG00000196233.12,LCOR,0.0,0.0,0
ENSG00000236552.2,RPL13AP5,0.0,0.0,0
ENSG00000155629.14,PIK3AP1,0.0,0.0,0
ENSG00000235677.1,NPM1P26,0.0,3.3364322e-05,1
ENSG00000077147.14,TM9SF3,0.0,0.0,0
ENSG00000095585.16,BLNK,0.0,0.0,0
ENSG00000155229.20,MMS19,0.0,0.0,0
ENSG00000165886.4,UBTD1,0.0,0.0,0
ENSG00000171160.17,MORN4,0.0,0.0,0
ENSG00000155252.13,PI4K2A,0.0,0.00010778649,1
ENSG00000198018.6,ENTPD7,0.0,0.0,0
ENSG00000155287.10,SLC25A28,0.0,0.0,0
ENSG00000120053.10,GOT1,0.0,0.0,0
ENSG00000234109.1,RPL7P36,0.0,0.0,0
ENSG00000172987.12,HPSE2,0.0,0.0,0
ENSG00000107521.18,HPS1,0.0,0.0,0
ENSG00000284415.1,MIR1287,0.0,0.0,0
ENSG00000119943.12,PYROXD2,0.0,0.0,0
ENSG00000138131.3,LOXL4,0.0,0.0,0
ENSG00000166024.13,R3HCC1L,0.0,0.0,0
ENSG00000095713.13,CRTAC1,0.0,0.00035970702,1
ENSG00000155265.10,GOLGA7B,0.0,0.0,0
ENSG00000155256.17,ZFYVE27,0.0,0.0,0
ENSG00000155254.12,MARVELD1,0.0,0.0,0
ENSG00000119986.6,AVPI1,0.0,0.0,0
ENSG00000229417.1,NPM1P25,0.0,0.000110831636,1
ENSG00000107443.15,CCNJ,0.0,8.305471e-05,1
ENSG00000119938.8,PPP1R3C,0.0,0.0,0
ENSG00000138160.5,KIF11,0.0,0.0,0
ENSG00000138207.13,RBP4,0.0,0.0,0
ENSG00000186188.10,FFAR4,0.0,0.0,0
ENSG00000138180.15,CEP55,0.0,0.0,0
ENSG00000138119.16,MYOF,0.0,0.0,0
ENSG00000095596.11,CYP26A1,0.0,0.0,0
ENSG00000138190.16,EXOC6,0.0,0.0,0
ENSG00000152804.10,HHEX,0.0,0.0010752813,1
ENSG00000119912.15,IDE,0.0,0.0,0
ENSG00000188649.12,CC2D2B,0.0,0.0006686031,1
ENSG00000198060.9,5-Mar,0.0,0.0,0
ENSG00000105988.6,NHP2P1,0.0,0.0,0
ENSG00000214549.2,SDHCP2,0.0,0.0,0
ENSG00000107864.14,CPEB3,0.0,0.0,0
ENSG00000095564.13,BTAF1,0.0,0.0,0
ENSG00000180581.7,SRP9P1,0.0,0.0,0
ENSG00000107854.5,TNKS2,0.0,0.0,0
ENSG00000148690.11,FRA10AC1,0.0,0.0,0
ENSG00000176273.14,SLC35G1,0.0,0.0,0
ENSG00000180764.13,PIPSL,0.0,0.0,0
ENSG00000138193.15,PLCE1,0.0,0.0,0
ENSG00000226688.6,ENTPD1-AS1,0.0,0.0,0
ENSG00000138185.18,ENTPD1,0.0,0.0,0
ENSG00000119977.20,TCTN3,0.0,0.0,0
ENSG00000059573.8,ALDH18A1,0.0,0.0,0
ENSG00000095637.21,SORBS1,0.0,0.0,0
ENSG00000107438.8,PDLIM1,0.0,0.0,0
ENSG00000173124.14,ACSM6,0.0,0.0,0
ENSG00000138115.13,CYP2C8,0.0,0.0,0
ENSG00000138109.9,CYP2C9,0.0,0.0,0
ENSG00000165841.9,CYP2C19,0.0,0.0,0
ENSG00000108242.12,CYP2C18,0.0,0.0,0
ENSG00000119969.14,HELLS,0.0,0.0,0
ENSG00000108239.8,TBC1D12,0.0,0.0,0
ENSG00000173145.11,NOC3L,0.0,0.0,0
ENSG00000268894.6,PLCE1-AS1,0.0,0.0,0
ENSG00000156113.22,KCNMA1,0.0,0.00021012567,1
ENSG00000207583.1,MIR606,0.0,0.0,0
ENSG00000237149.5,ZNF503-AS2,0.0,0.0,0
ENSG00000213606.3,AKR1B10P1,0.0,0.0,0
ENSG00000108187.15,PBLD,0.0,0.0,0
ENSG00000138347.15,MYPN,0.0,0.0,0
ENSG00000236375.3,POU5F1P5,0.0,0.0,0
ENSG00000226318.1,RPS3AP38,0.0,0.0,0
ENSG00000148634.15,HERC4,0.0,0.0,0
ENSG00000096717.11,SIRT1,0.0,0.0,0
ENSG00000108176.14,DNAJC12,0.0,0.0,0
ENSG00000213609.3,RPL7AP50,0.0,0.0,0
ENSG00000238280.1,RP11-436D10.3,0.0,0.0,0
ENSG00000165476.13,REEP3,0.0,0.0,0
ENSG00000272767.1,JMJD1C-AS1,0.0,0.0,0
ENSG00000235816.3,PRELID1P3,0.0,0.0,0
ENSG00000234369.1,TATDN1P1,0.0,0.0,0
ENSG00000171988.18,JMJD1C,0.0,0.0,0
ENSG00000148572.15,NRBF2,0.0,0.0,0
ENSG00000122877.15,EGR2,0.0,0.0,0
ENSG00000204130.12,RUFY2,0.0,0.0,0
ENSG00000138346.14,DNA2,0.0,0.0,0
ENSG00000234806.1,RPL26P29,0.0,0.0,0
ENSG00000122912.14,SLC25A16,0.0,0.0,0
ENSG00000171224.8,C10orf35,0.0,0.0,0
ENSG00000099282.9,TSPAN15,0.0,0.00066478935,2
ENSG00000156515.21,HK1,0.0,0.0,0
ENSG00000156510.12,HKDC1,0.0,0.0,0
ENSG00000156502.13,SUPV3L1,0.0,0.0,0
ENSG00000122958.14,VPS26A,0.0,0.0,0
ENSG00000122862.4,SRGN,0.0,0.0,0
ENSG00000198954.7,KIF1BP,0.0,0.0,0
ENSG00000165732.12,DDX21,0.0,0.0,0
ENSG00000107625.12,DDX50,0.0,0.0,0
ENSG00000165730.14,STOX1,0.0,0.0,0
ENSG00000060339.13,CCAR1,0.0,0.0,0
ENSG00000213025.2,COX20P1,0.0,0.0002766309,2
ENSG00000138336.8,TET1,0.0,0.0,0
ENSG00000226493.1,RPL26P27,0.0,1.0324828e-05,1
ENSG00000181915.4,ADO,0.0,0.0,0
ENSG00000182010.10,RTKN2,0.0,0.0,0
ENSG00000165655.16,ZNF503,0.0,0.0,0
ENSG00000204149.10,AGAP6,0.0,0.0,0
ENSG00000207813.1,MIR605,0.0,0.0,0
ENSG00000185532.15,PRKG1,0.0,0.0,0
ENSG00000231588.1,SHQ1P1,0.0,0.0,0
ENSG00000198964.13,SGMS1,0.0,0.0,0
ENSG00000225137.1,DYNC1I2P1,0.0,0.0,0
ENSG00000099290.15,WASHC2A,0.0,0.0,0
ENSG00000235618.7,FAM21EP,0.0,0.0,0
ENSG00000178440.5,LINC00843,0.0,0.0,0
ENSG00000150347.14,ARID5B,0.0,0.0,0
ENSG00000223111.1,SNORA74,0.0,0.0,0
ENSG00000204152.10,TIMM23B,0.0,0.0,0
ENSG00000227345.8,PARG,0.0,0.0,0
ENSG00000197444.9,OGDHL,0.0,0.0,0
ENSG00000070748.18,CHAT,0.0,0.0,0
ENSG00000225830.12,ERCC6,0.0,0.0,0
ENSG00000204161.13,C10orf128,0.0,0.0,0
ENSG00000177613.8,CSTF2T,0.0,0.0,0
ENSG00000107984.9,DKK1,0.0,0.0,0
ENSG00000150275.17,PCDH15,0.0,0.0,0
ENSG00000122952.16,ZWINT,0.0,0.0,0
ENSG00000183346.6,C10orf107,0.0,0.0,0
ENSG00000072422.16,RHOBTB1,0.0,0.0,0
ENSG00000170312.15,CDK1,0.0,0.0,0
ENSG00000122872.8,ARL4AP1,0.0,0.0,0
ENSG00000232682.2,RP11-388P9.2,0.0,1.841693e-05,1
ENSG00000151150.21,ANK3,0.0,0.0,0
ENSG00000165449.11,SLC16A9,0.0,0.00016460055,1
ENSG00000148541.12,FAM13C,0.0,0.0,0
ENSG00000165443.11,PHYHIPL,0.0,0.0,0
ENSG00000183055.5,FAM133CP,0.0,0.0,0
ENSG00000122870.11,BICC1,0.0,0.0,0
ENSG00000108064.10,TFAM,0.0,0.0,0
ENSG00000072401.14,UBE2D1,0.0,0.0,0
ENSG00000122873.11,CISD1,0.0,0.0,0
ENSG00000151151.5,IPMK,0.0,0.0,0
ENSG00000197467.13,COL13A1,0.0,0.0,0
ENSG00000099284.13,H2AFY2,0.0,0.0,0
ENSG00000042286.14,AIFM2,0.0,0.0,0
ENSG00000271848.1,RP11-464F9.21,0.0,0.0,0
ENSG00000176986.15,SEC24C,0.0,0.0,0
ENSG00000270808.1,RP11-574K11.27,0.0,0.0,0
ENSG00000235316.1,DUSP8P5,0.0,0.0,0
ENSG00000250959.2,GLUD1P3,0.0,0.0,0
ENSG00000242338.6,BMS1P4,0.0,0.0,0
ENSG00000272140.2,RP11-574K11.29,0.0,0.0,0
ENSG00000172650.13,AGAP5,0.0,0.0,0
ENSG00000177791.11,MYOZ1,0.0,0.0,0
ENSG00000156521.13,TYSND1,0.0,0.0,0
ENSG00000166348.18,USP54,0.0,0.0,0
ENSG00000221817.9,PPP3CB-AS1,0.0,0.0,0
ENSG00000107758.15,PPP3CB,0.0,0.0,0
ENSG00000166343.9,MSS51,0.0,0.0,0
ENSG00000229659.1,RPL26P6,0.0,0.0,0
ENSG00000233144.1,RP11-537A6.9,0.0,0.0,0
ENSG00000138279.15,ANXA7,0.0,0.0,0
ENSG00000279689.1,RP11-574K11.32,0.0,0.0,0
ENSG00000196968.10,FUT11,0.0,0.0,0
ENSG00000172586.7,CHCHD1,0.0,0.0,0
ENSG00000214655.10,ZSWIM8,0.0,0.0,0
ENSG00000165644.10,COMTD1,0.0,0.0,0
ENSG00000165637.13,VDAC2,0.0,0.0,0
ENSG00000156671.12,SAMD8,0.0,0.0,0
ENSG00000226253.1,MRPL35P3,0.0,0.0,0
ENSG00000213731.2,RAB5CP1,0.0,0.0,0
ENSG00000214629.3,RPSAP6,0.0,0.0,0
ENSG00000156110.13,ADK,0.0,0.0,0
ENSG00000185009.12,AP3M1,0.0,0.0,0
ENSG00000035403.17,VCL,0.0,0.0,0
ENSG00000222047.8,C10orf55,0.0,0.001003801,2
ENSG00000122861.15,PLAU,0.0,0.0,0
ENSG00000148660.20,CAMK2G,0.0,0.0,0
ENSG00000166507.17,NDST2,0.0,0.0,0
ENSG00000272589.1,ZSWIM8-AS1,0.0,0.0,0
ENSG00000268903.1,RP11-34P13.15,0.0,0.0,0
ENSG00000156042.17,CFAP70,0.0,2.4583656e-05,1
ENSG00000227540.1,DNAJC9-AS1,0.0,0.0,0
ENSG00000182180.13,MRPS16,0.0,0.0,0
ENSG00000107742.12,SPOCK2,0.0,0.0,0
ENSG00000107738.19,VSIR,0.0,0.0,0
ENSG00000107736.19,CDH23,0.0,0.0,0
ENSG00000107731.12,UNC5B,0.0,0.0,0
ENSG00000166228.8,PCBD1,0.0,0.0,0
ENSG00000166224.16,SGPL1,0.0,0.0,0
ENSG00000138316.10,ADAMTS14,0.0,0.0,0
ENSG00000180644.7,PRF1,0.0,0.0,0
ENSG00000107719.8,PALD1,0.0,0.0,0
ENSG00000280401.1,RP11-104F15.9,0.0,0.0,0
ENSG00000156574.9,NODAL,0.0,0.0,0
ENSG00000148730.6,EIF4EBP2,0.0,0.0,0
ENSG00000172731.13,LRRC20,0.0,0.0,0
ENSG00000180817.11,PPA1,0.0,0.0,0
ENSG00000229097.1,CALM2P2,0.0,0.0,0
ENSG00000079332.14,SAR1A,0.0,0.0,0
ENSG00000122863.5,CHST3,0.0,0.0,0
ENSG00000166295.8,ANAPC16,0.0,0.0,0
ENSG00000236756.4,DNAJC9-AS1,0.0,0.0,0
ENSG00000168209.4,DDIT4,0.0,0.0,0
ENSG00000213551.4,DNAJC9,0.0,0.0,0
ENSG00000138286.14,FAM149B1,0.0,0.0,0
ENSG00000122882.10,ECD,0.0,0.0017135435,1
ENSG00000221164.1,SNORA11,0.0,0.0,0
ENSG00000272599.2,RP11-152N13.16,0.0,0.0,0
ENSG00000166321.13,NUDT13,0.0,0.0,0
ENSG00000237768.2,RP11-344N10.2,0.0,0.0,0
ENSG00000122884.12,P4HA1,0.0,0.0,0
ENSG00000213700.3,RPL17P50,0.0,0.0,0
ENSG00000138308.5,PLA2G12B,0.0,0.0,0
ENSG00000215086.2,NPM1P24,0.0,0.00011068134,1
ENSG00000156026.14,MCU,0.0,0.0,0
ENSG00000107745.17,MICU1,0.0,0.0,0
ENSG00000148719.14,DNAJB12,0.0,0.0,0
ENSG00000269926.1,RP11-442H21.2,0.0,0.0,0
ENSG00000160339.15,FCN2,0.0,0.0,0
ENSG00000204011.4,COL5A1-AS1,0.0,0.0,0
ENSG00000130635.15,COL5A1,0.0,0.0,0
ENSG00000232998.1,VPS13A-AS1,0.0,0.0,0
ENSG00000165105.9,RASEF,0.0,0.0,0
ENSG00000196781.14,TLE1,0.0,0.0,0
ENSG00000106829.18,TLE4,0.0,0.00020489772,1
ENSG00000135069.13,PSAT1,0.0,0.0,0
ENSG00000148019.12,CEP78,0.0,0.0,0
ENSG00000156049.6,GNA14,0.0,0.0,0
ENSG00000197969.11,VPS13A,0.0,0.0,0
ENSG00000106772.17,PRUNE2,0.0,0.0,0
ENSG00000119121.21,TRPM6,0.0,0.0,0
ENSG00000219149.4,RP11-214N16.2,0.0,0.0,0
ENSG00000187210.12,GCNT1,0.0,0.0,0
ENSG00000234618.1,RPSAP9,0.0,0.0,0
ENSG00000135002.11,RFK,0.0,0.0,0
ENSG00000134996.11,OSTF1,0.0,0.0,0
ENSG00000106733.20,NMRK1,0.0,0.0,0
ENSG00000156017.12,CARNMT1,0.0,0.0,0
ENSG00000172159.15,FRMD3,0.0,0.0,0
ENSG00000148057.15,IDNK,0.0,0.0,0
ENSG00000135018.13,UBQLN1,0.0,0.0,0
ENSG00000254473.1,RP11-522I20.3,0.0,0.0005673527,1
ENSG00000135070.14,ISCA1,0.0,0.0,0
ENSG00000135052.16,GOLM1,0.0,0.0,0
ENSG00000135040.15,NAA35,0.0,0.0,0
ENSG00000165121.11,RP11-213G2.3,0.0,0.0,0
ENSG00000135049.15,AGTPBP1,0.0,0.0,0
ENSG00000148053.15,NTRK2,0.0,0.0,0
ENSG00000197506.7,SLC28A3,0.0,0.0,0
ENSG00000178966.16,RMI1,0.0,0.0,0
ENSG00000235298.1,RP11-575L7.8,0.0,0.0,0
ENSG00000165119.20,HNRNPK,0.0,0.0,0
ENSG00000165118.14,C9orf64,0.0,0.0,0
ENSG00000165115.14,KIF27,0.0,0.0,0
ENSG00000231616.8,RP11-575L7.4,0.0,0.0,0
ENSG00000226877.7,RP11-575L7.2,0.0,0.0,0
ENSG00000165113.12,GKAP1,0.0,0.0,0
ENSG00000135045.6,C9orf40,0.0,0.0,0
ENSG00000135046.13,ANXA1,0.0,0.0,0
ENSG00000180447.6,GAS1,0.0,0.0,0
ENSG00000274349.4,ZNF658,0.0,0.0,0
ENSG00000154330.12,PGM5,0.0,0.0,0
ENSG00000260691.5,ANKRD20A1,0.0,0.0,0
ENSG00000274911.1,RP11-12A20.7,0.0,0.0,0
ENSG00000276032.1,RP11-12A20.6,0.0,0.0,0
ENSG00000278735.1,RP11-12A20.10,0.0,0.0,0
ENSG00000274026.1,FAM27E3,0.0,0.0,0
ENSG00000276386.1,CNTNAP3P2,0.0,0.0,0
ENSG00000147996.16,CBWD5,0.0,0.0,0
ENSG00000165092.12,ALDH1A1,0.0,0.0,0
ENSG00000204778.4,CBWD4P,0.0,0.0,0
ENSG00000172014.12,ANKRD20A4,0.0,0.0,0
ENSG00000215548.2,FRG1JP,0.0,0.0,0
ENSG00000237238.2,BMS1P10,0.0,0.00041912962,1
ENSG00000228522.2,RP11-236F9.2,0.0,0.0,0
ENSG00000234665.8,RP11-262H14.3,0.0,0.0,0
ENSG00000204805.8,FAM27E4,0.0,0.0,0
ENSG00000107242.17,PIP5K1B,0.0,0.0,0
ENSG00000187866.8,FAM122A,0.0,0.0,0
ENSG00000236733.1,RP11-203L2.4,0.0,0.0,0
ENSG00000165060.11,FXN,0.0,0.0,0
ENSG00000107372.12,ZFAND5,0.0,0.0,0
ENSG00000119125.16,GDA,0.0,0.0,0
ENSG00000236060.2,HSPB1P1,0.0,0.0,0
ENSG00000155621.14,C9orf85,0.0,0.0,0
ENSG00000107362.13,ABHD17B,0.0,0.0,0
ENSG00000135048.13,TMEM2,0.0,0.0,0
ENSG00000119138.4,KLF9,0.0,0.0,0
ENSG00000198887.8,SMC5,0.0,0.0,0
ENSG00000236801.1,RPL24P8,0.0,0.00048640757,1
ENSG00000165072.9,MAMDC2,0.0,0.00047852471,1
ENSG00000204711.8,C9orf135,0.0,0.0,0
ENSG00000188647.12,PTAR1,0.0,0.0,0
ENSG00000107282.7,APBA1,0.0,0.0,0
ENSG00000119139.17,TJP2,0.0,0.0,0
ENSG00000270236.1,RP11-265B8.5,0.0,0.0,0
ENSG00000083223.17,ZCCHC6,0.0,0.0,0
ENSG00000231007.5,CDC20P1,0.0,0.0,0
ENSG00000186350.9,RXRA,0.0,0.0,0
ENSG00000207563.1,MIR23B,0.0,0.00037162038,1
ENSG00000185920.15,PTCH1,0.0,0.0,0
ENSG00000213761.4,MT1P1,0.0,0.0,0
ENSG00000230221.2,RP11-173G21.1,0.0,5.7892503e-05,1
ENSG00000223849.1,RP11-80I15.1,0.0,0.0,0
ENSG00000158169.12,FANCC,0.0,0.0,0
ENSG00000207617.4,MIR3074,0.0,0.0,0
ENSG00000207864.3,MIR27B,0.0,0.0,0
ENSG00000148120.16,C9orf3,0.0,0.0,0
ENSG00000131668.13,BARX1,0.0,0.0,0
ENSG00000165140.9,FBP1,0.0,0.0,0
ENSG00000148110.15,MFSD14B,0.0,0.0,0
ENSG00000282886.1,RP11-307E17.11,0.0,0.0,0
ENSG00000237679.2,VDAC1P11,0.0,0.0,0
ENSG00000175787.16,ZNF169,0.0,0.0,0
ENSG00000199133.3,MIRLET7D,0.0,0.0,0
ENSG00000227666.1,CYCSP24,0.0,0.0,0
ENSG00000271155.1,RP11-435O5.5,0.0,0.0,0
ENSG00000182150.15,ERCC6L2,0.0,0.0,0
ENSG00000224546.2,EIF4BP3,0.0,0.0,0
ENSG00000130948.9,HSD17B3,0.0,0.0,0
ENSG00000254633.1,RP11-23J9.7,0.0,0.0,0
ENSG00000254483.1,RP11-23J9.6,0.0,0.0,0
ENSG00000213612.3,FAM220CP,0.0,0.0,0
ENSG00000188152.12,NUTM2G,0.0,0.0,0
ENSG00000269907.1,RP11-330M2.4,0.0,0.0,0
ENSG00000196312.12,MFSD14C,0.0,0.0,0
ENSG00000196597.11,ZNF782,0.0,0.0,0
ENSG00000081386.12,ZNF510,0.0,0.0,0
ENSG00000233820.2,RP11-535M15.2,0.0,0.0,0
ENSG00000158122.11,AAED1,0.0,0.0,0
ENSG00000081377.16,CDC14B,0.0,0.0018349107,1
ENSG00000130956.13,HABP4,0.0,0.0,0
ENSG00000238251.2,RP11-172F4.2,0.0,0.0,0
ENSG00000165244.6,ZNF367,0.0,0.0,0
ENSG00000130958.11,SLC35D2,0.0,0.0,0
ENSG00000158079.14,PTPDC1,0.0,0.0,0
ENSG00000197724.10,PHF2,0.0,0.0,0
ENSG00000196730.12,DAPK1,0.0,0.0,0
ENSG00000187742.14,SECISBP2,0.0,0.0,0
ENSG00000165030.3,NFIL3,0.0,0.0,0
ENSG00000148090.11,AUH,0.0,0.0,0
ENSG00000165025.14,SYK,0.0,0.0,0
ENSG00000130222.10,GADD45G,0.0,0.0,0
ENSG00000225460.1,RP13-93L13.1,0.0,0.0,0
ENSG00000231799.2,PA2G4P6,0.0,0.0,0
ENSG00000187764.11,SEMA4D,0.0,0.0,0
ENSG00000123975.4,CKS2,0.0,0.0,0
ENSG00000048828.16,FAM120A,0.0,0.0,0
ENSG00000148082.9,SHC3,0.0,0.0,0
ENSG00000213694.3,S1PR3,0.0,0.0,0
ENSG00000227638.2,HNRNPA1P14,0.0,0.0,0
ENSG00000106723.16,SPIN1,0.0,0.0,0
ENSG00000156345.17,CDK20,0.0,0.0,0
ENSG00000135047.14,CTSL,0.0,0.0,0
ENSG00000219928.2,RP11-40C6.2,0.0,0.0,0
ENSG00000169071.14,ROR2,0.0,0.0,0
ENSG00000090054.13,SPTLC1,0.0,0.0,0
ENSG00000275756.1,RP11-100G15.12,0.0,0.0,0
ENSG00000196305.17,IARS,0.0,0.0,0
ENSG00000188938.15,FAM120AOS,0.0,0.0,0
ENSG00000204352.2,C9orf129,0.0,0.0,0
ENSG00000165238.16,WNK2,0.0,0.0,0
ENSG00000131669.9,NINJ1,0.0,0.0,0
ENSG00000157303.10,SUSD3,0.0,0.0016008674,1
ENSG00000127084.17,FGD3,0.0,0.0,0
ENSG00000127081.13,ZNF484,0.0,0.0,0
ENSG00000226721.2,EEF1DP2,0.0,0.0,0
ENSG00000187984.12,ANKRD19P,0.0,0.0,0
ENSG00000185963.13,BICD2,0.0,0.0,0
ENSG00000106819.11,ASPN,0.0,0.0,0
ENSG00000127083.7,OMD,0.0,0.0,0
ENSG00000106809.10,OGN,0.0,0.0,0
ENSG00000188312.13,CENPP,0.0,0.0,0
ENSG00000198000.11,NOL8,0.0,0.0,0
ENSG00000236816.2,ANKRD20A7P,0.0,0.0,0
ENSG00000212952.6,RP11-475I24.9,0.0,0.0,0
ENSG00000154529.14,CNTNAP3B,0.0,0.00011512385,1
ENSG00000086062.12,B4GALT1,0.0,0.0,0
ENSG00000165271.16,NOL6,0.0,0.0,0
ENSG00000165272.14,AQP3,0.0,0.0,0
ENSG00000165269.12,AQP7,0.0,0.0002028405,1
ENSG00000086102.18,NFX1,0.0,0.0,0
ENSG00000086065.13,CHMP5,0.0,0.0,0
ENSG00000107262.18,BAG1,0.0,0.0,0
ENSG00000122711.8,SPINK4,0.0,0.0,0
ENSG00000122692.8,SMU1,0.0,0.0,0
ENSG00000122729.18,ACO1,0.0,0.0,0
ENSG00000086061.15,DNAJA1,0.0,0.0,0
ENSG00000137074.18,APTX,0.0,0.0,0
ENSG00000237437.1,ASS1P12,0.0,0.0,0
ENSG00000232303.2,DFFBP1,0.0,0.0,0
ENSG00000165264.10,NDUFB6,0.0,0.0,0
ENSG00000235453.8,TOPORS-AS1,0.0,0.0,0
ENSG00000197579.7,TOPORS,0.0,0.0,0
ENSG00000230453.9,ANKRD18B,0.0,0.0,0
ENSG00000231991.4,ANXA2P2,0.0,0.0,0
ENSG00000237984.3,PTENP1,0.0,0.0,0
ENSG00000010438.16,PRSS3,0.0,0.0013713358,1
ENSG00000147955.16,SIGMAR1,0.0,0.0,0
ENSG00000137100.15,DCTN3,0.0,0.0,0
ENSG00000164967.9,RPP25L,0.0,0.0,0
ENSG00000122756.14,CNTFR,0.0,0.0,0
ENSG00000168913.6,ENHO,0.0,0.0,0
ENSG00000122735.15,DNAI1,0.0,0.0,0
ENSG00000164970.14,FAM219A,0.0,0.0,0
ENSG00000164972.12,C9orf24,0.0,0.0,0
ENSG00000164976.8,KIAA1161,0.0,0.0,0
ENSG00000186638.16,KIF24,0.0,0.0004112591,1
ENSG00000165006.13,UBAP1,0.0,0.0,0
ENSG00000198876.12,DCAF12,0.0,0.0,0
ENSG00000226801.2,OSTCP8,0.0,0.0,0
ENSG00000137073.21,UBAP2,0.0,0.0,0
ENSG00000107341.4,UBE2R2,0.0,0.0,0
ENSG00000107201.9,DDX58,0.0,0.0,0
ENSG00000215210.3,RBMXP2,0.0,0.0,0
ENSG00000276135.1,FAM27E2,0.0,0.0,0
ENSG00000232176.1,RP11-146N23.1,0.0,0.0,0
ENSG00000202189.1,SNORA30,0.0,0.0,0
ENSG00000188352.12,FOCAD,0.0,0.0,0
ENSG00000171843.15,MLLT3,0.0,0.0,0
ENSG00000177076.5,ACER2,0.0,0.0,0
ENSG00000137154.12,RPS6,0.0,0.0,0
ENSG00000272842.1,RP11-513M16.7,0.0,0.0,0
ENSG00000137145.20,DENND4C,0.0,0.0,0
ENSG00000147872.9,PLIN2,0.0,0.0,0
ENSG00000147894.14,C9orf72,0.0,0.0,0
ENSG00000251733.1,SCARNA8,0.0,0.0,0
ENSG00000147874.10,HAUS6,0.0,0.0,0
ENSG00000155876.5,RRAGA,0.0,0.0005467269,1
ENSG00000236857.3,RAP1BP1,0.0,0.0,0
ENSG00000178031.16,ADAMTSL1,0.0,0.0,0
ENSG00000107295.9,SH3GL2,0.0,0.0,0
ENSG00000044459.14,CNTLN,0.0,0.0,0
ENSG00000188921.13,HACD4,0.0,0.0,0
ENSG00000198642.6,KLHL9,0.0,0.0,0
ENSG00000184995.7,IFNE,0.0,0.00023477303,1
ENSG00000099810.18,MTAP,0.0,0.0,0
ENSG00000147896.3,IFNK,0.0,0.0,0
ENSG00000120162.9,MOB3B,0.0,0.0,0
ENSG00000120156.20,TEK,0.0,0.0,0
ENSG00000184434.7,LRRC19,0.0,0.0,0
ENSG00000096872.15,IFT74,0.0,0.0,0
ENSG00000137055.14,PLAA,0.0,0.0,0
ENSG00000120159.11,CAAP1,0.0,0.000499657,1
ENSG00000198680.4,TUSC1,0.0,0.0,0
ENSG00000236739.3,CLIC4P1,0.0,0.0,0
ENSG00000176399.3,DMRTA1,0.0,0.0,0
ENSG00000215221.2,UBA52P6,0.0,0.0,0
ENSG00000147883.10,CDKN2B,0.0,0.0,0
ENSG00000147889.17,CDKN2A,0.0,0.0,0
ENSG00000265194.1,RP11-70L8.4,0.0,0.0,0
ENSG00000229298.1,TUBB8P1,0.0,0.0,0
ENSG00000213930.11,GALT,0.0,0.0,0
ENSG00000137070.17,IL11RA,0.0,0.0,0
ENSG00000172724.11,CCL19,0.0,0.0,0
ENSG00000147912.12,FBXO10,0.0,0.0,0
ENSG00000232454.2,RP11-3J10.7,0.0,0.0,0
ENSG00000122741.15,DCAF10,0.0,0.0007468326,1
ENSG00000107371.12,EXOSC3,0.0,0.000142561,1
ENSG00000165275.9,TRMT10B,0.0,0.0,0
ENSG00000070601.9,FRMPD1,0.0,0.0,0
ENSG00000233111.1,RAB1C,0.0,0.0,0
ENSG00000175768.12,TOMM5,0.0,0.0,0
ENSG00000230188.1,RP11-405L18.4,0.0,0.0,0
ENSG00000137077.7,CCL21,0.0,0.0,0
ENSG00000137054.15,POLR1E,0.0,0.0,0
ENSG00000168795.4,ZBTB5,0.0,0.0,0
ENSG00000137106.17,GRHPR,0.0,0.0,0
ENSG00000228292.1,RP11-220I1.4,0.0,0.0,0
ENSG00000147905.17,ZCCHC7,0.0,0.0,0
ENSG00000196092.12,PAX5,0.0,0.0,0
ENSG00000165304.7,MELK,0.0,0.0,0
ENSG00000122696.13,SLC25A51,0.0,0.0,0
ENSG00000213839.4,TMX2P1,0.0,0.0,0
ENSG00000107338.9,SHB,0.0,0.0,0
ENSG00000137124.7,ALDH1B1,0.0,0.0,0
ENSG00000278077.1,RP11-157L3.10,0.0,0.0,0
ENSG00000275493.1,FAM27D1,0.0,0.0022385728,1
ENSG00000215126.10,CBWD7,0.0,0.0,0
ENSG00000277778.2,PGM5P2,0.0,0.0,0
ENSG00000276291.5,FRG1HP,0.0,0.0,0
ENSG00000276868.1,RP11-318K12.3,0.0,0.0,0
ENSG00000240240.8,RP11-146D12.2,0.0,0.0,0
ENSG00000204837.4,FGF7P3,0.0,0.0,0
ENSG00000229273.1,RP11-104G3.2,0.0,0.0,0
ENSG00000278175.3,GLIDR,0.0,0.0,0
ENSG00000198416.9,ZNF658B,0.0,0.0,0
ENSG00000106714.17,CNTNAP3,0.0,0.0,0
ENSG00000180071.19,ANKRD18A,0.0,0.0,0
ENSG00000250989.1,RP11-392E22.5,0.0,0.0,0
ENSG00000137142.4,IGFBPL1,0.0,0.00056783133,1
ENSG00000137075.17,RNF38,0.0,0.0,0
ENSG00000215283.3,HMGB3P24,0.0,0.0,0
ENSG00000159921.14,GNE,0.0,0.0,0
ENSG00000269900.3,RMRP,0.0,0.0,0
ENSG00000107140.15,TESK1,0.0,0.0008314466,1
ENSG00000227852.1,RPS29P17,0.0,0.0,0
ENSG00000215187.10,FAM166B,0.0,0.0,0
ENSG00000198853.11,RUSC2,0.0,0.0,0
ENSG00000198722.14,UNC13B,0.0,0.0,0
ENSG00000005238.19,FAM214B,0.0,0.0,0
ENSG00000165283.15,STOML2,0.0,0.0,0
ENSG00000165282.13,PIGO,0.0,0.0,0
ENSG00000221829.9,FANCG,0.0,0.0,0
ENSG00000165280.15,VCP,0.0,0.0,0
ENSG00000174038.12,C9orf131,0.0,0.0,0
ENSG00000279608.1,RP11-182N22.9,0.0,0.0009829772,1
ENSG00000137094.14,DNAJB5,0.0,2.1883084e-06,1
ENSG00000257198.6,FAM205BP,0.0,0.0,0
ENSG00000205108.5,FAM205A,0.0,0.0,0
ENSG00000137078.8,SIT1,0.0,0.0,0
ENSG00000277027.1,RMRP,0.0,0.0,0
ENSG00000122705.16,CLTA,0.0,0.0011258803,1
ENSG00000159884.11,CCDC107,0.0,0.0,0
ENSG00000122694.15,GLIPR2,0.0,0.0,0
ENSG00000122707.11,RECK,0.0,0.0,0
ENSG00000213866.3,YBX1P10,0.0,0.0,0
ENSG00000137103.16,TMEM8B,0.0,0.0,0
ENSG00000137133.10,HINT2,0.0,0.0,0
ENSG00000137098.13,SPAG8,0.0,0.0,0
ENSG00000159899.14,NPR2,0.0,0.0,0
ENSG00000215183.4,MSMP,0.0,0.0,0
ENSG00000107185.9,RGP1,0.0,0.0,0
ENSG00000070610.14,GBA2,0.0,0.0,0
ENSG00000107175.11,CREB3,0.0,0.0,0
ENSG00000137076.20,TLN1,0.0,0.0,0
ENSG00000198467.13,TPM2,0.0,0.0,0
ENSG00000107159.12,CA9,0.0,0.0009741656,2
ENSG00000137135.17,ARHGEF39,0.0,0.0,0
ENSG00000197816.13,CCDC180,0.0,0.0,0
ENSG00000196116.7,TDRD7,0.0,0.0,0
ENSG00000136842.13,TMOD1,0.0,0.0,0
ENSG00000148346.11,LCN2,0.0,0.0,0
ENSG00000167113.10,COQ4,0.0,0.0,0
ENSG00000167112.9,TRUB2,0.0,0.0,0
ENSG00000175854.11,SWI5,0.0,0.00013097853,1
ENSG00000167110.17,GOLGA2,0.0,0.0,0
ENSG00000106976.20,DNM1,0.0,0.0,0
ENSG00000148337.20,CIZ1,0.0,0.0,0
ENSG00000171159.4,C9orf16,0.0,0.0,0
ENSG00000148334.14,PTGES2,0.0,0.0,0
ENSG00000136877.14,FPGS,0.0,0.0,0
ENSG00000148339.12,SLC25A25,0.0,0.0,0
ENSG00000167106.11,FAM102A,0.0,0.0,0
ENSG00000136908.17,DPM2,0.0,0.0,0
ENSG00000136840.18,ST6GALNAC4,0.0,0.0,0
ENSG00000160408.14,ST6GALNAC6,0.0,0.0,0
ENSG00000106992.17,AK1,0.0,0.0021174299,2
ENSG00000225032.5,RP11-228B15.4,0.0,0.0,0
ENSG00000167114.12,SLC27A4,0.0,0.0,0
ENSG00000223551.1,TMSB4XP4,0.0,0.0,0
ENSG00000167118.10,URM1,0.0,0.0,0
ENSG00000167123.18,CERCAM,0.0,0.0,0
ENSG00000171097.13,KYAT1,0.0,0.0,0
ENSG00000198917.12,SPOUT1,0.0,0.0,0
ENSG00000167136.6,ENDOG,0.0,0.0,0
ENSG00000107021.15,TBC1D13,0.0,0.0,0
ENSG00000160445.10,ZER1,0.0,0.0,0
ENSG00000160446.18,ZDHHC12,0.0,0.0,0
ENSG00000160447.6,PKN3,0.0,0.0,0
ENSG00000119335.16,SET,0.0,0.0,0
ENSG00000119333.11,WDR34,0.0,0.0,0
ENSG00000280758.1,RP11-216B9.9,0.0,0.0,0
ENSG00000197694.15,SPTAN1,0.0,0.0,0
ENSG00000228395.1,RP11-216B9.6,0.0,0.0,0
ENSG00000119392.14,GLE1,0.0,0.0,0
ENSG00000225951.1,ODF2-AS1,0.0,0.0,0
ENSG00000136811.16,ODF2,0.0,0.0,0
ENSG00000106991.13,ENG,0.0,8.164845e-05,1
ENSG00000136807.13,CDK9,0.0,0.0,0
ENSG00000231744.1,RP11-164H5.1,0.0,0.0,0
ENSG00000119414.11,PPP6C,0.0,0.0,0
ENSG00000214761.3,HNRNPA1P15,0.0,0.0,0
ENSG00000119487.16,MAPKAP1,0.0,0.0,0
ENSG00000214593.3,RP11-65N13.6,0.0,0.0,0
ENSG00000165219.21,GAPVD1,0.0,0.0,0
ENSG00000044574.7,HSPA5,0.0,0.0,0
ENSG00000136933.16,RABEPK,0.0,0.0,0
ENSG00000232630.1,PRPS1P2,0.0,0.0,0
ENSG00000177736.4,FXNP2,0.0,0.0,0
ENSG00000095370.19,SH2D3C,0.0,0.0,0
ENSG00000173611.17,SCAI,0.0,0.0,0
ENSG00000136935.13,GOLGA1,0.0,0.0,0
ENSG00000136950.13,ARPC5L,0.0,0.0,0
ENSG00000136942.14,RPL35,0.0,0.0,0
ENSG00000136918.7,WDR38,0.0,0.0,0
ENSG00000185585.19,OLFML2A,0.0,0.0,0
ENSG00000207737.1,MIR181B2,0.0,0.0,0
ENSG00000167081.16,PBX3,0.0,0.0,0
ENSG00000196814.14,MVB12B,0.0,0.0,0
ENSG00000169155.9,ZBTB43,0.0,0.0,0
ENSG00000177125.5,ZBTB34,0.0,0.0,0
ENSG00000160404.17,TOR2A,0.0,0.0,0
ENSG00000167094.15,TTC16,0.0,0.0,0
ENSG00000160401.14,CFAP157,0.0,0.0,0
ENSG00000187024.13,PTRH1,0.0,0.0,0
ENSG00000283874.1,MIR3911,0.0,0.0,0
ENSG00000279571.3,RP11-56D16.8,0.0,0.0,0
ENSG00000136854.19,STXBP1,0.0,0.0,0
ENSG00000148356.13,LRSAM1,0.0,0.0,0
ENSG00000201302.1,SNORA65,0.0,0.0,0
ENSG00000197958.12,RPL12,0.0,0.0,0
ENSG00000196152.10,ZNF79,0.0,0.0,0
ENSG00000136856.17,SLC2A8,0.0,0.0,0
ENSG00000136895.18,GARNL3,0.0,0.0,0
ENSG00000136859.9,ANGPTL2,0.0,0.0,0
ENSG00000136828.18,RALGPS1,0.0,0.0012048304,1
ENSG00000136802.11,LRRC8A,0.0,0.0,0
ENSG00000175287.18,PHYHD1,0.0,0.0,0
ENSG00000175283.7,DOLK,0.0,0.0,0
ENSG00000165698.15,SPACA9,0.0,0.0,0
ENSG00000148296.6,SURF6,0.0,0.0,0
ENSG00000175164.13,ABO,0.0,0.0,0
ENSG00000148288.11,GBGT1,0.0,0.0,0
ENSG00000160271.14,RALGDS,0.0,0.0,0
ENSG00000170835.14,CEL,0.0,0.0,0
ENSG00000148308.17,GTF3C5,0.0,0.0,0
ENSG00000196205.8,EEF1A1P5,0.0,0.0,0
ENSG00000165695.9,AK8,0.0,0.0,0
ENSG00000095319.14,NUP188,0.0,0.0,0
ENSG00000125484.11,GTF3C4,0.0,0.0,0
ENSG00000125485.17,DDX31,0.0,0.0,0
ENSG00000188523.8,CFAP77,0.0,0.0,0
ENSG00000125482.12,TTF1,0.0,0.0,0
ENSG00000107290.13,SETX,0.0,0.0,0
ENSG00000196358.10,NTNG2,0.0,0.0,0
ENSG00000160563.13,MED27,0.0,0.0,0
ENSG00000230064.1,RP11-244N20.7,0.0,0.0,0
ENSG00000148303.16,RPL7A,0.0,0.0,0
ENSG00000206611.1,SNORD24,0.0,0.0,0
ENSG00000200831.1,SNORD36B,0.0,0.0,0
ENSG00000196363.9,WDR5,0.0,0.0,0
ENSG00000169925.16,BRD3,0.0,0.0,0
ENSG00000160293.16,VAV2,0.0,0.0,0
ENSG00000123453.17,SARDH,0.0,0.0,0
ENSG00000123454.10,DBH,0.0,0.0,0
ENSG00000197859.9,ADAMTSL2,0.0,0.0,0
ENSG00000160326.13,SLC2A6,0.0,0.0,0
ENSG00000160325.14,CACFD1,0.0,0.0,0
ENSG00000160323.18,ADAMTS13,0.0,0.00022758132,1
ENSG00000148300.11,REXO4,0.0,0.0,0
ENSG00000148248.13,SURF4,0.0,0.0,0
ENSG00000148291.9,SURF2,0.0,0.0,0
ENSG00000148290.9,SURF1,0.0,0.0,0
ENSG00000252542.1,SNORD36C,0.0,0.0,0
ENSG00000199744.1,SNORD36A,0.0,0.0020950793,1
ENSG00000107263.18,RAPGEF1,0.0,0.0,0
ENSG00000130717.12,UCK1,0.0,0.0,0
ENSG00000130714.15,POMT1,0.0,0.0,0
ENSG00000136878.12,USP20,0.0,0.0,0
ENSG00000136827.11,TOR1A,0.0,0.0,0
ENSG00000136816.15,TOR1B,0.0,0.0,0
ENSG00000148344.10,PTGES,0.0,0.0,0
ENSG00000167157.10,PRRX2,0.0,0.0,0
ENSG00000234789.1,RP11-483H20.4,0.0,0.0,0
ENSG00000148331.11,ASB6,0.0,0.0,0
ENSG00000179058.6,C9orf50,0.0,0.0,0
ENSG00000148335.14,NTMT1,0.0,0.0,0
ENSG00000204055.4,RP11-247A12.2,0.0,0.0,0
ENSG00000188483.7,IER5L,0.0,0.0,0
ENSG00000119383.19,PTPA,0.0,0.0,0
ENSG00000095321.16,CRAT,0.0,0.0,0
ENSG00000167130.17,DOLPP1,0.0,0.0,0
ENSG00000148343.18,MIGA2,0.0,0.0,0
ENSG00000148341.17,SH3GLB2,0.0,0.0,0
ENSG00000136819.15,C9orf78,0.0,0.0,0
ENSG00000187239.16,FNBP1,0.0,0.0,0
ENSG00000231587.1,SNORD62B,0.0,0.0,0
ENSG00000148358.19,GPR107,0.0,0.0,0
ENSG00000235284.1,SNORD62A,0.0,0.0012164816,1
ENSG00000130723.18,PRRC2B,0.0,0.0,0
ENSG00000126882.12,FAM78A,0.0,0.0,0
ENSG00000246851.1,RP11-544A12.8,0.0,0.0,0
ENSG00000236986.6,RP11-544A12.4,0.0,0.0,0
ENSG00000126883.16,NUP214,0.0,0.0,0
ENSG00000126878.12,AIF1L,0.0,0.0,0
ENSG00000050555.17,LAMC3,0.0,0.0,0
ENSG00000224797.1,RP11-57C19.6,0.0,0.0,0
ENSG00000097007.17,ABL1,0.0,0.0,0
ENSG00000130713.15,EXOSC2,0.0,0.0,0
ENSG00000107164.15,FUBP3,0.0,0.0,0
ENSG00000130707.17,ASS1,0.0,0.0,0
ENSG00000148357.16,HMCN2,0.0,0.0,0
ENSG00000107130.9,NCS1,0.0,0.0,0
ENSG00000207595.1,MIR181A2,0.0,0.0,0
ENSG00000148200.16,NR6A1,0.0,0.0,0
ENSG00000136925.14,TSTD2,0.0,0.0,0
ENSG00000148143.12,ZNF462,0.0,0.0,0
ENSG00000095203.14,EPB41L4B,0.0,0.0,0
ENSG00000106771.12,TMEM245,0.0,0.0,0
ENSG00000119326.14,CTNNAL1,0.0,0.00014756076,1
ENSG00000119328.11,FAM206A,0.0,0.0,0
ENSG00000070061.14,IKBKAP,0.0,0.0,0
ENSG00000136826.14,KLF4,0.0,0.0,0
ENSG00000119318.12,RAD23B,0.0,0.0,0
ENSG00000228366.1,RP11-18B3.3,0.0,0.0,0
ENSG00000188712.4,OR13D3P,0.0,0.0,0
ENSG00000095209.11,TMEM38B,0.0,0.0,0
ENSG00000106692.13,FKTN,0.0,0.0,0
ENSG00000229419.1,RALGAPA1P1,0.0,0.0,0
ENSG00000106701.11,FSD1L,0.0,0.0,0
ENSG00000070214.15,SLC44A1,0.0,0.00022710608,1
ENSG00000165029.15,ABCA1,0.0,0.0,0
ENSG00000165028.11,NIPSNAP3B,0.0,0.0,0
ENSG00000070159.13,PTPN3,0.0,0.0,0
ENSG00000243444.7,PALM2,0.0,0.0,0
ENSG00000228053.1,RP11-151F5.2,0.0,0.0,0
ENSG00000241978.9,AKAP2,0.0,0.0,0
ENSG00000119471.14,HSDL2,0.0,0.0,0
ENSG00000119314.15,PTBP3,0.0,0.0,0
ENSG00000106868.16,SUSD1,0.0,0.00023834457,1
ENSG00000148154.9,UGCG,0.0,0.0,0
ENSG00000165181.16,C9orf84,0.0,0.0,0
ENSG00000242616.3,GNG10,0.0,0.0,0
ENSG00000059769.19,DNAJC25,0.0,0.0,0
ENSG00000106853.18,PTGR1,0.0,0.0,0
ENSG00000173258.12,ZNF483,0.0,0.0,0
ENSG00000136813.14,KIAA0368,0.0,0.0,0
ENSG00000198121.13,LPAR1,0.0,5.9320395e-05,1
ENSG00000030304.13,MUSK,0.0,0.0,0
ENSG00000165124.17,SVEP1,0.0,0.0,0
ENSG00000136810.12,TXN,0.0,0.0,0
ENSG00000188959.9,C9orf152,0.0,0.0,0
ENSG00000136783.9,NIPSNAP3A,0.0,0.0,0
ENSG00000179055.6,OR13D1,0.0,0.0,0
ENSG00000136930.12,PSMB7,0.0,0.0,0
ENSG00000106789.12,CORO2A,0.0,0.0,0
ENSG00000119523.9,ALG2,0.0,0.0,0
ENSG00000106799.12,TGFBR1,0.0,0.0,0
ENSG00000204291.10,COL15A1,0.0,0.0,0
ENSG00000267026.5,RP11-92C4.3,0.0,0.0,0
ENSG00000119514.6,GALNT12,0.0,0.0,0
ENSG00000165138.17,ANKS6,0.0,0.0,0
ENSG00000095383.19,TBC1D2,0.0,0.0,0
ENSG00000106785.14,TRIM14,0.0,0.0,0
ENSG00000136824.18,SMC2,0.0,0.0,0
ENSG00000095380.10,NANS,0.0,0.0,0
ENSG00000136938.8,ANP32B,0.0,0.0,0
ENSG00000136929.12,HEMGN,0.0,0.0023034853,2
ENSG00000136932.13,TRMO,0.0,0.0,0
ENSG00000178919.8,FOXE1,0.0,0.0,0
ENSG00000136936.10,XPA,0.0,0.0,0
ENSG00000136937.12,NCBP1,0.0,0.0,0
ENSG00000106803.9,SEC61B,0.0,0.0,0
ENSG00000119508.17,NR4A3,0.0,0.0,0
ENSG00000136874.10,STX17,0.0,0.0,0
ENSG00000254571.1,RP11-60I3.4,0.0,0.0,0
ENSG00000155827.11,RNF20,0.0,0.0,0
ENSG00000165152.8,TMEM246,0.0,0.0,0
ENSG00000136872.17,ALDOB,0.0,0.0,0
ENSG00000136870.10,ZNF189,0.0,0.0,0
ENSG00000136897.7,MRPL50,0.0,0.0,0
ENSG00000136881.11,BAAT,0.0,0.0,0
ENSG00000148123.14,PLPPR1,0.0,0.0,0
ENSG00000170681.6,MURC,0.0,0.0,0
ENSG00000241697.4,TMEFF1,0.0,0.0,0
ENSG00000066697.14,MSANTD3,0.0,0.0,0
ENSG00000136891.13,TEX10,0.0,0.0,0
ENSG00000231697.3,NANOGP5,0.0,0.000508885,1
ENSG00000119509.12,INVS,0.0,0.0,0
ENSG00000234709.2,UPF3AP3,0.0,0.0,0
ENSG00000023318.7,ERP44,0.0,0.0,0
ENSG00000165185.14,KIAA1958,0.0,1.5056275e-05,1
ENSG00000148153.13,INIP,0.0,0.0,0
ENSG00000148158.16,SNX30,0.0,0.0,0
ENSG00000175764.14,TTLL11,0.0,0.0,0
ENSG00000239590.1,OR1J4,0.0,0.0,0
ENSG00000136834.3,OR1J1,0.0,0.0,0
ENSG00000095303.14,PTGS1,0.0,0.000107030166,1
ENSG00000148187.17,MRRF,0.0,0.0,0
ENSG00000119446.13,RBM18,0.0,0.0,0
ENSG00000185681.12,MORN5,0.0,0.0,0
ENSG00000119421.6,NDUFA8,0.0,0.0,0
ENSG00000136848.16,DAB2IP,0.0,0.0,0
ENSG00000119457.7,SLC46A2,0.0,0.0,0
ENSG00000213467.4,HMGB1P37,0.0,0.0,0
ENSG00000204136.10,GGTA1P,0.0,0.0,0
ENSG00000148175.12,STOM,0.0,0.0,0
ENSG00000235865.2,GSN-AS1,0.0,0.0,0
ENSG00000148180.19,GSN,0.0,0.0,0
ENSG00000119396.10,RAB14,0.0,0.0,0
ENSG00000119397.16,CNTRL,0.0,0.0,0
ENSG00000171505.5,OR1N1,0.0,0.0,0
ENSG00000171501.8,OR1N2,0.0,0.0,0
ENSG00000171496.3,OR1L8,0.0,0.0,0
ENSG00000165202.3,OR1Q1,0.0,0.0,0
ENSG00000119408.16,NEK6,0.0,0.00032429735,1
ENSG00000283941.1,MIR600,0.0,0.0,0
ENSG00000165209.18,STRBP,0.0,0.0,0
ENSG00000188394.6,GPR21,0.0,0.0,0
ENSG00000213216.2,RP11-355O1.7,0.0,0.0,0
ENSG00000011454.16,RABGAP1,0.0,0.0,0
ENSG00000171448.8,ZBTB26,0.0,0.0,0
ENSG00000186130.4,ZBTB6,0.0,0.0,0
ENSG00000212447.1,SNORD90,0.0,0.0,0
ENSG00000056586.15,RC3H2,0.0,0.0015876662,1
ENSG00000165204.3,OR1K1,0.0,0.0,0
ENSG00000136940.13,PDCL,0.0,0.0,0
ENSG00000232387.2,SKA2P1,0.0,0.0,0
ENSG00000171459.3,OR1L6,0.0,0.0,0
ENSG00000136939.1,OR1L4,0.0,0.0,0
ENSG00000106804.7,C5,0.0,0.0,0
ENSG00000056558.10,TRAF1,0.0,0.0,0
ENSG00000119403.13,PHF19,0.0,0.0,0
ENSG00000229314.5,ORM1,0.0,0.0,0
ENSG00000106927.11,AMBP,0.0,0.0,0
ENSG00000157657.14,ZNF618,0.0,0.0,0
ENSG00000138835.22,RGS3,0.0,0.0,0
ENSG00000157653.11,C9orf43,0.0,0.0,0
ENSG00000148229.12,POLE3,0.0,0.0,0
ENSG00000148218.15,ALAD,0.0,0.0,0
ENSG00000119431.9,HDHD3,0.0,0.0,0
ENSG00000119411.10,BSPRY,0.0,0.0,0
ENSG00000148225.15,WDR31,0.0,0.0,0
ENSG00000136875.12,PRPF4,0.0,0.0,0
ENSG00000136868.10,SLC31A1,0.0,0.0,0
ENSG00000119321.8,FKBP15,0.0,0.0,0
ENSG00000136867.10,SLC31A2,0.0,0.0,0
ENSG00000136866.13,ZFP37,0.0,0.0,0
ENSG00000228623.5,ZNF883,0.0,0.0,0
ENSG00000136883.13,KIF12,0.0,0.0,0
ENSG00000228278.3,ORM2,0.0,0.0,0
ENSG00000095261.13,PSMD5,0.0,0.0,0
ENSG00000106948.16,AKNA,0.0,0.0,0
ENSG00000119402.16,FBXW2,0.0,0.0,0
ENSG00000106780.8,MEGF9,0.0,0.0,0
ENSG00000136861.17,CDK5RAP2,0.0,0.0,0
ENSG00000078725.12,BRINP1,0.0,0.0,0
ENSG00000234782.3,TPT1P9,0.0,0.0,0
ENSG00000136869.13,TLR4,0.0,0.0,0
ENSG00000230734.1,RPL10P3,0.0,0.0,0
ENSG00000119401.10,TRIM32,0.0,0.0,0
ENSG00000148219.16,ASTN2,0.0,0.0,0
ENSG00000256040.2,PAPPA-AS1,0.0,0.0,0
ENSG00000182752.9,PAPPA,0.0,0.0,0
ENSG00000041982.15,TNC,0.0,0.0,0
ENSG00000106952.7,TNFSF8,0.0,0.0,0
ENSG00000136888.6,ATP6V1G1,0.0,0.0,0
ENSG00000095397.13,WHRN,0.0,0.0,0
ENSG00000127989.13,MTERF1,0.0,0.0,0
ENSG00000157240.3,FZD1,0.0,0.0,0
ENSG00000058091.16,CDK14,0.0,0.0,0
ENSG00000132912.12,DCTN4,0.0,0.0,0
ENSG00000196743.8,GM2A,0.0,0.0,0
ENSG00000198624.12,CCDC69,0.0,0.0,0
ENSG00000197043.13,ANXA6,0.0,0.0,0
ENSG00000145901.14,TNIP1,0.0,0.0,0
ENSG00000211445.11,GPX3,0.0,0.0,0
ENSG00000145908.12,ZNF300,0.0,0.0,0
ENSG00000256235.1,SMIM3,0.0,0.0,0
ENSG00000086589.11,RBM22,0.0,0.0,0
ENSG00000241907.1,RPS20P4,0.0,0.0,0
ENSG00000171992.12,SYNPO,0.0,0.0,0
ENSG00000070614.14,NDST1,0.0,0.0,0
ENSG00000164587.11,RPS14,0.0,0.0,0
ENSG00000019582.14,CD74,0.0,0.0,0
ENSG00000070814.17,TCOF1,0.0,0.0,0
ENSG00000183876.8,ARSI,0.0,0.0,0
ENSG00000113721.13,PDGFRB,0.0,0.0,0
ENSG00000123643.12,SLC36A1,0.0,0.0,0
ENSG00000086570.12,FAT2,0.0,0.0,0
ENSG00000271795.1,CTC-251D13.1,0.0,0.0,0
ENSG00000113140.10,SPARC,0.0,0.0,0
ENSG00000082515.17,MRPL22,0.0,0.0023466365,1
ENSG00000082516.8,GEMIN5,0.0,0.0,0
ENSG00000155508.13,CNOT8,0.0,0.0,0
ENSG00000170271.10,FAXDC2,0.0,0.0,0
ENSG00000241187.1,CTC-209L16.1,0.0,0.0,0
ENSG00000155506.16,LARP1,0.0,0.0,0
ENSG00000164576.11,SAP30L,0.0,8.4286075e-05,1
ENSG00000253119.1,HNRNPA3P7,0.0,0.0,0
ENSG00000164574.15,GALNT10,0.0,0.0,0
ENSG00000037749.11,MFAP3,0.0,0.0,0
ENSG00000055147.18,FAM114A2,0.0,0.0,0
ENSG00000155511.17,GRIA1,0.0,0.0,0
ENSG00000145888.10,GLRA1,0.0,0.0,0
ENSG00000145907.14,G3BP1,0.0,0.0,0
ENSG00000177556.11,ATOX1,0.0,0.0,0
ENSG00000182578.13,CSF1R,0.0,0.0,0
ENSG00000113716.12,HMGXB3,0.0,0.0,0
ENSG00000253370.2,CTB-56J15.1,0.0,0.0006974131,1
ENSG00000173261.8,PLAC8L1,0.0,0.0,0
ENSG00000164266.10,SPINK1,0.0,0.0,0
ENSG00000176049.15,JAKMIP2,0.0,0.0,0
ENSG00000280780.2,JAKMIP2-AS1,0.0,0.0,0
ENSG00000169302.14,STK32A,0.0,0.0,0
ENSG00000113649.11,TCERG1,0.0,0.0,0
ENSG00000091009.7,RBM27,0.0,0.0,0
ENSG00000133706.17,LARS,0.0,0.0,0
ENSG00000248493.1,AC005351.1,0.0,0.0,0
ENSG00000164296.6,TIGD6,0.0,0.0,0
ENSG00000156463.17,SH3RF2,0.0,0.0,0
ENSG00000249363.1,CTB-78O21.1,0.0,0.0,0
ENSG00000186314.11,PRELID2,0.0,0.0,0
ENSG00000145817.16,YIPF5,0.0,0.0,0
ENSG00000231579.3,RPL7P21,0.0,0.0,0
ENSG00000113580.14,NR3C1,0.0,0.0,0
ENSG00000145819.15,ARHGAP26,0.0,0.0,0
ENSG00000164265.8,SCGB3A2,0.0,1.6139715e-05,1
ENSG00000178776.4,C5orf46,0.0,0.00031419663,1
ENSG00000133710.15,SPINK5,0.0,0.0,0
ENSG00000214510.9,SPINK13,0.0,0.0,0
ENSG00000155850.7,SLC26A2,0.0,0.0,0
ENSG00000241112.1,RPL29P14,0.0,0.0,0
ENSG00000113712.17,CSNK1A1,0.0,0.0,0
ENSG00000276365.1,MIR145,0.0,0.0,0
ENSG00000284182.1,MIR143,0.0,0.0,0
ENSG00000145882.10,PCYOX1L,0.0,0.0,0
ENSG00000253618.1,GRPEL2-AS1,0.0,0.0,0
ENSG00000164284.14,GRPEL2,0.0,0.0,0
ENSG00000157510.13,AFAP1L1,0.0,0.0020137464,1
ENSG00000173210.19,ABLIM3,0.0,0.0,0
ENSG00000169247.11,SH3TC2,0.0,0.0,0
ENSG00000169252.5,ADRB2,0.0,0.0,0
ENSG00000145868.16,FBXO38,0.0,0.0,0
ENSG00000204909.7,SPINK9,0.0,0.0,0
ENSG00000145879.10,SPINK7,0.0,9.199368e-05,1
ENSG00000170624.13,SGCD,0.0,0.0,0
ENSG00000113249.12,HAVCR1,0.0,0.0,0
ENSG00000250909.1,RP11-843P14.2,0.0,0.0,0
ENSG00000072803.17,FBXW11,0.0,0.0,0
ENSG00000120129.5,DUSP1,0.0,0.0,0
ENSG00000253683.1,CTB-79E8.3,0.0,0.0,0
ENSG00000214357.8,NEURL1B,0.0,0.0,0
ENSG00000174705.12,SH3PXD2B,0.0,0.0,0
ENSG00000253218.1,KLF3P1,0.0,0.00030324567,1
ENSG00000168246.5,UBTD2,0.0,0.0,0
ENSG00000072786.12,STK10,0.0,0.0,0
ENSG00000156427.7,FGF18,0.0,0.0,0
ENSG00000204767.3,FAM196B,0.0,0.0,0
ENSG00000181163.13,NPM1,0.0,0.0013391951,1
ENSG00000254012.1,RPL10P8,0.0,0.0,0
ENSG00000253213.1,RP11-546B8.3,0.0,0.0,0
ENSG00000204764.13,RANBP17,0.0,0.0,0
ENSG00000094755.16,GABRP,0.0,0.0,0
ENSG00000145936.8,KCNMB1,0.0,0.0,0
ENSG00000043462.11,LCP2,0.0,0.0,0
ENSG00000113719.15,ERGIC1,0.0,0.0,0
ENSG00000254295.1,CTC-308K20.2,0.0,0.0004579959,1
ENSG00000037241.7,RPL26L1,0.0,0.0,0
ENSG00000253785.1,CTC-308K20.3,0.0,0.0,0
ENSG00000251667.1,BRCC3P1,0.0,0.0,0
ENSG00000170085.17,SIMC1,0.0,0.0,0
ENSG00000051596.9,THOC3,0.0,0.0,0
ENSG00000113749.7,HRH2,0.0,0.0,0
ENSG00000164466.12,SFXN1,0.0,0.0,0
ENSG00000120149.8,MSX2,0.0,0.0,0
ENSG00000170091.10,HMP19,0.0,0.0,0
ENSG00000113742.12,CPEB4,0.0,0.0,0
ENSG00000145919.10,BOD1,0.0,0.00052244455,1
ENSG00000113739.10,STC2,0.0,0.0,0
ENSG00000113734.17,BNIP1,0.0,0.0,0
ENSG00000253439.1,CDC42P5,0.0,0.0,0
ENSG00000164463.12,CREBRF,0.0,0.0,0
ENSG00000212402.1,SNORA74B,0.0,0.0,0
ENSG00000113732.8,ATP6V0E1,0.0,0.0,0
ENSG00000234511.8,C5orf58,0.0,0.0,0
ENSG00000134516.15,DOCK2,0.0,0.0,0
ENSG00000135077.8,HAVCR2,0.0,0.0,0
ENSG00000164330.16,EBF1,0.0,0.0,0
ENSG00000170234.12,PWWP2A,0.0,0.0,0
ENSG00000223908.5,AC068657.2,0.0,0.0,0
ENSG00000113312.10,TTC1,0.0,0.0,0
ENSG00000248626.1,GAPDHP40,0.0,0.0,0
ENSG00000170214.3,ADRA1B,0.0,0.0,0
ENSG00000164332.7,UBLCP1,0.0,0.00068610243,1
ENSG00000145860.11,RNF145,0.0,0.0,0
ENSG00000113282.13,CLINT1,0.0,0.0,0
ENSG00000040275.16,SPDL1,0.0,0.0,0
ENSG00000113272.13,THG1L,0.0,0.0,0
ENSG00000172548.14,NIPAL4,0.0,0.0,0
ENSG00000135074.15,ADAM19,0.0,0.0,0
ENSG00000248544.2,CTB-47B11.3,0.0,0.00022091511,1
ENSG00000055163.19,CYFIP2,0.0,3.1665197e-05,1
ENSG00000113263.12,ITK,0.0,0.0,0
ENSG00000155868.7,MED7,0.0,0.0,0
ENSG00000170231.15,FABP6,0.0,0.0,0
ENSG00000135083.14,CCNJL,0.0,0.0,0
ENSG00000254373.1,RP11-34P1.2,0.0,0.0,0
ENSG00000221886.3,ZBED8,0.0,0.0,0
ENSG00000184347.14,SLIT3,0.0,0.0,0
ENSG00000254192.1,CTC-558O2.2,0.0,0.0,0
ENSG00000253861.1,SLC2A3P1,0.0,0.0,0
ENSG00000120137.6,PANK3,0.0,0.0,0
ENSG00000113643.8,RARS,0.0,0.0,0
ENSG00000113645.14,WWC1,0.0,0.0,0
ENSG00000145934.16,TENM2,0.0,0.0,0
ENSG00000229119.3,CTB-63M22.1,0.0,0.0,0
ENSG00000038274.16,MAT2B,0.0,0.0,0
ENSG00000072571.19,HMMR,0.0,0.0,0
ENSG00000170584.10,NUDCD2,0.0,0.0,0
ENSG00000113328.18,CCNG1,0.0,0.0,0
ENSG00000118322.12,ATP10B,0.0,0.00029724964,1
ENSG00000164611.12,PTTG1,0.0,0.0,0
ENSG00000164609.9,SLU7,0.0,0.0,0
ENSG00000187678.8,SPRY4,0.0,0.0,0
ENSG00000131507.10,NDFIP1,0.0,0.0,0
ENSG00000250347.1,AC005740.4,0.0,0.0,0
ENSG00000228672.3,PROB1,0.0,0.0,0
ENSG00000182700.4,IGIP,0.0,0.0,0
ENSG00000185129.5,PURA,0.0,0.0,0
ENSG00000171604.11,CXXC5,0.0,0.0,0
ENSG00000131508.15,UBE2D2,0.0,0.0,0
ENSG00000184584.12,TMEM173,0.0,0.0,0
ENSG00000170464.9,DNAJC18,0.0,0.0,0
ENSG00000170469.10,SPATA24,0.0,0.0,0
ENSG00000120727.12,PAIP2,0.0,0.0,0
ENSG00000206989.1,SNORD63,0.0,0.0,0
ENSG00000015479.18,MATR3,0.0,0.0,0
ENSG00000200959.1,SNORA74A,0.0,0.0,0
ENSG00000281398.2,SNHG4,0.0,0.0,0
ENSG00000280987.4,MATR3,0.0,0.0,0
ENSG00000249593.6,CTB-46B19.2,0.0,0.0,0
ENSG00000120725.12,SIL1,0.0,0.0,0
ENSG00000146006.7,LRRTM2,0.0,0.0,0
ENSG00000113068.9,PFDN1,0.0,0.00017849686,1
ENSG00000113070.7,HBEGF,0.0,0.0,0
ENSG00000131503.20,ANKHD1,0.0,0.0,0
ENSG00000213523.10,SRA1,0.0,0.0,0
ENSG00000146007.10,ZMAT2,0.0,0.0,0
ENSG00000112855.14,HARS2,0.0,0.0,0
ENSG00000170445.12,HARS,0.0,0.0,0
ENSG00000256453.1,DND1,0.0,0.0,0
ENSG00000120314.18,WDR55,0.0,0.0,0
ENSG00000284325.1,MIR3655,0.0,0.0,0
ENSG00000113141.17,IK,0.0,0.0,0
ENSG00000113119.12,TMCO6,0.0,8.0799e-05,1
ENSG00000131495.8,NDUFA2,0.0,0.0,0
ENSG00000170458.13,CD14,0.0,0.0,0
ENSG00000251453.1,HAUS1P1,0.0,0.0,0
ENSG00000200235.1,SNORA27,0.0,7.0187016e-05,1
ENSG00000176087.14,SLC35A4,0.0,0.0,0
ENSG00000113108.19,APBB3,0.0,0.0,0
ENSG00000243056.1,EIF4EBP3,0.0,0.0,0
ENSG00000044115.20,CTNNA1,0.0,0.0,0
ENSG00000113013.12,HSPA9,0.0,0.0,0
ENSG00000113552.15,GNPDA1,0.0,0.0005021223,1
ENSG00000069011.15,PITX1,0.0,0.0,0
ENSG00000113658.16,SMAD5,0.0,0.0,0
ENSG00000278815.1,Vault,0.0,0.0,0
ENSG00000270123.3,VTRNA2-1,0.0,0.0,0
ENSG00000120708.16,TGFBI,0.0,0.0,0
ENSG00000145824.12,CXCL14,0.0,0.0,0
ENSG00000113648.16,H2AFY,0.0,0.0,0
ENSG00000224186.8,C5orf66,0.0,0.0,0
ENSG00000152705.7,CATSPER3,0.0,0.0,0
ENSG00000120705.12,ETF1,0.0,0.0,0
ENSG00000132570.14,PCBD2,0.0,0.0,0
ENSG00000113621.14,TXNDC15,0.0,0.0,0
ENSG00000145833.15,DDX46,0.0,0.0,0
ENSG00000164615.4,CAMLG,0.0,0.0,0
ENSG00000113615.12,SEC24A,0.0,0.0,0
ENSG00000152700.13,SAR1B,0.0,0.0,0
ENSG00000043143.20,JADE2,0.0,0.0,0
ENSG00000152377.13,SPOCK1,0.0,0.0,0
ENSG00000146021.14,KLHL3,0.0,0.0,0
ENSG00000177733.6,HNRNPA0,0.0,0.0,0
ENSG00000226306.6,NPY6R,0.0,0.00011438535,1
ENSG00000241458.1,RPL7P19,0.0,0.0,0
ENSG00000120738.7,EGR1,0.0,0.0,0
ENSG00000132563.15,REEP2,0.0,0.0027444004,1
ENSG00000120733.13,KDM3B,0.0,0.0,0
ENSG00000120709.10,FAM53C,0.0,0.0,0
ENSG00000158402.18,CDC25C,0.0,0.0,0
ENSG00000146013.10,GFRA3,0.0,0.0,0
ENSG00000094880.10,CDC23,0.0,0.0,0
ENSG00000112984.11,KIF20A,0.0,0.0,0
ENSG00000112983.17,BRD8,0.0,0.0,0
ENSG00000112981.4,NME5,0.0,0.0,0
ENSG00000031003.10,FAM13B,0.0,0.0,0
ENSG00000078795.16,PKD2L2,0.0,0.0,0
ENSG00000120729.9,MYOT,0.0,0.0,0
ENSG00000250159.6,RP11-381K20.2,0.0,0.0,0
ENSG00000204970.9,PCDHA1,0.0,0.0,0
ENSG00000279726.1,AC005609.16,0.0,0.0,0
ENSG00000204969.6,PCDHA2,0.0,0.0,0
ENSG00000253731.2,PCDHGA6,0.0,0.0,0
ENSG00000253846.2,PCDHGA10,0.0,0.0,0
ENSG00000253305.2,PCDHGB6,0.0,0.0,0
ENSG00000261934.2,PCDHGA9,0.0,0.0,0
ENSG00000276547.1,PCDHGB5,0.0,0.0,0
ENSG00000253767.2,PCDHGA8,0.0,0.0,0
ENSG00000253953.2,PCDHGB4,0.0,0.0,0
ENSG00000253537.2,PCDHGA7,0.0,0.0,0
ENSG00000262209.2,PCDHGB3,0.0,0.0,0
ENSG00000255408.3,PCDHA3,0.0,0.0,0
ENSG00000253485.2,PCDHGA5,0.0,0.0,0
ENSG00000262576.2,PCDHGA4,0.0,0.0,0
ENSG00000280026.1,AC005618.8,0.0,0.0,0
ENSG00000254221.2,PCDHGB1,0.0,0.0,0
ENSG00000254245.2,PCDHGA3,0.0,0.0,0
ENSG00000081853.14,PCDHGA2,0.0,0.0,0
ENSG00000204956.5,PCDHGA1,0.0,0.0,0
ENSG00000254122.2,PCDHGB7,0.0,0.0,0
ENSG00000253873.5,PCDHGA11,0.0,0.0,0
ENSG00000248449.2,PCDHGB8P,0.0,0.0,0
ENSG00000279855.1,AC005618.9,0.0,0.0,0
ENSG00000013561.17,RNF14,0.0,0.0,0
ENSG00000113555.5,PCDH12,0.0,0.0,0
ENSG00000081791.8,KIAA0141,0.0,0.0,0
ENSG00000226040.3,AC005740.3,0.0,0.0,0
ENSG00000156453.13,PCDH1,0.0,0.00053669704,1
ENSG00000120318.15,ARAP3,0.0,0.0,0
ENSG00000197948.10,FCHSD1,0.0,0.0,0
ENSG00000164620.8,RELL2,0.0,0.0,0
ENSG00000171720.9,HDAC3,0.0,0.0,0
ENSG00000228737.2,AC008781.7,0.0,0.0,0
ENSG00000131504.15,DIAPH1,0.0,0.0,0
ENSG00000240764.3,PCDHGC5,0.0,0.0,0
ENSG00000242419.5,PCDHGC4,0.0,0.0,0
ENSG00000240184.6,PCDHGC3,0.0,0.0,0
ENSG00000253159.2,PCDHGA12,0.0,0.0,0
ENSG00000120329.6,SLC25A2,0.0,0.0,0
ENSG00000178913.7,TAF7,0.0,0.0,0
ENSG00000113248.5,PCDHB15,0.0,0.0,0
ENSG00000279047.3,CTC-270D5.1,0.0,0.0,0
ENSG00000248383.4,PCDHAC1,0.0,0.0,0
ENSG00000239389.7,PCDHA13,0.0,0.00034139873,1
ENSG00000278901.1,AC005609.17,0.0,0.0,0
ENSG00000278915.1,AC005609.18,0.0,0.0,0
ENSG00000251664.3,PCDHA12,0.0,0.0,0
ENSG00000249158.6,PCDHA11,0.0,0.0,0
ENSG00000249504.3,PCDHA14,0.0,0.0,0
ENSG00000250120.6,PCDHA10,0.0,0.0,0
ENSG00000278907.1,AC005609.19,0.0,0.0,0
ENSG00000204961.6,PCDHA9,0.0,0.0,0
ENSG00000204962.5,PCDHA8,0.0,0.0,0
ENSG00000204963.5,PCDHA7,0.0,0.0,0
ENSG00000081842.17,PCDHA6,0.0,0.0,0
ENSG00000204965.8,PCDHA5,0.0,0.0,0
ENSG00000204967.10,PCDHA4,0.0,0.0,0
ENSG00000243232.4,PCDHAC2,0.0,0.0,0
ENSG00000112852.6,PCDHB2,0.0,0.0,0
ENSG00000262096.2,PCDHB19P,0.0,0.0,0
ENSG00000113205.5,PCDHB3,0.0,0.0,0
ENSG00000146001.5,PCDHB18P,0.0,0.0,0
ENSG00000120327.6,PCDHB14,0.0,0.0,0
ENSG00000187372.11,PCDHB13,0.0,0.0,0
ENSG00000120328.6,PCDHB12,0.0,0.0,0
ENSG00000197479.6,PCDHB11,0.0,0.0,0
ENSG00000120324.8,PCDHB10,0.0,0.0,0
ENSG00000278936.1,CH17-140K24.7,0.0,0.0,0
ENSG00000272674.3,PCDHB16,0.0,0.0,0
ENSG00000120322.3,PCDHB8,0.0,0.0,0
ENSG00000113212.6,PCDHB7,0.0,0.0,0
ENSG00000255622.3,PCDHB17P,0.0,0.0,0
ENSG00000113211.5,PCDHB6,0.0,0.0,0
ENSG00000280029.3,CH17-140K24.2,0.0,0.0,0
ENSG00000113209.8,PCDHB5,0.0,0.0,0
ENSG00000081818.3,PCDHB4,0.0,0.0,0
ENSG00000122203.14,KIAA1191,0.0,0.0,0
ENSG00000048162.20,NOP16,0.0,0.0,0
ENSG00000157224.15,CLDN12,0.0,0.0,0
ENSG00000197061.4,HIST1H4C,0.0,0.0,0
ENSG00000277157.1,HIST1H4D,0.0,0.0,0
ENSG00000274290.2,HIST1H2BE,0.0,0.0,0
ENSG00000158373.8,HIST1H2BD,0.0,0.0,0
ENSG00000168298.6,HIST1H1E,0.0,0.0,0
ENSG00000180573.9,HIST1H2AC,0.0,0.0,0
ENSG00000180596.7,HIST1H2BC,0.0,0.0,0
ENSG00000187475.5,HIST1H1T,0.0,0.0,0
ENSG00000010704.18,HFE,0.0,0.0,0
ENSG00000275714.1,HIST1H3A,0.0,0.0,0
ENSG00000187837.3,HIST1H1C,0.0,0.0,0
ENSG00000278272.1,HIST1H3C,0.0,0.0,0
ENSG00000234816.2,HIST1H2APS5,0.0,0.0,0
ENSG00000276410.3,HIST1H2BB,0.0,0.0,0
ENSG00000278463.1,HIST1H2AB,0.0,0.0,0
ENSG00000274267.1,HIST1H3B,0.0,0.0,0
ENSG00000278705.1,HIST1H4B,0.0,0.0,0
ENSG00000197409.7,HIST1H3D,0.0,0.0,0
ENSG00000196866.2,HIST1H2AD,0.0,0.0,0
ENSG00000276966.2,HIST1H4E,0.0,0.0,0
ENSG00000273802.2,HIST1H2BG,0.0,0.0,0
ENSG00000146109.4,ABT1,0.0,0.0,0
ENSG00000112763.15,BTN2A1,0.0,0.0,0
ENSG00000111801.15,BTN3A3,0.0,0.0,0
ENSG00000124549.14,BTN2A3P,0.0,0.0,0
ENSG00000026950.16,BTN3A1,0.0,0.0,0
ENSG00000124508.16,BTN2A2,0.0,0.0,0
ENSG00000186470.13,BTN3A2,0.0,0.0,0
ENSG00000158406.4,HIST1H4H,0.0,0.0,0
ENSG00000278588.1,HIST1H2BI,0.0,0.0,0
ENSG00000273983.1,HIST1H3G,0.0,0.0,0
ENSG00000275713.2,HIST1H2BH,0.0,0.00028083334,1
ENSG00000277775.1,HIST1H3F,0.0,0.0,0
ENSG00000274618.1,HIST1H4F,0.0,0.0,0
ENSG00000124575.6,HIST1H1D,0.0,0.0,0
ENSG00000277075.2,HIST1H2AE,0.0,0.0,0
ENSG00000278637.1,HIST1H4A,0.0,0.0,0
ENSG00000124610.4,HIST1H1A,0.0,0.0,0
ENSG00000241549.8,GUSBP2,0.0,0.0,0
ENSG00000124795.14,DEK,0.0,0.0,0
ENSG00000260455.1,NBAT1,0.0,0.0,0
ENSG00000124766.6,SOX4,0.0,0.0,0
ENSG00000145996.11,CDKAL1,0.0,0.0,0
ENSG00000112242.14,E2F3,0.0,0.0,0
ENSG00000172197.10,MBOAT1,0.0,0.0,0
ENSG00000172201.11,ID4,0.0,0.0,0
ENSG00000137393.9,RNF144B,0.0,0.0,0
ENSG00000165097.13,KDM1B,0.0,0.0016022029,1
ENSG00000112343.10,TRIM38,0.0,0.0,0
ENSG00000137364.4,TPMT,0.0,0.0,0
ENSG00000187566.5,NHLRC1,0.0,0.00040754574,1
ENSG00000137177.19,KIF13A,0.0,0.0,0
ENSG00000272269.1,RP11-500C11.3,0.0,0.00046136748,1
ENSG00000124789.11,NUP153,0.0,0.0,0
ENSG00000137414.5,FAM8A1,0.0,0.0,0
ENSG00000184612.8,RPL7P26,0.0,0.0,0
ENSG00000146038.11,DCDC2,0.0,0.0,0
ENSG00000124532.14,MRS2,0.0,0.0,0
ENSG00000112293.14,GPLD1,0.0,0.0,0
ENSG00000112294.12,ALDH5A1,0.0,0.0,0
ENSG00000079689.13,SCGN,0.0,0.0,0
ENSG00000079691.17,CARMIL1,0.0,0.0,0
ENSG00000262400.1,RP11-191A15.1,0.0,0.0,0
ENSG00000219682.4,RP3-425P12.4,0.0,0.0,0
ENSG00000168405.15,CMAHP,0.0,0.0,0
ENSG00000220517.2,ASS1P1,0.0,0.0,0
ENSG00000214975.4,PPIAP29,0.0,0.0,0
ENSG00000111913.17,FAM65B,0.0,0.0,0
ENSG00000260286.3,C6orf229,0.0,0.0,0
ENSG00000112312.9,GMNN,0.0,0.0,0
ENSG00000112308.12,C6orf62,0.0,0.0,0
ENSG00000272345.1,RP1-30M3.5,0.0,0.0,0
ENSG00000112304.10,ACOT13,0.0,0.0,0
ENSG00000111802.13,TDP2,0.0,0.0,0
ENSG00000137261.13,KIAA0319,0.0,0.0,0
ENSG00000181315.10,ZNF322,0.0,0.0,0
ENSG00000243307.2,POM121L6P,0.0,0.0,0
ENSG00000146066.2,HIGD2A,0.0,0.0,0
ENSG00000176998.4,HCG4,0.0,0.0,0
ENSG00000228078.1,HLA-U,0.0,0.0,0
ENSG00000230795.3,HLA-K,0.0,0.0,0
ENSG00000227262.3,HCG4B,0.0,0.0,0
ENSG00000206341.7,HLA-H,0.0,0.0011601197,1
ENSG00000230521.1,HCG4P7,0.0,0.0004875234,2
ENSG00000229142.1,HCG4P8,0.0,0.0,0
ENSG00000204632.11,HLA-G,0.0,0.0,0
ENSG00000239257.1,RPL23AP1,0.0,0.0,0
ENSG00000232040.2,ZBED9,0.0,0.0,0
ENSG00000225864.1,HCG4P11,0.0,0.0,0
ENSG00000204642.13,HLA-F,0.0,0.0,0
ENSG00000204644.9,ZFP57,0.0,0.0,0
ENSG00000204655.11,MOG,0.0,0.0,0
ENSG00000235238.1,SUMO2P1,0.0,0.0,0
ENSG00000204681.10,GABBR1,0.0,0.0,0
ENSG00000213886.3,UBD,0.0,0.0,0
ENSG00000206503.12,HLA-A,0.0,0.0,0
ENSG00000227766.1,HCG4P5,0.0,0.0,0
ENSG00000204622.11,HLA-J,0.0,0.0,0
ENSG00000237669.1,HCG4P3,0.0,0.0,0
ENSG00000204568.11,MRPS18B,0.0,0.0,0
ENSG00000204569.9,PPP1R10,0.0,0.0,0
ENSG00000204574.12,ABCF1,0.0,0.0,0
ENSG00000204576.11,PRR3,0.0,0.0,0
ENSG00000204590.12,GNL1,0.0,0.0,0
ENSG00000204592.8,HLA-E,0.0,0.0,0
ENSG00000236603.2,RANP1,0.0,0.0,0
ENSG00000241370.5,RPP21,0.0,0.0,0
ENSG00000204599.14,TRIM39,0.0,0.0,0
ENSG00000243753.5,HLA-L,0.0,0.0,0
ENSG00000204616.10,TRIM31,0.0,0.0,0
ENSG00000204618.8,RNF39,0.0,0.0,0
ENSG00000204619.7,PPP1R11,0.0,0.0,0
ENSG00000066379.14,ZNRD1,0.0,0.0,0
ENSG00000232757.1,ETF1P1,0.0,0.0,0
ENSG00000204713.10,TRIM27,0.0,0.0007739949,1
ENSG00000187987.9,ZSCAN23,0.0,0.0,0
ENSG00000276180.1,HIST1H4I,0.0,0.0007666453,1
ENSG00000278828.1,HIST1H3H,0.0,0.0005531801,1
ENSG00000184357.4,HIST1H1B,0.0,0.0,0
ENSG00000276903.1,HIST1H2AL,0.0,0.0,0
ENSG00000275221.1,HIST1H2AK,0.0,0.0,0
ENSG00000233822.4,HIST1H2BN,0.0,0.0,0
ENSG00000273542.1,HIST1H4K,0.0,0.0,0
ENSG00000197238.4,HIST1H4J,0.0,0.0,0
ENSG00000276368.1,HIST1H2AJ,0.0,0.0,0
ENSG00000196747.4,HIST1H2AI,0.0,0.0,0
ENSG00000158691.14,ZSCAN12,0.0,0.0,0
ENSG00000185130.5,HIST1H2BL,0.0,0.0,0
ENSG00000096654.15,ZNF184,0.0,0.0,0
ENSG00000124613.8,ZNF391,0.0,0.0,0
ENSG00000204789.4,ZNF204P,0.0,0.0,0
ENSG00000112812.15,PRSS16,0.0,0.0,0
ENSG00000274997.1,HIST1H2AH,0.0,0.0,0
ENSG00000197903.7,HIST1H2BK,0.0,0.0,0
ENSG00000275379.1,HIST1H3I,0.0,0.0,0
ENSG00000275126.1,HIST1H4L,0.0,0.0,0
ENSG00000197153.4,HIST1H3J,0.0,0.0,0
ENSG00000278677.1,HIST1H2AM,0.0,0.0,0
ENSG00000189298.13,ZKSCAN3,0.0,0.0,0
ENSG00000235109.7,ZSCAN31,0.0,0.0,0
ENSG00000270326.1,RP5-874C20.6,0.0,0.0,0
ENSG00000137338.5,PGBD1,0.0,0.0,0
ENSG00000197062.11,ZSCAN26,0.0,0.0,0
ENSG00000189134.3,NKAPL,0.0,0.0,0
ENSG00000187626.8,ZKSCAN4,0.0,0.0,0
ENSG00000137185.11,ZSCAN9,0.0,0.0,0
ENSG00000198315.10,ZKSCAN8,0.0,0.0,0
ENSG00000196812.4,ZSCAN16,0.0,0.0,0
ENSG00000269293.2,ZSCAN16-AS1,0.0,0.0,0
ENSG00000197279.3,ZNF165,0.0,0.0,0
ENSG00000124657.1,OR2B6,0.0,0.0,0
ENSG00000168131.4,OR2B2,0.0,0.0,0
ENSG00000274641.1,HIST1H2BO,0.0,0.0,0
ENSG00000112186.11,CAP2,0.0,0.0,0
ENSG00000230873.8,STMND1,0.0,0.0,0
ENSG00000124788.17,ATXN1,0.0,0.0,0
ENSG00000087116.14,ADAMTS2,0.0,0.0,0
ENSG00000213316.9,LTC4S,0.0,0.0,0
ENSG00000161021.11,MAML1,0.0,0.0,0
ENSG00000225051.5,HMGB3P22,0.0,0.0,0
ENSG00000127022.14,CANX,0.0,0.0,0
ENSG00000204659.4,CBY3,0.0,0.0,0
ENSG00000169045.17,HNRNPH1,0.0,0.0,0
ENSG00000176783.14,RUFY1,0.0,0.0,0
ENSG00000253144.1,RP11-281O15.7,0.0,0.0,0
ENSG00000113240.12,CLK4,0.0,0.0,0
ENSG00000177932.6,ZNF354C,0.0,0.0,0
ENSG00000234284.6,ZNF879,0.0,0.0,0
ENSG00000254035.1,RP11-281O15.4,0.0,0.0,0
ENSG00000178187.7,ZNF454,0.0,0.0,0
ENSG00000198939.7,ZFP2,0.0,0.0,0
ENSG00000178338.10,ZNF354B,0.0,0.0,0
ENSG00000169131.11,ZNF354A,0.0,0.0,0
ENSG00000161011.19,SQSTM1,0.0,0.0,0
ENSG00000161010.14,MRNIP,0.0,0.0,0
ENSG00000245317.2,CTC-241N9.1,0.0,0.0,0
ENSG00000197226.12,TBC1D9B,0.0,0.0,0
ENSG00000264549.1,SNORD95,0.0,4.0693023e-05,1
ENSG00000272296.1,SNORD96A,0.0,0.0,0
ENSG00000204628.11,RACK1,0.0,0.0,0
ENSG00000247049.2,CTC-338M12.7,0.0,0.0,0
ENSG00000146063.19,TRIM41,0.0,0.0,0
ENSG00000165810.16,BTNL9,0.0,0.0,0
ENSG00000196670.13,ZFP62,0.0,0.0,0
ENSG00000131446.16,MGAT1,0.0,0.0,0
ENSG00000037280.15,FLT4,0.0,0.0,0
ENSG00000161055.3,SCGB3A1,0.0,0.0,0
ENSG00000113300.11,CNOT6,0.0,0.0,0
ENSG00000131459.12,GFPT2,0.0,0.0,0
ENSG00000050748.17,MAPK9,0.0,0.0,0
ENSG00000198995.3,MIR340,0.0,0.0,0
ENSG00000113269.13,RNF130,0.0,0.0,0
ENSG00000252464.1,RN7SKP70,0.0,0.0,0
ENSG00000175309.14,PHYKPL,0.0,0.0,0
ENSG00000137198.9,GMPR,0.0,0.0,0
ENSG00000087206.16,UIMC1,0.0,0.0,0
ENSG00000213347.10,MXD3,0.0,0.0,0
ENSG00000169228.13,RAB24,0.0,0.0,0
ENSG00000270706.1,PRMT1P1,0.0,0.0,0
ENSG00000240729.1,CTD-2301A4.3,0.0,0.0,0
ENSG00000165671.19,NSD1,0.0,0.0,0
ENSG00000160867.14,FGFR4,0.0,0.0,0
ENSG00000113761.11,ZNF346,0.0,0.0,0
ENSG00000160883.10,HK3,0.0,0.0,0
ENSG00000197451.11,HNRNPAB,0.0,0.0,0
ENSG00000113763.10,UNC5A,0.0,0.0,0
ENSG00000048140.17,TSPAN17,0.0,0.0,0
ENSG00000169258.6,GPRIN1,0.0,0.0,0
ENSG00000074276.10,CDHR2,0.0,0.0,0
ENSG00000146083.11,RNF44,0.0,0.0,0
ENSG00000113194.12,FAF2,0.0,0.0,0
ENSG00000175416.12,CLTB,0.0,0.0,0
ENSG00000169230.9,PRELID1,0.0,0.0,0
ENSG00000169223.14,LMAN2,0.0,0.0,0
ENSG00000169220.17,RGS14,0.0,0.0,0
ENSG00000131187.9,F12,0.0,0.0,0
ENSG00000145912.8,NHP2,0.0,0.00068666285,1
ENSG00000145916.18,RMND5B,0.0,0.0,0
ENSG00000145911.5,N4BP3,0.0,0.0,0
ENSG00000218227.3,RP11-889L3.1,0.0,0.0,0
ENSG00000249129.1,SUDS3P1,0.0,0.0,0
ENSG00000246596.6,RP11-1277A3.2,0.0,0.0,0
ENSG00000027847.13,B4GALT7,0.0,0.0,0
ENSG00000184840.11,TMED9,0.0,0.0,0
ENSG00000146067.15,FAM193B,0.0,0.0,0
ENSG00000183258.11,DDX41,0.0,0.0,0
ENSG00000146094.13,DOK3,0.0,0.0,0
ENSG00000196923.13,PDLIM7,0.0,0.00043455846,1
ENSG00000113758.13,DBN1,0.0,0.0,0
ENSG00000131188.11,PRR7,0.0,0.0,0
ENSG00000198055.10,GRK6,0.0,0.00024244993,2
ENSG00000233937.6,CTC-338M12.4,0.0,0.0,0
ENSG00000183718.5,TRIM52,0.0,0.0,0
ENSG00000238035.8,AC138035.2,0.0,0.0,0
ENSG00000137203.10,TFAP2A,0.0,0.0,0
ENSG00000111837.11,MAK,0.0,0.0,0
ENSG00000137210.13,TMEM14B,0.0,0.0,0
ENSG00000111845.4,PAK1IP1,0.0,0.0,0
ENSG00000205318.5,GCNT6,0.0,0.0,0
ENSG00000217181.1,RP11-360O19.5,0.0,0.0,0
ENSG00000111846.16,GCNT2,0.0,0.0,0
ENSG00000229950.1,TFAP2A-AS1,0.0,0.0,0
ENSG00000124786.9,SLC35B3,0.0,0.0,0
ENSG00000112679.14,DUSP22,0.0,0.0,0
ENSG00000124802.11,EEF1E1,0.0,0.0,0
ENSG00000188428.19,BLOC1S5,0.0,0.0,0
ENSG00000239264.8,TXNDC5,0.0,0.0,0
ENSG00000153162.8,BMP6,0.0,0.0,0
ENSG00000168566.12,SNRNP48,0.0,0.0,0
ENSG00000096696.13,DSP,0.0,0.0,0
ENSG00000124784.8,RIOK1,0.0,0.0,0
ENSG00000153157.12,SYCP2L,0.0,0.0,0
ENSG00000224531.5,SMIM13,0.0,0.0,0
ENSG00000244476.2,ERVFRD-1,0.0,0.0,0
ENSG00000111859.16,NEDD9,0.0,0.0,0
ENSG00000007944.14,MYLIP,0.0,0.0,0
ENSG00000047579.19,DTNBP1,0.0,0.0,0
ENSG00000008083.13,JARID2,0.0,0.0,0
ENSG00000112149.9,CD83,0.0,0.0,0
ENSG00000050393.11,MCUR1,0.0,0.0,0
ENSG00000010017.12,RANBP9,0.0,0.0,0
ENSG00000225921.6,NOL7,0.0,0.0,0
ENSG00000124523.15,SIRT5,0.0,0.0,0
ENSG00000145990.10,GFOD1,0.0,0.0,0
ENSG00000145979.17,TBC1D7,0.0,0.0,0
ENSG00000112137.17,PHACTR1,0.0,0.0,0
ENSG00000212802.4,RPL15P3,0.0,0.00022462562,2
ENSG00000078401.6,EDN1,0.0,6.126598e-05,1
ENSG00000095951.16,HIVEP1,0.0,0.0,0
ENSG00000111863.12,ADTRP,0.0,0.0,0
ENSG00000220472.1,RP11-69L16.5,0.0,0.0,0
ENSG00000238221.1,RP11-69L16.4,0.0,0.0,0
ENSG00000124783.12,SSR1,0.0,0.0,0
ENSG00000137285.9,TUBB2B,0.0,0.0,0
ENSG00000228170.1,RP1-40E16.11,0.0,0.0,0
ENSG00000137274.12,BPHL,0.0,0.0,0
ENSG00000137275.13,RIPK1,0.0,0.0,0
ENSG00000124570.17,SERPINB6,0.0,0.0,0
ENSG00000170542.5,SERPINB9,0.0,0.0,0
ENSG00000021355.12,SERPINB1,0.0,0.001862142,2
ENSG00000124535.15,WRNIP1,0.0,0.0,0
ENSG00000236086.4,HMGN2P28,0.0,0.0,0
ENSG00000112699.10,GMDS,0.0,0.0,0
ENSG00000054598.6,FOXC1,0.0,0.0,0
ENSG00000275859.1,MIR6720,0.0,0.0,0
ENSG00000137273.3,FOXF2,0.0,0.0,0
ENSG00000188996.4,HUS1B,0.0,0.0,0
ENSG00000112685.13,EXOC2,0.0,0.0,0
ENSG00000137265.14,IRF4,0.0,0.00012116425,1
ENSG00000137267.5,TUBB2A,0.0,0.0,0
ENSG00000180822.11,PSMG4,0.0,0.0,0
ENSG00000124782.19,RREB1,0.0,0.0,0
ENSG00000137266.14,SLC22A23,0.0,0.0,0
ENSG00000124491.15,F13A1,0.0,0.0,0
ENSG00000124785.8,NRN1,0.0,0.0,0
ENSG00000218574.1,HNRNPA1P37,0.0,0.0,0
ENSG00000145982.11,FARS2,0.0,0.0,0
ENSG00000214113.10,LYRM4,0.0,0.0,0
ENSG00000124787.13,RPP40,0.0,0.0,0
ENSG00000153046.17,CDYL,0.0,0.0,0
ENSG00000198721.12,ECI2,0.0,0.0,0
ENSG00000185689.15,C6orf201,0.0,0.0,0
ENSG00000112739.16,PRPF4B,0.0,0.0,0
ENSG00000279926.1,RP3-406P24.5,0.0,0.0,0
ENSG00000216657.1,GLRX3P2,0.0,0.0,0
ENSG00000145945.5,FAM50B,0.0,0.0,0
ENSG00000270504.1,RP11-420L9.5,0.0,0.0,0
ENSG00000168994.13,PXDC1,0.0,0.0,0
ENSG00000237190.3,CDKN2AIPNL,0.0,0.0,0
ENSG00000119048.7,UBE2B,0.0,0.0,0
ENSG00000006837.11,CDKL3,0.0,0.0,0
ENSG00000113361.12,CDH6,0.0,0.0,0
ENSG00000113384.13,GOLPH3,0.0,0.0,0
ENSG00000214108.4,TPT1P5,0.0,0.0,0
ENSG00000224282.3,CTD-2290C23.1,0.0,0.0,0
ENSG00000248878.1,RP11-5N11.1,0.0,0.0,0
ENSG00000133401.15,PDZD2,0.0,4.3305503e-05,1
ENSG00000082213.17,C5orf22,0.0,0.0,0
ENSG00000113360.16,DROSHA,0.0,0.0,0
ENSG00000254138.1,RP11-152K4.2,0.0,0.0,0
ENSG00000145555.14,MYO10,0.0,0.0,0
ENSG00000251593.1,MSNP1,0.0,0.0,0
ENSG00000213430.6,HSPD1P1,0.0,0.0,0
ENSG00000233974.3,RP11-823P9.3,0.0,0.0,0
ENSG00000183666.16,GUSBP1,0.0,0.00042600362,1
ENSG00000248223.1,CTD-2139B15.2,0.0,0.0,0
ENSG00000223361.5,FTH1P10,0.0,0.0,0
ENSG00000176788.8,BASP1,0.0,0.0,0
ENSG00000150712.10,MTMR12,0.0,0.0,0
ENSG00000056097.15,ZFR,0.0,0.0,0
ENSG00000113387.11,SUB1,0.0,0.0,0
ENSG00000113389.15,NPR3,0.0,0.0,0
ENSG00000168685.14,IL7R,0.0,0.0,0
ENSG00000113494.16,PRLR,0.0,0.00014705662,1
ENSG00000113492.13,AGXT2,0.0,0.0,0
ENSG00000168724.14,DNAJC21,0.0,0.0015673082,1
ENSG00000113460.12,BRIX1,0.0,0.0,0
ENSG00000113456.18,RAD1,0.0,0.0,0
ENSG00000039560.13,RAI14,0.0,0.0,0
ENSG00000215156.5,RP11-1023L17.2,0.0,0.0,0
ENSG00000215158.9,RP11-1023L17.1,0.0,0.0,0
ENSG00000082196.20,C1QTNF3,0.0,8.324218e-05,1
ENSG00000250767.1,RP11-1084J3.3,0.0,0.0,0
ENSG00000242110.7,AMACR,0.0,0.0,0
ENSG00000151388.10,ADAMTS12,0.0,0.0,0
ENSG00000113407.13,TARS,0.0,0.00030669422,1
ENSG00000240376.1,RP11-36C20.1,0.0,0.0,0
ENSG00000243538.1,RPS26P28,0.0,0.0,0
ENSG00000154153.13,FAM134B,0.0,0.0,0
ENSG00000164187.6,LMBRD2,0.0,0.0,0
ENSG00000259603.1,CTD-2012M11.3,0.0,0.0,0
ENSG00000078295.16,ADCY2,0.0,0.0,0
ENSG00000112941.13,PAPD7,0.0,0.0,0
ENSG00000145545.11,SRD5A1,0.0,0.0,0
ENSG00000037474.14,NSUN2,0.0,0.0,0
ENSG00000133398.3,MED10,0.0,0.0,0
ENSG00000164151.11,ICE1,0.0,0.0,0
ENSG00000145536.15,ADAMTS16,0.0,0.0,0
ENSG00000170549.3,IRX1,0.0,0.0,0
ENSG00000173545.4,ZNF622,0.0,0.0,0
ENSG00000186493.11,C5orf38,0.0,0.0,0
ENSG00000170561.12,IRX2,0.0,0.0001478702,1
ENSG00000145494.11,NDUFS6,0.0,0.0,0
ENSG00000171421.12,MRPL36,0.0,0.0001357324,1
ENSG00000232615.4,CTD-2012J19.1,0.0,0.0,0
ENSG00000188002.10,RP11-43F13.1,0.0,0.0,0
ENSG00000248126.1,CTD-2012J19.2,0.0,0.0,0
ENSG00000124275.14,MTRR,0.0,0.0,0
ENSG00000124279.11,FASTKD3,0.0,0.0,0
ENSG00000112902.11,SEMA5A,0.0,0.0,0
ENSG00000150756.13,FAM173B,0.0,0.0,0
ENSG00000183580.9,FBXL7,0.0,0.0,0
ENSG00000249485.1,RBBP4P1,0.0,0.0,0
ENSG00000154122.12,ANKH,0.0,0.0,0
ENSG00000154124.4,OTULIN,0.0,0.0,0
ENSG00000250182.3,EEF1A1P13,0.0,0.0,0
ENSG00000145569.5,FAM105A,0.0,0.0,0
ENSG00000038382.18,TRIO,0.0,0.0,0
ENSG00000039139.9,DNAH5,0.0,0.0,0
ENSG00000169862.18,CTNND2,0.0,0.0,0
ENSG00000112977.15,DAP,0.0,0.0,0
ENSG00000145491.11,ROPN1L,0.0,0.0,0
ENSG00000145495.15,6-Mar,0.0,0.0,0
ENSG00000164237.8,CMBL,0.0,0.0,0
ENSG00000271980.1,CTD-2256P15.4,0.0,0.0,0
ENSG00000150753.11,CCT5,0.0,0.0,0
ENSG00000152611.11,CAPSL,0.0,0.0,0
ENSG00000145604.15,SKP2,0.0,0.0,0
ENSG00000266751.1,MIR3661,0.0,0.0,0
ENSG00000112992.16,NNT,0.0,0.0,0
ENSG00000152684.10,PELO,0.0,0.0,0
ENSG00000213949.8,ITGA1,0.0,0.0,0
ENSG00000151883.17,PARP8,0.0,0.0,0
ENSG00000170571.11,EMB,0.0,0.0,0
ENSG00000112996.10,MRPS30,0.0,0.0,0
ENSG00000070193.4,FGF10,0.0,0.0,0
ENSG00000224993.3,RPL29P12,0.0,0.0,0
ENSG00000249286.1,AMD1P3,0.0,0.0,0
ENSG00000278487.1,RP11-447H19.4,0.0,0.0,0
ENSG00000279557.1,CTD-2210P15.3,0.0,0.0,0
ENSG00000172239.13,PAIP1,0.0,0.0,0
ENSG00000249855.1,EEF1A1P19,0.0,0.0,0
ENSG00000172244.8,C5orf34,0.0,0.0,0
ENSG00000249492.1,RP11-159F24.3,0.0,0.0,0
ENSG00000151881.14,TMEM267,0.0,0.0,0
ENSG00000151882.11,CCL28,0.0,0.0,0
ENSG00000164171.10,ITGA2,0.0,0.0004994316,1
ENSG00000164172.18,MOCS2,0.0,0.0,0
ENSG00000134363.11,FST,0.0,3.5623536e-06,1
ENSG00000164258.11,NDUFS4,0.0,0.0,0
ENSG00000262211.1,CTD-2031P19.5,0.0,0.0,0
ENSG00000134352.19,IL6ST,0.0,0.0,0
ENSG00000164509.13,IL31RA,0.0,0.0,0
ENSG00000177058.11,SLC38A9,0.0,0.0,0
ENSG00000250853.1,RNF138P1,0.0,0.0,0
ENSG00000067113.16,PLPP1,0.0,0.0,0
ENSG00000039123.15,SKIV2L2,0.0,0.0,0
ENSG00000067248.9,DHX29,0.0,0.0,0
ENSG00000152669.8,CCNO,0.0,0.0,0
ENSG00000164294.13,GPX8,0.0,0.0,0
ENSG00000145649.7,GZMA,0.0,0.0,0
ENSG00000113088.5,GZMK,0.0,0.0,0
ENSG00000164283.12,ESM1,0.0,0.0,0
ENSG00000178996.13,SNX18,0.0,0.000101663136,1
ENSG00000207627.1,MIR581,0.0,0.0,0
ENSG00000112972.14,HMGCS1,0.0,0.0,0
ENSG00000172262.11,ZNF131,0.0,0.0,0
ENSG00000152620.12,NADK2,0.0,0.0,0
ENSG00000082068.8,WDR70,0.0,0.0,0
ENSG00000082074.15,FYB,0.0,0.0,0
ENSG00000164327.12,RICTOR,0.0,0.0,0
ENSG00000145623.12,OSMR,0.0,0.0,0
ENSG00000113594.9,LIFR,0.0,0.0,0
ENSG00000249491.1,EGFLAM-AS1,0.0,0.0,0
ENSG00000164318.17,EGFLAM,0.0,0.0,0
ENSG00000248216.1,KCTD9P5,0.0,0.0,0
ENSG00000113569.15,NUP155,0.0,0.0,0
ENSG00000177721.4,ANXA2R,0.0,0.0,0
ENSG00000228212.1,OFD1P17,0.0,0.0,0
ENSG00000197603.13,C5orf42,0.0,0.0,0
ENSG00000244073.1,RPS4XP6,0.0,0.0,0
ENSG00000249850.1,KRT18P31,0.0,0.0,0
ENSG00000164190.17,NIPBL,0.0,0.0,0
ENSG00000079215.13,SLC1A3,0.0,0.0006817641,1
ENSG00000164188.8,RANBP3L,0.0,0.0,0
ENSG00000251215.1,GOLGA5P1,0.0,0.0,0
ENSG00000113600.10,C9,0.0,0.0,0
ENSG00000153071.14,DAB2,0.0,0.0,0
ENSG00000113638.13,TTC33,0.0,0.0,0
ENSG00000272234.1,CTD-2325A15.5,0.0,0.0,0
ENSG00000250722.5,SELENOP,0.0,0.0,0
ENSG00000198865.9,CCDC152,0.0,0.0,0
ENSG00000250860.1,CTD-2265D6.2,0.0,0.0,0
ENSG00000248873.1,SERBP1P6,0.0,0.0,0
ENSG00000112964.13,GHR,0.0,0.0,0
ENSG00000151876.12,FBXO4,0.0,0.0,0
ENSG00000205765.8,C5orf51,0.0,0.0,0
ENSG00000083720.12,OXCT1,0.0,0.0,0
ENSG00000039537.13,C6,0.0,0.0,0
ENSG00000112936.18,C7,0.0,0.0,0
ENSG00000132357.13,CARD6,0.0,0.0,0
ENSG00000145592.13,RPL37,0.0,0.0,0
ENSG00000132356.11,PRKAA1,0.0,0.0,0
ENSG00000171522.5,PTGER4,0.0,0.0,0
ENSG00000185986.11,SDHAP3,0.0,0.0,0
ENSG00000153395.9,LPCAT1,0.0,0.0,0
ENSG00000142319.17,SLC6A3,0.0,0.0,0
ENSG00000256043.2,CTSO,0.0,0.0,0
ENSG00000171503.11,ETFDH,0.0,0.0,0
ENSG00000171509.15,RXFP1,0.0,3.6882495e-05,1
ENSG00000164124.10,TMEM144,0.0,0.0,0
ENSG00000248429.5,RP11-597D13.9,0.0,0.0,0
ENSG00000164125.15,FAM198B,0.0,0.0,0
ENSG00000109738.10,GLRB,0.0,3.2338266e-05,1
ENSG00000145431.10,PDGFC,0.0,0.0,0
ENSG00000151790.8,TDO2,0.0,0.0,0
ENSG00000145423.4,SFRP2,0.0,0.0,0
ENSG00000061918.12,GUCY1B3,0.0,0.0,0
ENSG00000164116.16,GUCY1A3,0.0,0.0,0
ENSG00000164114.18,MAP9,0.0,0.0,0
ENSG00000171557.16,FGG,0.0,0.0,0
ENSG00000171560.14,FGA,0.0,0.0,0
ENSG00000171566.11,PLRG1,0.0,0.0,0
ENSG00000278981.1,RP11-9N12.2,0.0,0.0,0
ENSG00000171497.4,PPID,0.0,0.0,0
ENSG00000052795.12,FNIP2,0.0,0.0,0
ENSG00000109756.8,RAPGEF2,0.0,0.0,0
ENSG00000145414.8,NAF1,0.0,0.0,0
ENSG00000137628.16,DDX60,0.0,0.0,0
ENSG00000109511.11,ANXA10,0.0,0.0,0
ENSG00000196104.10,SPOCK3,0.0,0.0,0
ENSG00000038295.7,TLL1,0.0,0.0,0
ENSG00000251596.1,HADHAP1,0.0,0.0,0
ENSG00000109472.13,CPE,0.0,0.0,0
ENSG00000052802.12,MSMO1,0.0,0.0,0
ENSG00000229894.4,GK3P,0.0,0.0,0
ENSG00000109466.13,KLHL2,0.0,0.0,0
ENSG00000170088.13,TMEM192,0.0,0.0,0
ENSG00000121089.4,NACA3P,0.0,0.0,0
ENSG00000248546.3,ANP32C,0.0,0.0,0
ENSG00000145416.13,1-Mar,0.0,0.0,0
ENSG00000198498.9,TMA16,0.0,0.0,0
ENSG00000164128.6,NPY1R,0.0,0.0,0
ENSG00000197410.12,DCHS2,0.0,0.0,0
ENSG00000145428.14,RNF175,0.0,0.00013996087,1
ENSG00000049656.13,CLPTM1L,0.0,0.0,0
ENSG00000071205.11,ARHGAP10,0.0,0.0,0
ENSG00000181541.5,MAB21L2,0.0,0.0,0
ENSG00000249690.1,RP11-1336O20.2,0.0,0.0,0
ENSG00000248521.1,RP11-174F8.1,0.0,0.0,0
ENSG00000198589.10,LRBA,0.0,0.0,0
ENSG00000170390.15,DCLK2,0.0,0.0,0
ENSG00000225176.2,ATP5LP4,0.0,0.0,0
ENSG00000151623.14,NR3C2,0.0,0.0,0
ENSG00000164169.12,PRMT9,0.0,0.0,0
ENSG00000137462.6,TLR2,0.0,0.00026180042,1
ENSG00000164168.7,TMEM184C,0.0,0.0016394074,1
ENSG00000151617.15,EDNRA,0.0,0.0,0
ENSG00000137473.17,TTC29,0.0,0.0,0
ENSG00000120519.14,SLC10A7,0.0,0.0,0
ENSG00000164167.10,LSM6,0.0,0.0,0
ENSG00000151612.15,ZNF827,0.0,0.0,0
ENSG00000248356.1,RP11-557J10.4,0.0,0.0,0
ENSG00000183432.6,ZBTB8OSP1,0.0,0.0,0
ENSG00000145425.9,RPS3A,0.0,0.0,0
ENSG00000109686.17,SH3D19,0.0,0.00024305563,1
ENSG00000208797.1,SNORD73A,0.0,0.0,0
ENSG00000248208.1,WDR45P1,0.0,0.0,0
ENSG00000121210.15,KIAA0922,0.0,0.0,0
ENSG00000121211.7,MND1,0.0,0.0,0
ENSG00000213406.3,ANXA2P1,0.0,0.0,0
ENSG00000109654.14,TRIM2,0.0,0.0,0
ENSG00000231841.1,FAM192BP,0.0,0.0,0
ENSG00000250980.1,RP11-529H22.1,0.0,0.0,0
ENSG00000164144.15,ARFIP1,0.0,0.0,0
ENSG00000170006.11,TMEM154,0.0,0.0,0
ENSG00000270751.1,FBXW7-AS1,0.0,0.0,0
ENSG00000109670.13,FBXW7,0.0,0.0,0
ENSG00000059691.11,GATB,0.0,0.0,0
ENSG00000164142.15,FAM160A1,0.0,0.0,0
ENSG00000250350.1,RP11-731D1.3,0.0,0.0,0
ENSG00000189099.11,PRSS48,0.0,0.0,0
ENSG00000181381.13,DDX60L,0.0,0.0,0
ENSG00000129116.17,PALLD,0.0,0.0,0
ENSG00000145439.11,CBR4,0.0,0.0,0
ENSG00000235902.1,RP11-626E13.1,0.0,0.0,0
ENSG00000083857.13,FAT1,0.0,0.0,0
ENSG00000168412.6,MTNR1A,0.0,0.0,0
ENSG00000088926.13,F11,0.0,0.0,0
ENSG00000164344.15,KLKB1,0.0,0.0,0
ENSG00000145476.15,CYP4V2,0.0,0.0,0
ENSG00000109794.13,FAM149A,0.0,0.0,0
ENSG00000164342.12,TLR3,0.0,0.0,0
ENSG00000154556.17,SORBS2,0.0,0.0,0
ENSG00000154447.14,SH3RF1,0.0,0.0,0
ENSG00000154553.13,PDLIM3,0.0,0.0,0
ENSG00000249679.1,RP11-279O9.4,0.0,0.0006613646,1
ENSG00000168491.9,CCDC110,0.0,0.0,0
ENSG00000205129.8,C4orf47,0.0,0.0,0
ENSG00000109775.10,UFSP2,0.0,0.0,0
ENSG00000186352.8,ANKRD37,0.0,0.0,0
ENSG00000109771.15,LRP2BP,0.0,0.0,0
ENSG00000109536.11,FRG1,0.0,0.0,0
ENSG00000153404.14,PLEKHG4B,0.0,0.0006054292,1
ENSG00000164366.3,CCDC127,0.0,0.0,0
ENSG00000073578.16,SDHA,0.0,0.0,0
ENSG00000113504.20,SLC12A7,0.0,0.0,0
ENSG00000145506.13,NKD2,0.0,0.0,0
ENSG00000071539.13,TRIP13,0.0,0.0,0
ENSG00000028310.17,BRD9,0.0,0.0,0
ENSG00000188818.12,ZDHHC11,0.0,0.0,0
ENSG00000249908.2,BRD9P2,0.0,0.0,0
ENSG00000206077.10,ZDHHC11B,0.0,0.0,0
ENSG00000171368.11,TPPP,0.0,0.0003633015,1
ENSG00000112877.7,CEP72,0.0,0.0,0
ENSG00000066230.10,SLC9A3,0.0,0.0,0
ENSG00000225138.7,CTD-2228K2.7,0.0,0.0,0
ENSG00000188242.4,PP7080,0.0,0.0,0
ENSG00000180104.15,EXOC3,0.0,0.0,0
ENSG00000250848.1,CTD-2083E4.5,0.0,0.0,0
ENSG00000249915.7,PDCD6,0.0,0.0,0
ENSG00000109762.15,SNX25,0.0,0.0,0
ENSG00000164323.12,CFAP97,0.0,0.0,0
ENSG00000151729.10,SLC25A4,0.0,0.0,0
ENSG00000109674.3,NEIL3,0.0,0.0,0
ENSG00000129128.12,SPCS3,0.0,0.0,0
ENSG00000248980.1,RP11-87F15.2,0.0,0.0,0
ENSG00000150627.15,WDR17,0.0,0.001545057,1
ENSG00000248249.1,RP11-598O12.1,0.0,0.0,0
ENSG00000164120.13,HPGD,0.0,0.0,0
ENSG00000164118.12,CEP44,0.0,0.0,0
ENSG00000164117.13,FBXO8,0.0,0.0,0
ENSG00000234801.3,MORF4,0.0,0.0,0
ENSG00000164105.3,SAP30,0.0,0.0,0
ENSG00000164104.11,HMGB2,0.0,0.0,0
ENSG00000109586.11,GALNT7,0.0,0.00055549917,1
ENSG00000109576.13,AADAT,0.0,0.0,0
ENSG00000198948.11,MFAP3L,0.0,0.0,0
ENSG00000056050.6,HPF1,0.0,0.0,0
ENSG00000109572.13,CLCN3,0.0,0.0,0
ENSG00000150630.3,VEGFC,0.0,0.0,0
ENSG00000038002.8,AGA,0.0,0.0,0
ENSG00000251139.2,RP11-701P16.2,0.0,0.0,0
ENSG00000225356.3,RP11-433O3.1,0.0,0.0,0
ENSG00000151726.13,ACSL1,0.0,0.0,0
ENSG00000151725.11,CENPU,0.0,0.0,0
ENSG00000164306.10,PRIMPOL,0.0,0.0,0
ENSG00000168310.10,IRF2,0.0,0.0,0
ENSG00000173320.11,STOX2,0.0,0.0,0
ENSG00000168538.15,TRAPPC11,0.0,0.0,0
ENSG00000182552.14,RWDD4,0.0,0.0,0
ENSG00000168556.6,ING2,0.0,0.0,0
ENSG00000168564.5,CDKN2AIP,0.0,0.00017325651,1
ENSG00000185758.8,CLDN24,0.0,0.0,0
ENSG00000177300.6,CLDN22,0.0,0.0,0
ENSG00000151718.15,WWC2,0.0,0.0,0
ENSG00000129187.14,DCTD,0.0,0.00020658961,1
ENSG00000248694.1,RP11-18D7.2,0.0,5.333208e-05,1
ENSG00000218336.8,TENM3,0.0,0.0,0
ENSG00000164512.17,ANKRD55,0.0,0.0,0
ENSG00000248727.5,LINC01948,0.0,0.0,0
ENSG00000226221.1,RPL26P19,0.0,0.0015634248,1
ENSG00000151422.12,FER,0.0,0.0,0
ENSG00000134987.11,WDR36,0.0,0.0,0
ENSG00000164209.16,SLC25A46,0.0,0.0,0
ENSG00000186952.14,TMEM232,0.0,0.0,0
ENSG00000249068.1,CTC-287O8.1,0.0,0.00025449868,1
ENSG00000112893.9,MAN2A1,0.0,0.0,0
ENSG00000198961.9,PJA2,0.0,0.0,0
ENSG00000176857.5,GJA1P1,0.0,0.0,0
ENSG00000244245.1,RP11-120B7.1,0.0,0.0,0
ENSG00000174132.8,FAM174A,0.0,0.0,0
ENSG00000145743.15,FBXL17,0.0,0.0,0
ENSG00000112874.9,NUDT12,0.0,0.0,0
ENSG00000181751.9,C5orf30,0.0,0.0,0
ENSG00000145725.19,PPIP5K2,0.0,0.0,0
ENSG00000145723.16,GIN1,0.0,0.0,0
ENSG00000145730.20,PAM,0.0,0.0,0
ENSG00000173930.8,SLCO4C1,0.0,7.525258e-05,1
ENSG00000214784.4,AC010468.1,0.0,0.0,0
ENSG00000152495.10,CAMK4,0.0,0.0,0
ENSG00000164211.12,STARD4,0.0,0.0,0
ENSG00000134986.13,NREP,0.0,0.0,0
ENSG00000164221.12,CCDC112,0.0,0.0,0
ENSG00000164219.9,PGGT1B,0.0,0.0,0
ENSG00000152503.9,TRIM36,0.0,0.0,0
ENSG00000080709.14,KCNN2,0.0,0.0,0
ENSG00000047188.15,YTHDC2,0.0,0.0,0
ENSG00000171444.17,MCC,0.0,0.0017133666,1
ENSG00000172795.15,DCP2,0.0,0.0,0
ENSG00000212643.2,ZRSR1,0.0,0.0,0
ENSG00000129625.12,REEP5,0.0,0.0,0
ENSG00000153037.13,SRP19,0.0,0.0,0
ENSG00000134982.16,APC,0.0,0.0,0
ENSG00000278921.2,EPB41L4A-AS2,0.0,0.0,0
ENSG00000251187.5,CTC-459M5.2,0.0,0.0,0
ENSG00000238363.1,SNORA13,0.0,0.0,0
ENSG00000129595.12,EPB41L4A,0.0,0.0,0
ENSG00000113532.12,ST8SIA4,0.0,0.0,0
ENSG00000153922.10,CHD1,0.0,0.0,0
ENSG00000251066.1,CTC-534B23.1,0.0,0.0,0
ENSG00000113356.11,POLR3G,0.0,0.0,0
ENSG00000185261.14,KIAA0825,0.0,0.0,0
ENSG00000249353.2,NPM1P27,0.0,0.0,0
ENSG00000113391.18,FAM172A,0.0,0.0,0
ENSG00000175745.11,NR2F1,0.0,0.0,0
ENSG00000113369.8,ARRDC3,0.0,0.0,0
ENSG00000164199.16,ADGRV1,0.0,0.0,0
ENSG00000176018.12,LYSMD3,0.0,0.0,0
ENSG00000176055.9,MBLAC2,0.0,0.0,0
ENSG00000279232.2,CTC-463N11.4,0.0,0.0,0
ENSG00000153140.8,CETN3,0.0,0.0,0
ENSG00000245864.2,CTC-467M3.1,0.0,0.0,0
ENSG00000164180.13,TMEM161B,0.0,0.0,0
ENSG00000134480.13,CCNH,0.0,0.0,0
ENSG00000272367.1,CTC-428H11.2,0.0,0.0,0
ENSG00000145715.14,RASA1,0.0,0.0,0
ENSG00000127184.12,COX7C,0.0,0.0,0
ENSG00000133302.12,SLF1,0.0,8.182259e-05,1
ENSG00000175471.19,MCTP1,0.0,0.0,0
ENSG00000153347.9,FAM81B,0.0,0.0,0
ENSG00000198677.10,TTC37,0.0,0.0,0
ENSG00000174136.11,RGMB,0.0,0.0,0
ENSG00000058729.10,RIOK2,0.0,0.0,0
ENSG00000113441.15,LNPEP,0.0,0.00012309843,1
ENSG00000164308.16,ERAP2,0.0,0.0,0
ENSG00000248734.2,CTD-2260A17.1,0.0,0.0,0
ENSG00000164307.12,ERAP1,0.0,0.0,0
ENSG00000249180.1,CTC-506B8.1,0.0,0.0,0
ENSG00000153113.23,CAST,0.0,0.0,0
ENSG00000175426.10,PCSK1,0.0,0.0,0
ENSG00000118985.15,ELL2,0.0,0.00024402968,1
ENSG00000251348.1,HSPD1P11,0.0,0.0,0
ENSG00000173221.13,GLRX,0.0,0.0,0
ENSG00000164292.12,RHOBTB3,0.0,0.0,0
ENSG00000250240.5,CTD-2154I11.2,0.0,0.0,0
ENSG00000164291.16,ARSK,0.0,0.0,0
ENSG00000145780.7,FEM1C,0.0,0.0,0
ENSG00000243414.5,TICAM2,0.0,0.0,0
ENSG00000249249.1,AC010226.4,0.0,0.0,0
ENSG00000217128.11,FNIP1,0.0,0.0,0
ENSG00000125347.13,IRF1,0.0,0.0,0
ENSG00000197536.11,C5orf56,0.0,6.724833e-05,1
ENSG00000197375.12,SLC22A5,0.0,0.0,0
ENSG00000197208.5,SLC22A4,0.0,0.0,0
ENSG00000131435.12,PDLIM4,0.0,0.0,0
ENSG00000072682.18,P4HA2,0.0,0.0,0
ENSG00000164400.5,CSF2,0.0,0.0,0
ENSG00000158987.20,RAPGEF6,0.0,0.0,0
ENSG00000134970.13,TMED7,0.0,0.0,0
ENSG00000158985.13,CDC42SE2,0.0,0.0,0
ENSG00000186687.15,LYRM7,0.0,0.0,0
ENSG00000169567.11,HINT1,0.0,0.0,0
ENSG00000198108.3,CHSY3,0.0,0.0,0
ENSG00000066583.11,ISOC1,0.0,0.0,0
ENSG00000138829.11,FBN2,0.0,0.0,0
ENSG00000250329.1,KDELC1P1,0.0,0.0,0
ENSG00000113525.9,IL5,0.0,0.0,0
ENSG00000113522.13,RAD50,0.0,0.0,0
ENSG00000223442.1,TH2LCRR,0.0,0.0,0
ENSG00000131437.15,KIF3A,0.0,0.0,0
ENSG00000113575.9,PPP2CA,0.0,0.0,0
ENSG00000081059.19,TCF7,0.0,0.0,0
ENSG00000213585.10,VDAC1,0.0,0.0,0
ENSG00000113583.7,C5orf15,0.0,0.0,0
ENSG00000221287.1,MIR1289-2,0.0,0.0,0
ENSG00000053108.16,FSTL4,0.0,0.0,0
ENSG00000170606.14,HSPA4,0.0,0.0,0
ENSG00000248648.1,RP11-485M7.1,0.0,0.0,0
ENSG00000155329.11,ZCCHC10,0.0,0.0,0
ENSG00000072364.12,AFF4,0.0,0.0,0
ENSG00000164406.7,LEAP2,0.0,0.0,0
ENSG00000164405.10,UQCRQ,0.0,0.0,0
ENSG00000164403.14,SHROOM1,0.0,0.0,0
ENSG00000164402.13,8-Sep,0.0,0.0,0
ENSG00000205089.7,CCNI2,0.0,0.0,0
ENSG00000064651.13,SLC12A2,0.0,0.0,0
ENSG00000164244.20,PRRC1,0.0,0.0,0
ENSG00000145794.16,MEGF10,0.0,0.0,0
ENSG00000151304.5,SRFBP1,0.0,0.000559433,1
ENSG00000133835.14,HSD17B4,0.0,0.0,0
ENSG00000145779.7,TNFAIP8,0.0,0.0,0
ENSG00000248979.2,LAMTOR3P2,0.0,0.0,0
ENSG00000172869.14,DMXL1,0.0,0.0,0
ENSG00000283498.1,MIR1244-2,0.0,0.0,0
ENSG00000197744.5,PTMAP2,0.0,0.0,0
ENSG00000169570.9,DTWD2,0.0,0.00028336715,1
ENSG00000239528.1,RPS14P8,0.0,0.0,0
ENSG00000092421.16,SEMA6A,0.0,0.0,0
ENSG00000232916.1,HMGN2P27,0.0,0.0,0
ENSG00000145781.8,COMMD10,0.0,0.0,0
ENSG00000172901.19,LVRN,0.0,0.0,0
ENSG00000177879.15,AP3S1,0.0,0.0001917109,1
ENSG00000145782.12,ATG12,0.0,0.0,0
ENSG00000129596.4,CDO1,0.0,0.0,0
ENSG00000184838.14,PRR16,0.0,0.0,0
ENSG00000113083.13,LOX,0.0,0.0,0
ENSG00000173926.5,3-Mar,0.0,0.0,0
ENSG00000164185.5,ZNF474,0.0,0.0,0
ENSG00000113368.11,LMNB1,0.0,0.0,0
ENSG00000164902.13,PHAX,0.0,0.0,0
ENSG00000164904.17,ALDH7A1,0.0,0.0,0
ENSG00000250602.5,RP11-517I3.1,0.0,0.0,0
ENSG00000155324.9,GRAMD3,0.0,0.0,0
ENSG00000168916.15,ZNF608,0.0,0.0,0
ENSG00000151292.17,CSNK1G3,0.0,0.0,0
ENSG00000250539.1,KRT8P33,0.0,0.0,0
ENSG00000168944.15,CEP120,0.0,0.0,0
ENSG00000061455.10,PRDM6,0.0,0.0,0
ENSG00000249996.1,RP11-359P5.1,0.0,0.0,0
ENSG00000168938.5,PPIC,0.0,0.0,0
ENSG00000064652.10,SNX24,0.0,0.0,0
ENSG00000205302.6,SNX2,0.0,0.0,0
ENSG00000064692.18,SNCAIP,0.0,0.0,0
ENSG00000205449.11,NBPF22P,0.0,0.0,0
ENSG00000164176.12,EDIL3,0.0,0.0,0
ENSG00000095015.5,MAP3K1,0.0,0.0,0
ENSG00000153044.9,CENPH,0.0,0.0,0
ENSG00000152939.14,MARVELD2,0.0,0.0,0
ENSG00000152942.18,RAD17,0.0,0.0,0
ENSG00000085231.13,AK6,0.0,0.0,0
ENSG00000213830.3,CFL1P5,0.0,0.0,0
ENSG00000183323.12,CCDC125,0.0,0.0,0
ENSG00000134058.11,CDK7,0.0,0.0,0
ENSG00000134056.11,MRPS36,0.0,0.0,0
ENSG00000134057.14,CCNB1,0.0,0.0,0
ENSG00000112851.14,ERBIN,0.0,0.0,0
ENSG00000248664.1,CTC-498J12.3,0.0,0.0,0
ENSG00000145740.18,SLC30A5,0.0,0.0,0
ENSG00000145675.14,PIK3R1,0.0,0.0,0
ENSG00000273860.1,CTD-3066C23.1,0.0,0.0,0
ENSG00000134061.5,CD180,0.0,0.0,0
ENSG00000069020.18,MAST4,0.0,0.0,0
ENSG00000253744.1,AC025442.3,0.0,0.0,0
ENSG00000197822.10,OCLN,0.0,0.0,0
ENSG00000183474.15,GTF2H2C,0.0,0.0,0
ENSG00000250138.4,RP11-848G14.5,0.0,0.0,0
ENSG00000205571.13,SMN2,0.0,0.0,0
ENSG00000131711.14,MAP1B,0.0,0.00028192866,1
ENSG00000131844.15,MCCC2,0.0,0.0,0
ENSG00000145734.18,BDP1,0.0,0.0,0
ENSG00000235558.3,RP11-1198D22.1,0.0,0.0,0
ENSG00000215630.6,GUSBP9,0.0,0.0,0
ENSG00000251634.2,RP11-1280N14.3,0.0,0.0,0
ENSG00000230847.4,RP11-195E2.1,0.0,0.0,0
ENSG00000145736.14,GTF2H2,0.0,0.0,0
ENSG00000249437.7,NAIP,0.0,0.0,0
ENSG00000172062.16,SMN1,0.0,0.0,0
ENSG00000253333.1,RP11-497H16.8,0.0,0.00018181538,1
ENSG00000226259.10,GTF2H2B,0.0,0.0,0
ENSG00000253816.3,RP11-1415C14.3,0.0,0.0003514537,1
ENSG00000254701.3,RP11-1415C14.4,0.0,0.00017481578,1
ENSG00000179978.11,RP11-1319K7.1,0.0,0.0,0
ENSG00000153914.15,SREK1,0.0,0.0,0
ENSG00000251648.2,CTD-2353N24.1,0.0,0.0,0
ENSG00000038427.15,VCAN,0.0,0.0,0
ENSG00000214244.4,SETP21,0.0,0.0,0
ENSG00000188725.7,SMIM15,0.0,0.0002819851,1
ENSG00000164182.10,NDUFAF2,0.0,0.0,0
ENSG00000233847.1,AC104113.3,0.0,0.0,0
ENSG00000215032.2,GNL3LP1,0.0,0.0,0
ENSG00000049167.13,ERCC8,0.0,0.0,0
ENSG00000164181.13,ELOVL7,0.0,0.0,0
ENSG00000035499.12,DEPDC1B,0.0,0.0,0
ENSG00000251306.1,NDUFB4P2,0.0,0.0,0
ENSG00000123213.22,NLN,0.0,0.0,0
ENSG00000113448.18,PDE4D,0.0,0.0,0
ENSG00000175857.8,GAPT,0.0,0.0,0
ENSG00000145632.14,PLK2,0.0,0.0,0
ENSG00000062194.15,GPBP1,0.0,0.0,0
ENSG00000155545.19,MIER3,0.0,0.0,0
ENSG00000155542.11,SETD9,0.0,0.0,0
ENSG00000237705.1,AC008937.2,0.0,0.0,0
ENSG00000130449.5,ZSWIM6,0.0,0.0,0
ENSG00000250461.1,RP11-631M6.2,0.0,0.0,0
ENSG00000213891.3,RPL3P6,0.0,0.0,0
ENSG00000068796.16,KIF2A,0.0,0.0,0
ENSG00000197860.9,SGTB,0.0,0.0,0
ENSG00000253251.2,CTC-534A2.2,0.0,0.0,0
ENSG00000113597.17,TRAPPC13,0.0,0.0,0
ENSG00000113595.14,TRIM23,0.0,0.0,0
ENSG00000113593.11,PPWD1,0.0,0.0,0
ENSG00000123219.12,CENPK,0.0,0.0,0
ENSG00000049192.14,ADAMTS6,0.0,0.0,0
ENSG00000153015.15,CWC27,0.0,0.0,0
ENSG00000153006.15,SREK1IP1,0.0,0.0,0
ENSG00000186479.4,RGS7BP,0.0,0.0001839087,1
ENSG00000164197.11,RNF180,0.0,0.0,0
ENSG00000186105.7,LRRC70,0.0,0.0,0
ENSG00000268942.2,CKS1BP3,0.0,0.0,0
ENSG00000086200.16,IPO11,0.0,0.0,0
ENSG00000086189.9,DIMT1,0.0,0.0,0
ENSG00000113048.16,MRPS27,0.0,0.0,0
ENSG00000049883.14,PTCD2,0.0,0.0,0
ENSG00000178175.11,ZNF366,0.0,0.0,0
ENSG00000213757.3,CTC-451P13.1,0.0,0.0,0
ENSG00000164300.16,SERINC5,0.0,0.0,0
ENSG00000249825.5,CTD-2201I18.1,0.0,0.0,0
ENSG00000113296.14,THBS4,0.0,0.0012840832,1
ENSG00000177034.14,MTX3,0.0,0.0,0
ENSG00000164309.14,CMYA5,0.0,0.0,0
ENSG00000164329.13,PAPD4,0.0,0.0,0
ENSG00000152413.14,HOMER1,0.0,0.0,0
ENSG00000152409.8,JMY,0.0,0.0,0
ENSG00000083312.17,TNPO1,0.0,0.0,0
ENSG00000145692.14,BHMT,0.0,0.000110498935,1
ENSG00000132840.9,BHMT2,0.0,0.0,0
ENSG00000132837.14,DMGDH,0.0,0.0,0
ENSG00000113273.15,ARSB,0.0,0.0,0
ENSG00000085365.17,SCAMP1,0.0,0.0,0
ENSG00000132842.13,AP3B1,0.0,0.0,0
ENSG00000213763.4,ACTBP2,0.0,0.0,0
ENSG00000251675.1,CTC-458I2.2,0.0,0.0,0
ENSG00000039319.16,ZFYVE16,0.0,0.0,0
ENSG00000152380.9,FAM151B,0.0,0.0,0
ENSG00000228716.6,DHFR,0.0,0.0,0
ENSG00000152422.15,XRCC4,0.0,0.0,0
ENSG00000238835.1,SCARNA18,0.0,0.00090200425,2
ENSG00000174695.9,TMEM167A,0.0,0.0,0
ENSG00000186468.12,RPS23,0.0,0.0,0
ENSG00000251495.1,PPIAP11,0.0,0.0,0
ENSG00000152348.15,ATG10,0.0,0.0,0
ENSG00000145687.16,SSBP2,0.0,0.0,0
ENSG00000131732.11,ZCCHC9,0.0,0.0,0
ENSG00000248794.1,CTD-2248H3.1,0.0,0.0,0
ENSG00000131730.15,CKMT2,0.0,0.0,0
ENSG00000249772.1,CTD-2193P3.2,0.0,6.648274e-05,1
ENSG00000113319.12,RASGRF2,0.0,0.0,0
ENSG00000248967.1,RP11-241J12.3,0.0,0.0,0
ENSG00000113318.9,MSH3,0.0,0.0,0
ENSG00000271043.2,MTRNR2L2,0.0,0.0,0
ENSG00000171530.13,TBCA,0.0,0.0003524,2
ENSG00000244363.3,RPL7P23,0.0,0.0,0
ENSG00000164253.13,WDR41,0.0,0.0,0
ENSG00000182383.8,RPL27AP5,0.0,0.0,0
ENSG00000164346.9,NSA2,0.0,0.0,0
ENSG00000164347.17,GFM2,0.0,0.0,0
ENSG00000049860.13,HEXB,0.0,0.0,0
ENSG00000171617.13,ENC1,0.0,0.0,0
ENSG00000214944.9,ARHGEF28,0.0,0.0,0
ENSG00000164338.9,UTP15,0.0,0.0,0
ENSG00000164331.9,ANKRA2,0.0,0.0,0
ENSG00000255883.1,FUNDC2P1,0.0,0.0,0
ENSG00000145741.15,BTF3,0.0,0.0,0
ENSG00000251493.4,FOXD1,0.0,0.0,0
ENSG00000157111.12,TMEM171,0.0,0.0,0
ENSG00000248930.1,CTC-250P20.1,0.0,0.0,0
ENSG00000251467.1,CTC-250P20.2,0.0,0.0,0
ENSG00000157107.13,FCHO2,0.0,0.0,0
ENSG00000242602.1,CTD-2339M3.1,0.0,0.00011562632,1
ENSG00000198780.11,FAM169A,0.0,0.0,0
ENSG00000176928.5,GCNT4,0.0,0.0,0
ENSG00000251400.1,ALDH7A1P1,0.0,0.0,0
ENSG00000113161.15,HMGCR,0.0,0.0,0
ENSG00000113231.13,PDE8B,0.0,0.0,0
ENSG00000164252.12,AGGF1,0.0,0.0,0
ENSG00000145708.10,CRHBP,0.0,0.0,0
ENSG00000164251.4,F2RL1,0.0,0.0,0
ENSG00000181104.6,F2R,0.0,0.0,0
ENSG00000164220.6,F2RL2,0.0,0.0,0
ENSG00000250574.1,CTD-2275D10.2,0.0,0.0,0
ENSG00000145703.15,IQGAP2,0.0,0.0,0
ENSG00000249014.2,HMGN2P4,0.0,0.0,0
ENSG00000254893.5,AC113404.1,0.0,2.8280512e-05,1
ENSG00000152359.14,POC5,0.0,0.0,0
ENSG00000189045.13,ANKDD1B,0.0,0.0,0
ENSG00000122008.15,POLK,0.0,0.0,0
ENSG00000242198.1,CTD-2235C13.1,0.0,0.0,0
ENSG00000113163.15,COL4A3BP,0.0,0.0,0
ENSG00000137343.17,ATAT1,0.0,0.0,0
ENSG00000204564.11,C6orf136,0.0,0.0,0
ENSG00000204560.9,DHX16,0.0,0.0,0
ENSG00000164535.14,DAGLB,0.0,0.0,0
ENSG00000198580.7,RP11-611L7.2,0.0,0.0,0
ENSG00000236609.3,ZNF853,0.0,0.0,0
ENSG00000146576.12,C7orf26,0.0,0.0,0
ENSG00000232581.1,AC079742.4,0.0,0.0,0
ENSG00000136247.14,ZDHHC4,0.0,0.0,0
ENSG00000215045.8,GRID2IP,0.0,4.26118e-05,1
ENSG00000136240.9,KDELR2,0.0,0.0,0
ENSG00000136238.17,RAC1,0.0,0.0,0
ENSG00000235944.7,ZNF815P,0.0,0.0,0
ENSG00000178397.12,FAM220A,0.0,0.0,0
ENSG00000008256.15,CYTH3,0.0,0.00035853445,1
ENSG00000106346.11,USP42,0.0,0.0,0
ENSG00000086232.12,EIF2AK1,0.0,0.0,0
ENSG00000106305.9,AIMP2,0.0,0.0,0
ENSG00000122512.14,PMS2,0.0,0.0,0
ENSG00000155026.16,RSPH10B,0.0,0.0,0
ENSG00000164631.18,ZNF12,0.0,0.0,0
ENSG00000187953.10,PMS2CL,0.0,0.0,0
ENSG00000169402.15,RSPH10B2,0.0,0.0,0
ENSG00000146574.15,CCZ1B,0.0,0.0,0
ENSG00000005108.15,THSD7A,0.0,0.0,0
ENSG00000230370.1,RPL23AP52,0.0,0.0,0
ENSG00000106443.15,PHF14,0.0,0.0,0
ENSG00000189043.9,NDUFA4,0.0,0.0,0
ENSG00000003147.17,ICA1,0.0,0.0,0
ENSG00000233264.2,AC006042.8,0.0,0.0,0
ENSG00000106415.12,GLCCI1,0.0,0.0,0
ENSG00000269721.1,RPL23AP51,0.0,0.0,0
ENSG00000234718.6,AC007161.5,0.0,0.0,0
ENSG00000219545.11,UMAD1,0.0,0.0,0
ENSG00000106399.11,RPA3,0.0,0.0,0
ENSG00000164654.15,MIOS,0.0,0.0,0
ENSG00000215018.9,COL28A1,0.0,0.0,0
ENSG00000106392.10,C1GALT1,0.0,0.0,0
ENSG00000226943.3,ALG1L5P,0.0,0.0,0
ENSG00000122674.11,CCZ1,0.0,0.0,0
ENSG00000011275.18,RNF216,0.0,0.0006381291,1
ENSG00000235920.1,AC073109.2,0.0,0.0,0
ENSG00000106263.17,EIF3B,0.0,0.0,0
ENSG00000231357.1,AC006028.11,0.0,0.0,0
ENSG00000146535.13,GNA12,0.0,0.0,0
ENSG00000136295.14,TTYH3,0.0,0.0,0
ENSG00000106012.17,IQCE,0.0,0.0,0
ENSG00000106009.15,BRAT1,0.0,0.0,0
ENSG00000106003.12,LFNG,0.0,0.0,0
ENSG00000136213.9,CHST12,0.0,0.0,0
ENSG00000106266.10,SNX8,0.0,0.0,0
ENSG00000075618.17,FSCN1,0.0,0.0,0
ENSG00000106268.15,NUDT1,0.0,0.0,0
ENSG00000122687.17,MRM2,0.0,0.0,0
ENSG00000002822.15,MAD1L1,0.0,0.0,0
ENSG00000225968.7,ELFN1,0.0,0.0,0
ENSG00000157778.8,PSMG3,0.0,0.0,0
ENSG00000164855.15,TMEM184A,0.0,5.6218916e-05,1
ENSG00000198517.9,MAFK,0.0,0.0,0
ENSG00000198286.9,CARD11,0.0,0.0,0
ENSG00000237286.1,AC004906.3,0.0,0.0,0
ENSG00000146555.18,SDK1,0.0,0.0,0
ENSG00000224593.1,RP11-30B1.1,0.0,0.0,0
ENSG00000075624.13,ACTB,0.0,0.0,0
ENSG00000207973.1,MIR589,0.0,0.0,0
ENSG00000155034.18,FBXL18,0.0,0.0,0
ENSG00000234432.4,RP11-1275H24.1,0.0,0.0,0
ENSG00000241269.1,AC093620.5,0.0,0.0,0
ENSG00000182095.14,TNRC18,0.0,0.0,0
ENSG00000164638.10,SLC29A4,0.0,0.0,0
ENSG00000157954.14,WIPI2,0.0,0.0,0
ENSG00000146587.17,RBAK,0.0,0.0,0
ENSG00000275328.1,SPDYE19P,0.0,0.0,0
ENSG00000196204.11,RNF216P1,0.0,0.0,0
ENSG00000213935.3,AC092610.12,0.0,0.0,0
ENSG00000157927.16,RADIL,0.0,0.0,0
ENSG00000242802.6,AP5Z1,0.0,0.0,0
ENSG00000164916.10,FOXK1,0.0,0.0,0
ENSG00000230435.1,AC004160.4,0.0,0.0,0
ENSG00000106460.18,TMEM106B,0.0,0.0,0
ENSG00000217648.1,RP1-95L4.4,0.0,0.0,0
ENSG00000105928.13,DFNA5,0.0,0.0,0
ENSG00000086300.15,SNX10,0.0,0.0,0
ENSG00000122565.18,CBX3,0.0,0.0,0
ENSG00000122566.20,HNRNPA2B1,0.0,0.0,0
ENSG00000050344.8,NFE2L3,0.0,0.0,0
ENSG00000153790.11,C7orf31,0.0,0.0,0
ENSG00000172115.8,CYCS,0.0,0.0,0
ENSG00000070882.12,OSBPL3,0.0,0.0,0
ENSG00000105926.15,MPP6,0.0,0.0,0
ENSG00000156928.4,MALSU1,0.0,0.0,0
ENSG00000122585.7,NPY,0.0,0.0,0
ENSG00000196335.12,STK31,0.0,0.0,0
ENSG00000188732.10,FAM221A,0.0,0.0,0
ENSG00000227436.1,FCF1P1,0.0,0.0,0
ENSG00000169193.11,CCDC126,0.0,0.0,0
ENSG00000164548.10,TRA2A,0.0,0.0,0
ENSG00000232818.2,RPS2P32,0.0,0.0,0
ENSG00000225792.1,AC004540.4,0.0,0.0,0
ENSG00000005020.12,SKAP2,0.0,0.0,0
ENSG00000105991.7,HOXA1,0.0,0.0,0
ENSG00000105996.6,HOXA2,0.0,0.0,0
ENSG00000122574.10,WIPF3,0.0,0.0,0
ENSG00000176532.3,PRR15,0.0,0.0,0
ENSG00000237065.2,NANOGP4,0.0,0.0,0
ENSG00000106069.21,CHN2,0.0,0.0,0
ENSG00000106066.14,CPVL,0.0,0.0,0
ENSG00000146592.16,CREB5,0.0,0.0,0
ENSG00000106052.13,TAX1BP1,0.0,0.0,0
ENSG00000106049.8,HIBADH,0.0,0.0,0
ENSG00000233830.2,EIF4HP1,0.0,0.0,0
ENSG00000253293.4,HOXA10,0.0,0.0,0
ENSG00000253187.2,HOXA10-AS,0.0,0.0011297488,1
ENSG00000106006.6,HOXA6,0.0,0.0,0
ENSG00000106004.4,HOXA5,0.0,0.0,0
ENSG00000197576.13,HOXA4,0.0,0.0,0
ENSG00000105997.22,HOXA3,0.0,0.0,0
ENSG00000136231.13,IGF2BP3,0.0,0.0,0
ENSG00000136235.15,GPNMB,0.0,0.0,0
ENSG00000146530.11,VWDE,0.0,0.0,0
ENSG00000106524.8,ANKMY2,0.0,0.0,0
ENSG00000237773.5,AC003075.4,0.0,0.0,0
ENSG00000232400.1,RAD17P1,0.0,0.0,0
ENSG00000173467.8,AGR3,0.0,0.0,0
ENSG00000106541.11,AGR2,0.0,0.0,0
ENSG00000106537.7,TSPAN13,0.0,5.506307e-05,1
ENSG00000235837.1,AC073333.8,0.0,0.0,0
ENSG00000136261.14,BZW2,0.0,0.0,0
ENSG00000171243.7,SOSTDC1,0.0,0.0,0
ENSG00000136243.16,NUPL2,0.0,0.0,0
ENSG00000214960.9,ISPD,0.0,0.0,0
ENSG00000235828.5,RPL36AP26,0.0,0.0,0
ENSG00000106511.5,MEOX2,0.0,0.0,0
ENSG00000187546.13,AGMO,0.0,0.0,0
ENSG00000006468.13,ETV1,0.0,0.0,0
ENSG00000122644.12,ARL4A,0.0,0.0,0
ENSG00000006747.14,SCIN,0.0,0.0,0
ENSG00000106546.12,AHR,0.0,0.0,0
ENSG00000071189.21,SNX13,0.0,0.0,0
ENSG00000048052.21,HDAC9,0.0,0.0,0
ENSG00000122691.12,TWIST1,0.0,0.0,0
ENSG00000122550.17,KLHL7,0.0,0.0,0
ENSG00000122591.11,FAM126A,0.0,0.0,0
ENSG00000196683.10,TOMM7,0.0,0.0,0
ENSG00000136244.11,IL6,0.0,0.0,0
ENSG00000105889.14,STEAP1B,0.0,0.0009927534,2
ENSG00000136237.18,RAPGEF5,0.0,0.0,0
ENSG00000164649.19,CDCA7L,0.0,0.0,0
ENSG00000105877.17,DNAH11,0.0,0.0,0
ENSG00000221783.1,MIR1183,0.0,0.0,0
ENSG00000105866.13,SP4,0.0,0.0,0
ENSG00000219451.3,RPL23P8,0.0,0.0,0
ENSG00000105855.9,ITGB8,0.0,0.0,0
ENSG00000183742.12,MACC1,0.0,0.0,0
ENSG00000213860.4,RPL21P75,0.0,0.0,0
ENSG00000105849.5,TWISTNB,0.0,0.0,0
ENSG00000164880.15,INTS1,0.0,0.0,0
ENSG00000164877.18,MICALL2,0.0,0.0,0
ENSG00000178381.11,ZFAND2A,0.0,0.0,0
ENSG00000146476.10,ARMT1,0.0,0.0,0
ENSG00000146469.12,VIP,0.0,0.0,0
ENSG00000218792.2,HSPD1P16,0.0,0.0,0
ENSG00000120279.6,MYCT1,0.0,0.0,0
ENSG00000234577.1,SYNE1-AS1,0.0,0.0,0
ENSG00000131018.22,SYNE1,0.0,0.0,0
ENSG00000091831.22,ESR1,0.0,0.0,0
ENSG00000120262.9,CCDC170,0.0,0.0,0
ENSG00000155906.16,RMND1,0.0,0.0,0
ENSG00000009765.14,IYD,0.0,0.0,0
ENSG00000181472.4,ZBTB2,0.0,0.0,0
ENSG00000131016.16,AKAP12,0.0,0.0,0
ENSG00000213087.3,RP11-613F7.1,0.0,0.0,0
ENSG00000219747.1,RP1-292B18.1,0.0,0.0,0
ENSG00000218996.1,ARL4AP5,0.0,0.0,0
ENSG00000120254.15,MTHFD1L,0.0,0.0,0
ENSG00000213089.4,PDCL3P5,0.0,0.0,0
ENSG00000112029.9,FBXO5,0.0,0.0,0
ENSG00000227627.2,RP1-101K10.6,0.0,0.0,0
ENSG00000112031.15,MTRF1L,0.0,0.0,0
ENSG00000091844.7,RGS17,0.0,0.0,0
ENSG00000078269.14,SYNJ2,0.0,0.00042772107,1
ENSG00000229502.5,RP11-52J3.2,0.0,0.0,0
ENSG00000130340.15,SNX9,0.0,0.0,0
ENSG00000175048.16,ZDHHC14,0.0,0.0,0
ENSG00000217783.2,LDHAL6FP,0.0,0.0,0
ENSG00000218596.2,RP11-2J18.1,0.0,0.0,0
ENSG00000049618.22,ARID1B,0.0,0.0,0
ENSG00000271551.2,RP11-230C9.2,0.0,0.00011760971,1
ENSG00000171217.5,CLDN20,0.0,0.0,0
ENSG00000029639.10,TFB1M,0.0,0.0,0
ENSG00000235381.1,RP11-477D19.2,0.0,0.0,0
ENSG00000146426.17,TIAM2,0.0,0.0,0
ENSG00000153721.18,CNKSR3,0.0,0.0,0
ENSG00000074706.13,IPCEF1,0.0,0.0,0
ENSG00000218426.5,RP11-475C16.1,0.0,0.0,0
ENSG00000120278.15,PLEKHG1,0.0,0.0,0
ENSG00000198729.4,PPP1R14C,0.0,0.0,0
ENSG00000164850.14,GPER1,0.0,0.0,0
ENSG00000217027.1,TPT1P4,0.0,0.0,0
ENSG00000164506.14,STXBP5,0.0,0.0,0
ENSG00000118492.16,ADGB,0.0,0.0,0
ENSG00000118508.4,RAB32,0.0,0.0,0
ENSG00000146414.15,SHPRH,0.0,0.0,0
ENSG00000118496.4,FBXO30,0.0,0.0,0
ENSG00000112425.14,EPM2A,0.0,0.0,0
ENSG00000220739.2,RP11-277I20.3,0.0,0.0,0
ENSG00000135604.9,STX11,0.0,0.0,0
ENSG00000131019.10,ULBP3,0.0,0.0,0
ENSG00000169976.6,SF3B5,0.0,0.0,0
ENSG00000118495.18,PLAGL1,0.0,0.0,0
ENSG00000135521.8,LTV1,0.0,0.0,0
ENSG00000112419.14,PHACTR2,0.0,0.0,0
ENSG00000001036.13,FUCA2,0.0,0.0,0
ENSG00000229036.7,VDAC1P8,0.0,0.0,0
ENSG00000034693.14,PEX3,0.0,0.0,0
ENSG00000203727.3,SAMD5,0.0,0.0,0
ENSG00000111961.17,SASH1,0.0,0.0,0
ENSG00000111962.7,UST,0.0,0.0,0
ENSG00000055208.18,TAB2,0.0,0.0,0
ENSG00000155918.7,RAET1L,0.0,0.0,0
ENSG00000131015.4,ULBP2,0.0,0.0,0
ENSG00000203722.7,RAET1G,0.0,0.0,0
ENSG00000164520.11,RAET1E,0.0,0.0,0
ENSG00000268592.3,RAET1E-AS1,0.0,0.0,0
ENSG00000273132.1,RP11-350J20.12,0.0,0.0,0
ENSG00000120256.9,LRP11,0.0,0.0,0
ENSG00000231760.4,RP11-350J20.5,0.0,0.0,0
ENSG00000120265.16,PCMT1,0.0,0.0,0
ENSG00000131023.12,LATS1,0.0,0.0,0
ENSG00000186625.13,KATNA1,0.0,0.0,0
ENSG00000281021.1,RP1-12G14.9,0.0,0.0,0
ENSG00000055211.12,GINM1,0.0,0.0,0
ENSG00000131013.3,PPIL4,0.0,0.0,0
ENSG00000177688.6,SUMO4,0.0,0.0,0
ENSG00000122335.13,SERAC1,0.0,0.0,0
ENSG00000272047.1,GTF2H5,0.0,0.0,0
ENSG00000130338.12,TULP4,0.0,0.0,0
ENSG00000198221.8,AFDN-AS1,0.0,0.0,0
ENSG00000130023.15,ERMARD,0.0,0.0,0
ENSG00000130024.14,PHF10,0.0,0.0,0
ENSG00000184465.15,WDR27,0.0,0.0,0
ENSG00000186340.14,THBS2,0.0,0.0,0
ENSG00000112562.18,SMOC2,0.0,0.0,0
ENSG00000164488.11,DACT2,0.0,0.0,0
ENSG00000130396.20,AFDN,0.0,0.0,0
ENSG00000112486.15,CCR6,0.0,0.0,0
ENSG00000188451.8,SRP72P2,0.0,0.0,0
ENSG00000213066.11,FGFR1OP,0.0,0.0,0
ENSG00000026297.15,RNASET2,0.0,0.0,0
ENSG00000235008.1,RP3-497J21.1,0.0,0.0,0
ENSG00000235272.1,FAM103A2P,0.0,0.0,0
ENSG00000071242.11,RPS6KA2,0.0,0.0,0
ENSG00000060762.18,MPC1,0.0,0.0,0
ENSG00000233231.1,HNRNPA1P49,0.0,0.0,0
ENSG00000198719.8,DLL1,0.0,0.0,0
ENSG00000112584.13,FAM120B,0.0,0.0,0
ENSG00000008018.8,PSMB1,0.0,0.0,0
ENSG00000112592.13,TBP,0.0,0.0,0
ENSG00000257607.1,RP11-449P15.1,0.0,0.0,0
ENSG00000164849.9,GPR146,0.0,0.0,0
ENSG00000146540.14,C7orf50,0.0,0.0,0
ENSG00000073067.13,CYP2W1,0.0,0.0,0
ENSG00000240230.5,COX19,0.0,0.0,0
ENSG00000105963.13,ADAP1,0.0,0.0,0
ENSG00000239857.6,GET4,0.0,0.0,0
ENSG00000164828.17,SUN1,0.0,0.0,0
ENSG00000164818.15,DNAAF5,0.0,0.0,0
ENSG00000188191.14,PRKAR1B,0.0,0.00019478735,1
ENSG00000197461.13,PDGFA,0.0,0.0,0
ENSG00000249852.1,AC145676.2,0.0,0.0,0
ENSG00000177706.8,FAM20C,0.0,0.0,0
ENSG00000282572.2,RP11-482G13.1,0.0,0.0,0
ENSG00000071994.10,PDCD2,0.0,0.0,0
ENSG00000198818.9,SFT2D1,0.0,0.0,0
ENSG00000216624.3,GAPDHP72,0.0,0.0,0
ENSG00000199523.1,RNA5SP226,0.0,0.0,0
ENSG00000207392.1,SNORA20,0.0,0.0,0
ENSG00000120437.8,ACAT2,0.0,0.0,0
ENSG00000146457.14,WTAP,0.0,0.0,0
ENSG00000220305.1,HNRNPH1P1,0.0,0.0,0
ENSG00000112096.16,SOD2,0.0,0.00069640286,1
ENSG00000164694.16,FNDC1,0.0,0.0,0
ENSG00000164691.16,TAGAP,0.0,0.0,0
ENSG00000271913.5,RP1-111C20.4,0.0,0.0,0
ENSG00000130363.11,RSPH3,0.0,0.0,0
ENSG00000203711.11,C6orf99,0.0,0.0,0
ENSG00000233893.1,EZR-AS1,0.0,0.0,0
ENSG00000092820.17,EZR,0.0,0.0,0
ENSG00000164674.15,SYTL3,0.0,2.5062502e-05,1
ENSG00000146425.10,DYNLT1,0.0,0.0,0
ENSG00000218226.1,TATDN2P2,0.0,0.0,0
ENSG00000146433.8,TMEM181,0.0,0.0,0
ENSG00000120438.11,TCP1,0.0,0.0,0
ENSG00000206910.1,SNORA29,0.0,0.0,0
ENSG00000112541.13,PDE10A,0.0,0.0,0
ENSG00000112110.9,MRPL18,0.0,0.0,0
ENSG00000112539.14,C6orf118,0.0,0.0,0
ENSG00000112531.16,QKI,0.0,0.0,0
ENSG00000112530.11,PACRG,0.0,0.0,0
ENSG00000185345.18,PARK2,0.0,0.0,0
ENSG00000279355.1,AGPAT4-IT1,0.0,0.0,0
ENSG00000026652.13,AGPAT4,0.0,0.00039438152,1
ENSG00000085511.19,MAP3K4,0.0,0.0,0
ENSG00000272841.1,RP3-428L16.2,0.0,0.0,0
ENSG00000122194.18,PLG,0.0,0.0,0
ENSG00000213071.11,LPAL2,0.0,0.0,0
ENSG00000146477.5,SLC22A3,0.0,0.0,0
ENSG00000175003.12,SLC22A1,0.0,0.0004977003,1
ENSG00000213073.4,RP11-288H12.3,0.0,0.0,0
ENSG00000197081.12,IGF2R,0.0,0.0,0
ENSG00000146453.12,PNLDC1,0.0,0.0,0
ENSG00000136193.16,SCRN1,0.0,0.0,0
ENSG00000106080.10,FKBP14,0.0,0.0,0
ENSG00000106086.18,PLEKHA8,0.0,0.0,0
ENSG00000182487.12,NCF1B,0.0,0.0,0
ENSG00000176410.7,DNAJC30,0.0,0.0,0
ENSG00000176428.5,VPS37D,0.0,0.0,0
ENSG00000106638.15,TBL2,0.0,0.0,0
ENSG00000106635.7,BCL7B,0.0,0.0,0
ENSG00000009954.10,BAZ1B,0.0,0.0,0
ENSG00000130305.16,NSUN5,0.0,0.0,0
ENSG00000205578.5,POM121B,0.0,0.0,0
ENSG00000233369.7,GTF2IP4,0.0,0.0,0
ENSG00000185274.11,WBSCR17,0.0,0.0,0
ENSG00000274570.4,SPDYE10P,0.0,0.0,0
ENSG00000174384.9,PMS2P6,0.0,0.0,0
ENSG00000229018.5,PMS2P7,0.0,0.0,0
ENSG00000174353.17,STAG3L3,0.0,0.0,0
ENSG00000106133.17,NSUN5P2,0.0,0.0,0
ENSG00000196313.11,POM121,0.0,0.0,0
ENSG00000225648.5,SBDSP1,0.0,0.0,0
ENSG00000071462.11,WBSCR22,0.0,0.0,0
ENSG00000106089.11,STX1A,0.0,0.0,0
ENSG00000106077.18,ABHD11,0.0,0.0,0
ENSG00000165215.6,CLDN3,0.0,0.0,0
ENSG00000196275.13,GTF2IRD2,0.0,0.0,0
ENSG00000158517.13,NCF1,0.0,0.0,0
ENSG00000232729.7,AC083884.8,0.0,0.0,0
ENSG00000263001.5,GTF2I,0.0,0.0,0
ENSG00000006704.10,GTF2IRD1,0.0,0.0,0
ENSG00000106665.15,CLIP2,0.0,0.0,0
ENSG00000049541.10,RFC2,0.0,0.0,0
ENSG00000086730.16,LAT2,0.0,0.0,0
ENSG00000207741.1,MIR590,0.0,0.0,0
ENSG00000106682.14,EIF4H,0.0,0.0,0
ENSG00000106683.14,LIMK1,0.0,0.0,0
ENSG00000232415.1,CTB-51J22.1,0.0,0.0,0
ENSG00000049540.16,ELN,0.0,0.0,0
ENSG00000165171.10,WBSCR27,0.0,7.982941e-06,1
ENSG00000189143.9,CLDN4,0.0,0.0,0
ENSG00000277149.4,TYW1B,0.0,0.0,0
ENSG00000158321.15,AUTS2,0.0,0.0,0
ENSG00000197008.9,ZNF138,0.0,0.0,0
ENSG00000146757.13,ZNF92,0.0,0.0,0
ENSG00000169919.16,GUSB,0.0,0.0,0
ENSG00000196715.5,VKORC1L1,0.0,0.0,0
ENSG00000236529.1,RP13-254B10.1,0.0,0.0,0
ENSG00000275833.1,RP11-479O9.3,0.0,0.0,0
ENSG00000206785.1,SNORA15,0.0,0.0,0
ENSG00000206634.1,SNORA22,0.0,0.0,0
ENSG00000228409.6,CCT6P1,0.0,0.0,0
ENSG00000227113.2,RP11-460N20.4,0.0,0.0,0
ENSG00000106610.14,STAG3L4,0.0,0.0,0
ENSG00000207062.1,SNORA15,0.0,0.0,0
ENSG00000207344.1,SNORA22,0.0,0.0,0
ENSG00000239985.2,RP11-460N20.3,0.0,0.0,0
ENSG00000234585.6,CCT6P3,0.0,0.0,0
ENSG00000213462.4,ERV3-1,0.0,0.0,0
ENSG00000152926.14,ZNF117,0.0,0.0,0
ENSG00000198039.11,ZNF273,0.0,0.0,0
ENSG00000224365.1,RP11-252P18.1,0.0,0.0008876404,1
ENSG00000126522.16,ASL,0.0,0.0,0
ENSG00000241258.6,CRCP,0.0,0.0,0
ENSG00000169902.13,TPST1,0.0,0.0,0
ENSG00000067601.7,PMS2P4,0.0,0.0,0
ENSG00000230358.3,SPDYE21P,0.0,0.0,0
ENSG00000198874.12,TYW1,0.0,0.0,0
ENSG00000126524.9,SBDS,0.0,0.0,0
ENSG00000106609.16,TMEM248,0.0,0.0,0
ENSG00000230295.1,GTF2IP23,0.0,6.609619e-05,1
ENSG00000154710.16,RABGEF1,0.0,0.0,0
ENSG00000284461.1,RABGEF1,0.0,0.0,0
ENSG00000243335.9,KCTD7,0.0,0.0,0
ENSG00000225573.4,RPL35P5,0.0,0.0007355426,1
ENSG00000275400.1,RP4-756H11.5,0.0,0.0,0
ENSG00000229180.6,GS1-124K5.12,0.0,0.0,0
ENSG00000230189.7,GS1-124K5.2,0.0,0.0,0
ENSG00000231234.2,SKP1P1,0.0,0.0,0
ENSG00000251451.1,GTF2IP9,0.0,0.0,0
ENSG00000277072.4,STAG3L2,0.0,0.0,0
ENSG00000123965.13,PMS2P5,0.0,0.0,0
ENSG00000184616.8,SPDYE12P,0.0,0.0,0
ENSG00000214415.3,GNAT3,0.0,0.0,0
ENSG00000229251.3,HNRNPA1P8,0.0,0.0,0
ENSG00000075213.10,SEMA3A,0.0,0.0,0
ENSG00000170381.12,SEMA3E,0.0,0.0,0
ENSG00000186472.19,PCLO,0.0,0.0,0
ENSG00000153956.15,CACNA2D1,0.0,0.0,0
ENSG00000019991.15,HGF,0.0,0.0,0
ENSG00000075223.13,SEMA3C,0.0,0.0,0
ENSG00000135218.17,CD36,0.0,0.0,0
ENSG00000274070.1,GATSL2,0.0,0.0,0
ENSG00000127955.15,GNAI1,0.0,0.0,0
ENSG00000006576.16,PHTF2,0.0,0.0,0
ENSG00000135211.5,TMEM60,0.0,0.0,0
ENSG00000127947.15,PTPN12,0.0,0.0,0
ENSG00000186088.15,GSAP,0.0,0.00029642548,1
ENSG00000127951.6,FGL2,0.0,0.0,0
ENSG00000135205.14,CCDC146,0.0,0.0,0
ENSG00000153993.13,SEMA3D,0.0,0.0,0
ENSG00000164659.14,KIAA1324L,0.0,0.0,0
ENSG00000135164.18,DMTF1,0.0,0.0,0
ENSG00000278236.1,uc_338,0.0,0.0,0
ENSG00000105793.15,GTPBP10,0.0,0.0,0
ENSG00000105792.19,CFAP69,0.0,0.0,0
ENSG00000157214.13,STEAP2,0.0,0.0,0
ENSG00000164647.8,STEAP1,0.0,0.0,0
ENSG00000127954.12,STEAP4,0.0,0.0,0
ENSG00000228113.7,AC003991.3,0.0,0.0,0
ENSG00000254003.1,CTB-167B5.1,0.0,0.0,0
ENSG00000075142.13,SRI,0.0,0.0,0
ENSG00000008277.14,ADAM22,0.0,0.0,0
ENSG00000006634.7,DBF4,0.0,0.0,0
ENSG00000075303.12,SLC25A40,0.0,0.0,0
ENSG00000085563.14,ABCB1,0.0,0.0,0
ENSG00000005471.15,ABCB4,0.0,0.0,0
ENSG00000005469.11,CROT,0.0,0.0,0
ENSG00000135185.11,TMEM243,0.0,0.0,0
ENSG00000213542.3,RP11-467H10.1,0.0,0.0,0
ENSG00000214439.3,FAM185BP,0.0,0.0,0
ENSG00000205482.9,SPDYE18,0.0,0.0,0
ENSG00000201643.1,SNORA14A,0.0,0.0,0
ENSG00000127948.15,POR,0.0,0.0,0
ENSG00000005486.16,RHBDD2,0.0,0.0,0
ENSG00000106178.6,CCL24,0.0,0.0,0
ENSG00000127946.16,HIP1,0.0,0.0,0
ENSG00000127957.17,PMS2P3,0.0,0.0,0
ENSG00000242073.2,AC006014.7,0.0,0.0,0
ENSG00000272391.5,POM121C,0.0,0.0,0
ENSG00000223705.9,NSUN5P1,0.0,0.0,0
ENSG00000178809.11,TRIM73,0.0,0.0,0
ENSG00000205583.13,STAG3L1,0.0,0.0,0
ENSG00000278416.1,PMS2P2,0.0,0.0,0
ENSG00000276840.1,PMS2P10,0.0,0.0008922281,1
ENSG00000277053.4,GTF2IP1,0.0,0.0,0
ENSG00000165178.9,NCF1C,0.0,0.0,0
ENSG00000274523.4,RCC1L,0.0,0.0,0
ENSG00000235090.1,RPL7L1P3,0.0,0.0,0
ENSG00000189077.10,TMEM120A,0.0,0.0,0
ENSG00000233448.2,PMS2P9,0.0,0.0,0
ENSG00000127952.16,STYXL1,0.0,0.0,0
ENSG00000186704.9,DTX2P1,0.0,0.0,0
ENSG00000236280.1,AC114737.3,0.0,0.0,0
ENSG00000231087.2,FDPSP7,0.0,0.0,0
ENSG00000214243.3,AC004980.10,0.0,0.0,0
ENSG00000146707.14,POMZP3,0.0,0.0,0
ENSG00000205485.13,AC004980.7,0.0,0.0,0
ENSG00000185040.13,SPDYE16,0.0,0.0,0
ENSG00000230305.2,AC004980.9,0.0,0.0,0
ENSG00000243566.6,UPK3B,0.0,0.0,0
ENSG00000233980.1,FDPSP2,0.0,0.0,0
ENSG00000091073.19,DTX2,0.0,0.0,0
ENSG00000188372.14,ZP3,0.0,0.0,0
ENSG00000146700.8,SSC4D,0.0,0.0,0
ENSG00000106211.8,HSPB1,0.0,0.0,0
ENSG00000146701.11,MDH2,0.0,0.0,0
ENSG00000182722.5,SEPHS1P1,0.0,0.0,0
ENSG00000196247.11,ZNF107,0.0,0.0,0
ENSG00000180354.15,MTURN,0.0,0.001083486,1
ENSG00000211694.2,TRGV10,0.0,0.0,0
ENSG00000211701.2,TRGV1,0.0,0.0,0
ENSG00000233306.2,TRGV2,0.0,0.0,0
ENSG00000211699.2,TRGV3,0.0,0.0,0
ENSG00000211698.2,TRGV4,0.0,0.0,0
ENSG00000211697.4,TRGV5,0.0,0.0,0
ENSG00000228668.1,TRGV5P,0.0,0.0,0
ENSG00000211696.2,TRGV8,0.0,0.0,0
ENSG00000211689.7,TRGC1,0.0,0.0,0
ENSG00000155849.15,ELMO1,0.0,0.0,0
ENSG00000227191.8,TRGC2,0.0,0.0,0
ENSG00000010270.13,STARD3NL,0.0,0.0,0
ENSG00000106483.11,SFRP4,0.0,0.0,0
ENSG00000086288.11,NME8,0.0,0.0,0
ENSG00000086289.11,EPDR1,0.0,5.8233476e-05,1
ENSG00000187037.8,GPR141,0.0,0.0,0
ENSG00000213744.3,RPS10P14,0.0,0.0011509607,1
ENSG00000078053.16,AMPH,0.0,0.0,0
ENSG00000006715.15,VPS41,0.0,0.0,0
ENSG00000106536.19,POU6F2,0.0,0.0,0
ENSG00000241127.7,YAE1D1,0.0,0.0,0
ENSG00000234983.1,AC010132.11,0.0,0.0,0
ENSG00000106588.10,PSMA2,0.0,0.0,0
ENSG00000136197.12,C7orf25,0.0,0.0,0
ENSG00000213721.3,HMGN2P30,0.0,0.0,0
ENSG00000106571.12,GLI3,0.0,0.0,0
ENSG00000122641.10,INHBA,0.0,0.0,0
ENSG00000175600.15,SUGCT,0.0,0.0,0
ENSG00000168303.6,MPLKIP,0.0,0.0,0
ENSG00000273444.1,RP5-1147A1.2,0.0,0.0,0
ENSG00000065883.14,CDK13,0.0,0.0,0
ENSG00000175741.5,RWDD4P2,0.0,0.0,0
ENSG00000233225.3,AC004987.9,0.0,0.0,0
ENSG00000188185.11,LINC00265,0.0,0.0,0
ENSG00000006451.7,RALA,0.0,0.0,0
ENSG00000236015.1,AC011290.5,0.0,0.0,0
ENSG00000224101.1,ELMO1-AS1,0.0,0.0,0
ENSG00000225739.1,NPM1P18,0.0,0.0,0
ENSG00000173041.11,ZNF680,0.0,0.0,0
ENSG00000106105.13,GARS,0.0,0.0,0
ENSG00000105778.18,AVL9,0.0,0.0,0
ENSG00000106355.9,LSM5,0.0,0.0,0
ENSG00000154678.16,PDE1C,0.0,0.0021222443,1
ENSG00000180347.13,CCDC129,0.0,0.0,0
ENSG00000240583.11,AQP1,0.0,0.0,0
ENSG00000106125.14,MINDY4,0.0,0.0,0
ENSG00000241644.2,INMT,0.0,0.0,0
ENSG00000226874.1,AC005154.8,0.0,0.0,0
ENSG00000136250.11,AOAH,0.0,0.0,0
ENSG00000244480.1,AC005154.7,0.0,0.0,0
ENSG00000006625.17,GGCT,0.0,0.0,0
ENSG00000106100.10,NOD1,0.0,0.0,0
ENSG00000235859.5,AC006978.6,0.0,0.0,0
ENSG00000207771.1,MIR550A1,0.0,1.4995315e-05,1
ENSG00000283237.1,hsa-mir-550a-1,0.0,0.0,0
ENSG00000180233.10,ZNRF2,0.0,0.0,0
ENSG00000229358.3,DPY19L1P1,0.0,0.0,0
ENSG00000283461.1,hsa-mir-550a-2,0.0,0.0,0
ENSG00000207573.1,MIR550A2,0.0,0.0,0
ENSG00000273014.1,RP11-225B17.2,0.0,0.0,0
ENSG00000011426.10,ANLN,0.0,0.0,0
ENSG00000164542.12,KIAA0895,0.0,0.0,0
ENSG00000122547.10,EEPD1,0.0,0.00010406242,1
ENSG00000226102.3,SEPT7P3,0.0,0.0,0
ENSG00000122545.18,7-Sep,0.0,0.0,0
ENSG00000122557.9,HERPUD2,0.0,0.0,0
ENSG00000173852.14,DPY19L1,0.0,0.0,0
ENSG00000164619.8,BMPER,0.0,0.0,0
ENSG00000173862.3,RP11-89N17.1,0.0,0.0,0
ENSG00000122507.20,BBS9,0.0,0.0,0
ENSG00000164610.8,RP9,0.0,0.00020273545,1
ENSG00000122642.10,FKBP9,0.0,0.0,0
ENSG00000205763.13,RP9P,0.0,0.0,0
ENSG00000170852.10,KBTBD2,0.0,0.0,0
ENSG00000231952.3,DPY19L1P2,0.0,0.0,0
ENSG00000106591.3,MRPL32,0.0,0.0,0
ENSG00000002746.14,HECW1,0.0,0.0,0
ENSG00000164543.5,STK17A,0.0,0.0,0
ENSG00000164746.13,C7orf57,0.0,0.0,0
ENSG00000106078.17,COBL,0.0,0.0,0
ENSG00000106070.17,GRB10,0.0,0.0,0
ENSG00000132437.17,DDC,0.0,0.0,0
ENSG00000132436.11,FIGNL1,0.0,0.0,0
ENSG00000185811.16,IKZF1,0.0,0.0,0
ENSG00000179869.14,ABCA13,0.0,0.0,0
ENSG00000183696.13,UPP1,0.0,0.0,0
ENSG00000158683.7,PKD1L1,0.0,0.00029143383,1
ENSG00000106603.18,COA1,0.0,0.0,0
ENSG00000136273.11,HUS1,0.0,0.0,0
ENSG00000136205.16,TNS3,0.0,0.0,0
ENSG00000146674.14,IGFBP3,0.0,0.0,0
ENSG00000272556.2,GTF2IP13,0.0,0.0,0
ENSG00000214765.8,SEPT7P2,0.0,0.0,0
ENSG00000122679.8,RAMP3,0.0,0.0,0
ENSG00000200656.1,SNORA5B,0.0,0.0,0
ENSG00000231490.1,RPL7L1P2,0.0,0.0,0
ENSG00000132432.13,SEC61G,0.0,0.0,0
ENSG00000146648.17,EGFR,0.0,0.0,0
ENSG00000224057.1,EGFR-AS1,0.0,0.0,0
ENSG00000228653.2,HNRNPCP7,0.0,0.0,0
ENSG00000234444.9,ZNF736,0.0,0.0,0
ENSG00000214652.5,ZNF727,0.0,0.0,0
ENSG00000106153.12,CHCHD2,0.0,0.0,0
ENSG00000164776.9,PHKG1,0.0,0.0,0
ENSG00000129103.17,SUMF2,0.0,0.0,0
ENSG00000207168.1,SNORA15,0.0,0.0,0
ENSG00000206603.1,SNORA22,0.0,0.0,0
ENSG00000146731.10,CCT6A,0.0,0.0,0
ENSG00000146733.13,PSPH,0.0,0.0,0
ENSG00000239789.5,MRPS17,0.0,0.0,0
ENSG00000146729.9,GBAS,0.0,0.0,0
ENSG00000178665.14,ZNF713,0.0,0.0,0
ENSG00000226278.1,PSPHP1,0.0,0.0,0
ENSG00000132434.9,LANCL2,0.0,0.0,0
ENSG00000201772.1,SNORA5C,0.0,0.0,0
ENSG00000206838.1,SNORA5A,0.0,0.0,0
ENSG00000136270.13,TBRG4,0.0,0.0,0
ENSG00000122678.16,POLM,0.0,0.0,0
ENSG00000164708.5,PGAM2,0.0,0.0,0
ENSG00000136279.20,DBNL,0.0,0.0,0
ENSG00000235314.1,LINC00957,0.0,0.0,0
ENSG00000228903.7,RASA4CP,0.0,0.0,0
ENSG00000272655.2,POLR2J4,0.0,0.0,0
ENSG00000228434.1,AC004951.6,0.0,0.0,0
ENSG00000136206.3,SPDYE1,0.0,0.0,0
ENSG00000239556.3,AC004951.5,0.0,0.0,0
ENSG00000241057.2,AC004985.12,0.0,0.0,0
ENSG00000078967.12,UBE2D4,0.0,0.0,0
ENSG00000237972.1,TUBG1P,0.0,0.0,0
ENSG00000106608.16,URGCP,0.0,0.0,0
ENSG00000062582.13,MRPS24,0.0,0.0,0
ENSG00000229497.1,AC005189.6,0.0,0.0,0
ENSG00000106605.10,BLVRA,0.0,0.0,0
ENSG00000239775.1,AC017116.11,0.0,0.0,0
ENSG00000106624.10,AEBP1,0.0,0.0,0
ENSG00000136274.8,NACAD,0.0,0.0,0
ENSG00000106628.10,POLD2,0.0,0.0,0
ENSG00000136280.15,CCM2,0.0,0.0,0
ENSG00000277184.1,SNORA9,0.0,0.0,0
ENSG00000136286.14,MYO1G,0.0,0.0,0
ENSG00000272768.1,RP4-673M15.1,0.0,0.0,0
ENSG00000146676.8,PURB,0.0,0.0,0
ENSG00000105968.18,H2AFV,0.0,0.0,0
ENSG00000196262.13,PPIA,0.0,0.0,0
ENSG00000122515.14,ZMIZ2,0.0,0.0,0
ENSG00000105953.14,OGDH,0.0,0.0,0
ENSG00000158604.14,TMED4,0.0,0.0,0
ENSG00000136271.10,DDX56,0.0,0.0,0
ENSG00000015520.14,NPC1L1,0.0,0.0,0
ENSG00000146677.7,AC004453.8,0.0,0.0,0
ENSG00000015676.17,NUDCD3,0.0,0.0,0
ENSG00000106636.7,YKT6,0.0,0.0,0
ENSG00000189007.15,ADAT2,0.0,0.0,0
ENSG00000146416.17,AIG1,0.0,0.0,0
ENSG00000146112.11,PPP1R18,0.0,0.0,0
ENSG00000112212.11,TSPO2,0.0,0.0,0
ENSG00000112561.17,TFEB,0.0,0.0,0
ENSG00000112559.13,MDFI,0.0,0.0,0
ENSG00000137166.14,FOXP4,0.0,0.0,0
ENSG00000095970.16,TREM2,0.0,0.0,0
ENSG00000161911.11,TREML1,0.0,0.0016322447,1
ENSG00000001167.14,NFYA,0.0,0.0,0
ENSG00000124701.5,APOBEC2,0.0,0.0,0
ENSG00000124596.16,OARD1,0.0,0.0,0
ENSG00000183826.16,BTBD9,0.0,0.0,0
ENSG00000124602.9,UNC5CL,0.0,0.0,0
ENSG00000180211.5,RP1-278E11.3,0.0,0.0,0
ENSG00000124615.17,MOCS1,0.0,0.0,0
ENSG00000235033.7,RP11-61I13.3,0.0,0.0,0
ENSG00000146122.16,DAAM2,0.0,0.0013951772,1
ENSG00000124780.13,KCNK17,0.0,0.0,0
ENSG00000164626.8,KCNK5,0.0,0.0,0
ENSG00000096088.16,PGC,0.0,0.0,0
ENSG00000137218.10,FRS3,0.0,0.0,0
ENSG00000124593.15,RP11-298J23.10,0.0,0.0,0
ENSG00000278224.5,PRICKLE4,0.0,0.0,0
ENSG00000146223.14,RPL7L1,0.0,0.0,0
ENSG00000112624.12,GLTSCR1L,0.0,0.0,0
ENSG00000124659.6,TBCC,0.0,0.00015575362,1
ENSG00000112619.7,PRPH2,0.0,0.0,0
ENSG00000024048.10,UBR2,0.0,0.0,0
ENSG00000124496.12,TRERF1,0.0,0.0,0
ENSG00000048544.5,MRPS10,0.0,0.0,0
ENSG00000112599.8,GUCA1B,0.0,0.0,0
ENSG00000188112.8,C6orf132,0.0,0.0005284558,1
ENSG00000137413.15,TAF8,0.0,0.0,0
ENSG00000112576.12,CCND3,0.0,0.0,0
ENSG00000112578.9,BYSL,0.0,0.0,0
ENSG00000124641.15,MED20,0.0,0.0,0
ENSG00000164663.14,USP49,0.0,0.0,0
ENSG00000214736.7,TOMM6,0.0,0.0,0
ENSG00000124767.6,GLO1,0.0,0.0,0
ENSG00000156639.11,ZFAND3,0.0,0.0,0
ENSG00000181524.6,RPL24P4,0.0,0.0,0
ENSG00000157343.8,ARMC12,0.0,0.0,0
ENSG00000096070.19,BRPF3,0.0,0.0,0
ENSG00000156711.16,MAPK13,0.0,0.0,0
ENSG00000237719.1,RP1-179N16.3,0.0,0.0,0
ENSG00000112062.10,MAPK14,0.0,0.0,0
ENSG00000112053.13,SLC26A8,0.0,0.0,0
ENSG00000096063.15,SRPK1,0.0,0.0011143629,2
ENSG00000204140.9,CLPSL1,0.0,0.00082239637,1
ENSG00000212579.1,SNORA40,0.0,0.0,0
ENSG00000112139.14,MDGA1,0.0,0.0,0
ENSG00000096060.14,FKBP5,0.0,0.0,0
ENSG00000219023.1,RP3-340B19.2,0.0,0.0,0
ENSG00000112041.12,TULP1,0.0,0.0,0
ENSG00000007866.19,TEAD3,0.0,0.0,0
ENSG00000198755.10,RPL10A,0.0,0.0,0
ENSG00000112039.3,FANCE,0.0,0.0,0
ENSG00000112033.13,PPARD,0.0,0.0,0
ENSG00000010030.13,ETV7,0.0,0.0,0
ENSG00000112078.13,KCTD20,0.0,0.0,0
ENSG00000112079.8,STK38,0.0,0.0,0
ENSG00000112081.16,SRSF3,0.0,0.0,0
ENSG00000198937.8,CCDC167,0.0,0.0,0
ENSG00000137200.12,CMTR1,0.0,0.0,0
ENSG00000239953.3,RN7SL273P,0.0,0.0,0
ENSG00000112130.16,RNF8,0.0,0.0,0
ENSG00000275550.1,RP4-744I24.4,0.0,0.0,0
ENSG00000065491.8,TBC1D22B,0.0,0.0,0
ENSG00000137193.13,PIM1,0.0,0.0,0
ENSG00000226976.3,COX6A1P2,0.0,0.0,0
ENSG00000146192.14,FGD2,0.0,0.0,0
ENSG00000137409.19,MTCH1,0.0,0.0,0
ENSG00000164530.13,PI16,0.0,0.0,0
ENSG00000198663.16,C6orf89,0.0,0.0,0
ENSG00000137168.7,PPIL1,0.0,0.0,0
ENSG00000124772.11,CPNE5,0.0,0.0,0
ENSG00000124762.13,CDKN1A,0.0,0.0,0
ENSG00000137161.16,CNPY3,0.0,0.0,0
ENSG00000124713.5,GNMT,0.0,0.0,0
ENSG00000010818.9,HIVEP2,0.0,0.0,0
ENSG00000153291.15,SLC25A27,0.0,0.0,0
ENSG00000216813.1,RP11-812I20.2,0.0,0.0,0
ENSG00000198087.7,CD2AP,0.0,0.0003108438,1
ENSG00000146072.6,TNFRSF21,0.0,0.0,0
ENSG00000153292.15,ADGRF1,0.0,0.0,0
ENSG00000069122.18,ADGRF5,0.0,0.0,0
ENSG00000146070.16,PLA2G7,0.0,0.0,0
ENSG00000180113.15,TDRD6,0.0,0.0,0
ENSG00000146233.7,CYP39A1,0.0,0.0,0
ENSG00000124608.4,AARS2,0.0,0.0,0
ENSG00000172348.14,RCAN2,0.0,0.0,0
ENSG00000112796.9,ENPP5,0.0,0.0,0
ENSG00000001561.6,ENPP4,0.0,0.0,0
ENSG00000112782.15,CLIC5,0.0,0.0,0
ENSG00000124813.20,RUNX2,0.0,0.0,0
ENSG00000196284.15,SUPT3H,0.0,0.0,0
ENSG00000096401.7,CDC5L,0.0,0.0,0
ENSG00000153294.11,ADGRF4,0.0,0.0,0
ENSG00000244694.7,PTCHD4,0.0,0.0,0
ENSG00000146085.7,MUT,0.0,0.00029252257,1
ENSG00000031691.6,CENPQ,0.0,0.0,0
ENSG00000202198.1,7SK,0.0,0.0,0
ENSG00000170899.10,GSTA4,0.0,0.0,0
ENSG00000243955.5,GSTA1,0.0,0.00034784758,1
ENSG00000244067.2,GSTA2,0.0,0.0,0
ENSG00000096092.5,TMEM14A,0.0,0.0,0
ENSG00000065308.4,TRAM2,0.0,0.0,0
ENSG00000096093.15,EFHC1,0.0,0.0,0
ENSG00000170915.8,PAQR8,0.0,0.0,0
ENSG00000112118.18,MCM3,0.0,0.0,0
ENSG00000170927.14,PKHD1,0.0,0.0,0
ENSG00000230204.1,FTH1P5,0.0,0.0,0
ENSG00000008196.12,TFAP2B,0.0,0.0,0
ENSG00000008197.4,TFAP2D,0.0,0.0,0
ENSG00000096006.11,CRISP3,0.0,0.0,0
ENSG00000197261.11,C6orf141,0.0,0.0,0
ENSG00000249481.6,SPATS1,0.0,0.0,0
ENSG00000178233.17,TMEM151B,0.0,0.0,0
ENSG00000124587.13,PEX6,0.0,0.0,0
ENSG00000112659.13,CUL9,0.0,0.0,0
ENSG00000171462.14,DLK2,0.0,0.0,0
ENSG00000124574.14,ABCC10,0.0,0.0,0
ENSG00000220614.1,RP11-480N24.4,0.0,0.0,0
ENSG00000171467.15,ZNF318,0.0,0.0,0
ENSG00000146215.13,CRIP3,0.0,0.0,0
ENSG00000112667.12,DNPH1,0.0,0.0,0
ENSG00000245261.1,RP3-330M21.5,0.0,0.0,0
ENSG00000112658.7,SRF,0.0,0.0005397231,1
ENSG00000146232.15,NFKBIE,0.0,0.0,0
ENSG00000112655.15,PTK7,0.0,0.0,0
ENSG00000272170.1,RP11-387M24.5,0.0,0.0,0
ENSG00000112651.11,MRPL2,0.0,0.0,0
ENSG00000044090.8,CUL7,0.0,0.0,0
ENSG00000124541.6,RRP36,0.0,0.0,0
ENSG00000124702.17,KLHDC3,0.0,0.0,0
ENSG00000112640.14,PPP2R5D,0.0,0.0,0
ENSG00000137221.14,TJAP1,0.0,0.0,0
ENSG00000171453.17,POLR1C,0.0,0.0,0
ENSG00000137207.11,YIPF3,0.0,0.0,0
ENSG00000271754.1,RP3-337H4.9,0.0,0.0,0
ENSG00000157593.18,SLC35B2,0.0,0.0,0
ENSG00000096384.19,HSP90AB1,0.0,0.0,0
ENSG00000112759.16,SLC29A1,0.0,0.0,0
ENSG00000137216.18,TMEM63B,0.0,0.0,0
ENSG00000180992.6,MRPL14,0.0,0.0,0
ENSG00000181577.15,C6orf223,0.0,0.0,0
ENSG00000272114.1,RP1-261G23.7,0.0,0.0,0
ENSG00000112715.21,VEGFA,0.0,0.0002434847,1
ENSG00000096080.11,MRPS18A,0.0,0.0,0
ENSG00000172426.15,RSPH9,0.0,0.0,0
ENSG00000124688.13,MAD2L1BP,0.0,0.0,0
ENSG00000170734.11,POLH,0.0,0.0,0
ENSG00000271970.1,RP3-337H4.10,0.0,0.0005461486,1
ENSG00000219470.1,RP3-337H4.6,0.0,0.0,0
ENSG00000124571.17,XPO5,0.0,0.0,0
ENSG00000023892.10,DEF6,0.0,0.0,0
ENSG00000065029.14,ZNF76,0.0,0.0,0
ENSG00000146197.8,SCUBE3,0.0,0.0,0
ENSG00000204420.8,MPIG6B,0.0,0.0,0
ENSG00000204396.10,VWA7,0.0,0.0,0
ENSG00000235663.1,SAPCD1-AS1,0.0,0.0,0
ENSG00000228727.8,SAPCD1,0.0,0.0,0
ENSG00000204410.14,MSH5,0.0,0.0,0
ENSG00000213719.8,CLIC1,0.0,0.0,0
ENSG00000213722.8,DDAH2,0.0,0.0,0
ENSG00000204421.2,LY6G6C,0.0,0.0,0
ENSG00000204427.11,ABHD16A,0.0,0.0,0
ENSG00000204472.12,AIF1,0.0,0.0,0
ENSG00000240053.8,LY6G5B,0.0,0.0,0
ENSG00000204435.13,CSNK2B,0.0,0.0,0
ENSG00000204438.10,GPANK1,0.0,0.0,0
ENSG00000204439.3,C6orf47,0.0,0.0,0
ENSG00000204444.10,APOM,0.0,0.0,0
ENSG00000204463.12,BAG6,0.0,0.0,0
ENSG00000200816.1,SNORA38,0.0,0.0,0
ENSG00000204394.12,VARS,0.0,0.0,0
ENSG00000204392.10,LSM2,0.0,0.0,0
ENSG00000204390.9,HSPA1L,0.0,0.0,0
ENSG00000204388.6,HSPA1B,0.0,0.0,0
ENSG00000244731.7,C4A,0.0,0.0,0
ENSG00000204344.14,STK19,0.0,0.0,0
ENSG00000204348.9,DXO,0.0,0.0,0
ENSG00000204351.11,SKIV2L,0.0,0.0,0
ENSG00000284446.1,MIR1236,0.0,0.0,0
ENSG00000204356.13,NELFE,0.0,0.0,0
ENSG00000243649.8,CFB,0.0,0.0,0
ENSG00000204366.3,ZBTB12,0.0,0.0,0
ENSG00000166278.14,C2,0.0,0.0,0
ENSG00000204371.11,EHMT2,0.0,0.0,0
ENSG00000204385.10,SLC44A4,0.0,0.0,0
ENSG00000204386.10,NEU1,0.0,0.0,0
ENSG00000201754.1,SNORD52,0.0,0.0,0
ENSG00000201823.1,SNORD48,0.0,0.0,0
ENSG00000204387.12,C6orf48,0.0,0.0,0
ENSG00000204469.12,PRRC2A,0.0,0.0,0
ENSG00000204475.9,NCR3,0.0,0.0,0
ENSG00000273870.1,RP11-174N3.4,0.0,0.0,0
ENSG00000213780.10,GTF2H4,0.0,0.0,0
ENSG00000204540.10,PSORS1C1,0.0,0.0,0
ENSG00000204542.2,C6orf15,0.0,0.0,0
ENSG00000261272.1,MUC22,0.0,0.0,0
ENSG00000204544.5,MUC21,0.0,0.00029595237,1
ENSG00000168631.12,DPCR1,0.0,0.0,0
ENSG00000196260.4,SFTA2,0.0,0.0,0
ENSG00000137411.16,VARS2,0.0,0.0,0
ENSG00000204580.13,DDR1,0.0,0.0,0
ENSG00000204482.10,LST1,0.0,0.0,0
ENSG00000137331.11,IER3,0.0,0.0,0
ENSG00000137312.14,FLOT1,0.0,0.0,0
ENSG00000272540.1,XXbac-BPG252P9.9,0.0,0.0,0
ENSG00000196230.12,TUBB,0.0,0.0,0
ENSG00000224328.1,MDC1-AS1,0.0,0.0,0
ENSG00000137337.14,MDC1,0.0,0.0,0
ENSG00000137404.14,NRM,0.0,0.0,0
ENSG00000204539.3,CDSN,0.0,0.0,0
ENSG00000204536.13,CCHCR1,0.0,0.0,0
ENSG00000137310.11,TCF19,0.0,0.0,0
ENSG00000204531.17,POU5F1,0.0,2.7972317e-05,1
ENSG00000227507.2,LTB,0.0,0.0,0
ENSG00000232810.3,TNF,0.0,3.282983e-05,1
ENSG00000226979.8,LTA,0.0,0.002427976,1
ENSG00000204498.10,NFKBIL1,0.0,0.0,0
ENSG00000213760.10,ATP6V1G2,0.0,0.0,0
ENSG00000265236.1,SNORD84,0.0,0.0,0
ENSG00000201785.1,SNORD117,0.0,0.0,0
ENSG00000198563.13,DDX39B,0.0,0.0,0
ENSG00000206337.10,HCP5,0.0,0.0,0
ENSG00000204520.12,MICA,0.0,0.0,0
ENSG00000271581.1,XXbac-BPG248L24.12,0.0,0.0,0
ENSG00000227939.1,RPL3P2,0.0,0.0,0
ENSG00000234745.10,HLA-B,0.0,0.00042327336,1
ENSG00000204525.16,HLA-C,0.0,0.0,0
ENSG00000206344.7,HCG27,0.0,0.0,0
ENSG00000204338.8,CYP21A1P,0.0,0.0,0
ENSG00000224389.8,C4B,0.0,0.0,0
ENSG00000231852.6,CYP21A2,0.0,0.0,0
ENSG00000237649.7,KIFC1,0.0,0.0,0
ENSG00000213588.5,ZBTB9,0.0,0.0,0
ENSG00000284256.1,MIR5004,0.0,0.0,0
ENSG00000274259.2,XXbac-BPG294E21.9,0.0,0.0,0
ENSG00000197283.14,SYNGAP1,0.0,0.0,0
ENSG00000112514.15,CUTA,0.0,0.0,0
ENSG00000112511.17,PHF1,0.0,0.0,0
ENSG00000204194.1,RPL12P1,0.0,0.0,0
ENSG00000204209.11,DAXX,0.0,0.0,0
ENSG00000168477.17,TNXB,0.0,0.0,0
ENSG00000236104.2,ZBTB22,0.0,0.0,0
ENSG00000231925.11,TAPBP,0.0,0.0,0
ENSG00000237441.9,RGL2,0.0,0.0,0
ENSG00000204220.11,PFDN6,0.0,0.0,0
ENSG00000227057.9,WDR46,0.0,0.0,0
ENSG00000235863.3,B3GALT4,0.0,0.0,0
ENSG00000223501.8,VPS52,0.0,0.0,0
ENSG00000030110.12,BAK1,0.0,0.0,0
ENSG00000096433.10,ITPR3,0.0,0.0,0
ENSG00000137288.9,UQCC2,0.0,0.0,0
ENSG00000161896.11,IP6K3,0.0,0.0,0
ENSG00000187762.5,HSPE1P11,0.0,0.0,0
ENSG00000064999.13,ANKS1A,0.0,0.0,0
ENSG00000065060.16,UHRF1BP1,0.0,0.00081341,1
ENSG00000217130.1,RP3-375P9.2,0.0,0.0,0
ENSG00000272288.5,RP11-140K17.3,0.0,0.0,0
ENSG00000216636.1,RPL7P25,0.0,0.0,0
ENSG00000196821.9,C6orf106,0.0,1.2569496e-05,1
ENSG00000124664.10,SPDEF,0.0,0.0,0
ENSG00000124507.10,PACSIN1,0.0,0.0,0
ENSG00000124614.13,RPS10,0.0,0.0,0
ENSG00000272325.1,NUDT3,0.0,0.0,0
ENSG00000220583.1,RPL35P2,0.0,0.0,0
ENSG00000186577.12,C6orf1,0.0,0.0,0
ENSG00000137309.19,HMGA1,0.0,0.0,0
ENSG00000161904.11,LEMD2,0.0,0.0,0
ENSG00000232940.5,HCG25,0.0,0.0,0
ENSG00000204227.4,RING1,0.0,0.0,0
ENSG00000204228.3,HSD17B8,0.0,0.0,0
ENSG00000237541.3,HLA-DQA2,0.0,0.0,0
ENSG00000196126.11,HLA-DRB1,0.0,0.0,0
ENSG00000229391.7,HLA-DRB6,0.0,0.0,0
ENSG00000198502.5,HLA-DRB5,0.0,0.0,0
ENSG00000204287.13,HLA-DRA,0.0,0.0,0
ENSG00000237285.1,HNRNPA1P2,0.0,0.0,0
ENSG00000204296.11,C6orf10,0.0,0.0,0
ENSG00000204301.6,NOTCH4,0.0,0.0,0
ENSG00000213654.9,GPSM3,0.0,0.0,0
ENSG00000204304.11,PBX2,0.0,0.0,0
ENSG00000204305.13,AGER,0.0,0.0,0
ENSG00000204308.7,RNF5,0.0,0.0,0
ENSG00000204310.12,AGPAT1,0.0,0.0,0
ENSG00000241404.6,EGFL8,0.0,0.0,0
ENSG00000204315.3,FKBPL,0.0,0.0,0
ENSG00000213676.10,ATF6B,0.0,0.0,0
ENSG00000179344.16,HLA-DQB1,0.0,0.0,0
ENSG00000232629.8,HLA-DQB2,0.0,0.0,0
ENSG00000112473.17,SLC39A7,0.0,0.0,0
ENSG00000241106.6,HLA-DOB,0.0,0.0,0
ENSG00000204231.10,RXRB,0.0,0.0,0
ENSG00000204248.10,COL11A2,0.0,0.0,0
ENSG00000224796.1,RPL32P1,0.0,0.0,0
ENSG00000223865.10,HLA-DPB1,0.0,0.000101790516,1
ENSG00000231389.7,HLA-DPA1,0.0,0.0,0
ENSG00000204252.13,HLA-DOA,0.0,0.0,0
ENSG00000263756.1,XXbac-BPG181M17.6,0.0,0.0,0
ENSG00000204256.12,BRD2,0.0,0.0,0
ENSG00000204257.14,HLA-DMA,0.0,0.0,0
ENSG00000242574.8,HLA-DMB,0.0,0.0,0
ENSG00000168394.10,TAP1,0.0,0.0,0
ENSG00000240065.7,PSMB9,0.0,0.0017315324,2
ENSG00000204261.8,PSMB8-AS1,0.0,0.0,0
ENSG00000204264.8,PSMB8,0.0,0.0,0
ENSG00000204267.13,TAP2,0.0,0.0,0
ENSG00000112144.15,ICK,0.0,0.0,0
ENSG00000112146.16,FBXO9,0.0,0.0,0
ENSG00000012660.13,ELOVL5,0.0,0.0,0
ENSG00000164465.18,DCBLD1,0.0,0.0,0
ENSG00000111877.17,MCM9,0.0,0.0,0
ENSG00000198523.5,PLN,0.0,0.0,0
ENSG00000169075.7,RP3-509L4.3,0.0,0.0,0
ENSG00000111860.13,CEP85L,0.0,0.0,0
ENSG00000230202.1,RP11-632C17__A.1,0.0,0.0,0
ENSG00000153989.7,NUS1,0.0,0.0,0
ENSG00000047932.13,GOPC,0.0,0.0003272331,1
ENSG00000047936.10,ROS1,0.0,0.0,0
ENSG00000233558.1,RP3-486I3.4,0.0,0.0,0
ENSG00000183807.7,FAM162B,0.0,0.0,0
ENSG00000196911.10,KPNA5,0.0,0.0,0
ENSG00000153975.9,ZUFSP,0.0,0.0,0
ENSG00000111834.12,RSPH4A,0.0,0.0,0
ENSG00000111832.12,RWDD1,0.0,0.0,0
ENSG00000188820.12,FAM26F,0.0,0.0,0
ENSG00000217241.1,CBX3P9,0.0,0.0,0
ENSG00000111875.7,ASF1A,0.0,0.0,0
ENSG00000253194.1,RP11-351A11.1,0.0,0.0,0
ENSG00000111879.18,FAM184A,0.0,0.0,0
ENSG00000111885.6,MAN1A1,0.0,0.0,0
ENSG00000111911.6,HINT3,0.0,0.0,0
ENSG00000111912.19,NCOA7,0.0,0.0,0
ENSG00000135547.8,HEY2,0.0,0.0,0
ENSG00000111906.17,HDDC2,0.0,0.0,0
ENSG00000111907.20,TPD52L1,0.0,0.0,0
ENSG00000146373.16,RNF217,0.0,0.0,0
ENSG00000236548.1,RNF217-AS1,0.0,0.0,0
ENSG00000186439.12,TRDN,0.0,0.0,0
ENSG00000172594.12,SMPDL3A,0.0,0.0,0
ENSG00000164434.11,FABP7,0.0,0.0,0
ENSG00000135549.14,PKIB,0.0,0.0,0
ENSG00000111897.6,SERINC1,0.0,0.0,0
ENSG00000025156.12,HSF2,0.0,0.0,0
ENSG00000152661.7,GJA1,0.0,0.0,0
ENSG00000146350.13,TBC1D32,0.0,0.0,0
ENSG00000189241.6,TSPYL1,0.0,0.0,0
ENSG00000111817.16,DSE,0.0,0.00031792664,1
ENSG00000080546.13,SESN1,0.0,0.0,0
ENSG00000155085.15,AK9,0.0,0.0,0
ENSG00000197498.12,RPF2,0.0,0.0,0
ENSG00000155115.6,GTF3C6,0.0,0.0,0
ENSG00000123505.15,AMD1,0.0,0.0,0
ENSG00000203797.9,DDO,0.0,0.0,0
ENSG00000053328.8,METTL24,0.0,0.0,0
ENSG00000112290.12,WASF1,0.0,0.0,0
ENSG00000112367.10,FIG4,0.0,0.0,0
ENSG00000112365.4,ZBTB24,0.0,0.0,0
ENSG00000187189.10,TSPYL4,0.0,0.0,0
ENSG00000135596.17,MICAL1,0.0,0.0,0
ENSG00000135587.8,SMPD2,0.0,0.0,0
ENSG00000185250.15,PPIL6,0.0,0.0,0
ENSG00000135535.15,CD164,0.0,0.0,0
ENSG00000218632.3,RPL7P28,0.0,0.00024457253,1
ENSG00000203799.12,CCDC162P,0.0,0.0,0
ENSG00000183137.14,CEP57L1,0.0,0.0,0
ENSG00000112394.16,SLC16A10,0.0,0.00087867334,2
ENSG00000173214.5,MFSD4B,0.0,0.0,0
ENSG00000009413.15,REV3L,0.0,0.0,0
ENSG00000272356.1,RP5-1112D6.8,0.0,7.0769114e-05,1
ENSG00000123500.9,COL10A1,0.0,0.0,0
ENSG00000178425.13,NT5DC1,0.0,0.0,0
ENSG00000186743.2,TPI1P3,0.0,0.00015069489,1
ENSG00000111816.7,FRK,0.0,0.0,0
ENSG00000196591.11,HDAC2,0.0,0.0,0
ENSG00000277443.2,MARCKS,0.0,0.0,0
ENSG00000218208.1,RPS27AP11,0.0,0.0,0
ENSG00000237234.7,RP1-142L7.5,0.0,0.0,0
ENSG00000112769.18,LAMA4,0.0,0.0,0
ENSG00000203778.7,FAM229B,0.0,0.0,0
ENSG00000074935.13,TUBE1,0.0,0.0,0
ENSG00000010810.17,FYN,0.0,0.0,0
ENSG00000056972.18,TRAF3IP2,0.0,0.0,0
ENSG00000231889.7,TRAF3IP2-AS1,0.0,0.0,0
ENSG00000218676.1,BRD7P4,0.0,0.0,0
ENSG00000066651.18,TRMT11,0.0,0.0,0
ENSG00000213133.4,PPP1R14BP5,0.0,0.0,0
ENSG00000203760.8,CENPW,0.0,0.00043830354,1
ENSG00000146410.11,MTFR2,0.0,0.0,0
ENSG00000016402.13,IL20RA,0.0,0.0,0
ENSG00000182747.4,SLC35D3,0.0,0.0,0
ENSG00000112357.12,PEX7,0.0,0.0,0
ENSG00000197442.9,MAP3K5,0.0,0.0,0
ENSG00000216613.2,RP3-406A7.5,0.0,0.00049426075,1
ENSG00000135525.18,MAP7,0.0,0.0,0
ENSG00000029363.16,BCLAF1,0.0,0.0,0
ENSG00000171408.13,PDE7B,0.0,0.0,0
ENSG00000118518.15,RNF146,0.0,0.0,0
ENSG00000135541.20,AHI1,0.0,0.0,0
ENSG00000236703.1,MYB-AS1,0.0,0.0,0
ENSG00000118513.18,MYB,0.0,0.0,0
ENSG00000112339.14,HBS1L,0.0,0.0,0
ENSG00000118515.11,SGK1,0.0,0.0,0
ENSG00000146411.5,SLC2A12,0.0,0.0,0
ENSG00000028839.9,TBPL1,0.0,0.0,0
ENSG00000027697.13,IFNGR1,0.0,0.0,0
ENSG00000118503.14,TNFAIP3,0.0,0.0,0
ENSG00000112378.11,PERP,0.0,0.0,0
ENSG00000112379.8,ARFGEF3,0.0,0.0,0
ENSG00000233138.1,RP1-67K17.3,0.0,0.0,0
ENSG00000112414.14,ADGRG6,0.0,0.0,0
ENSG00000009844.15,VTA1,0.0,0.0,0
ENSG00000164442.9,CITED2,0.0,0.0,0
ENSG00000164440.14,TXLNB,0.0,0.0,0
ENSG00000231329.7,RP1-225E12.2,0.0,0.0,0
ENSG00000112406.4,HECA,0.0,0.0,0
ENSG00000146386.7,ABRACL,0.0,0.0,0
ENSG00000135597.18,REPS1,0.0,0.0,0
ENSG00000203734.11,ECT2L,0.0,0.0,0
ENSG00000024862.17,CCDC28A,0.0,0.002116184,2
ENSG00000216802.1,RP11-390P2.2,0.0,0.0,0
ENSG00000135540.11,NHSL1,0.0,0.0,0
ENSG00000051620.10,HEBP2,0.0,0.0,0
ENSG00000254440.3,PBOV1,0.0,0.0,0
ENSG00000118526.6,TCF21,0.0,0.0,0
ENSG00000227954.6,TARID,0.0,0.0,0
ENSG00000112319.17,EYA4,0.0,0.0,0
ENSG00000079819.18,EPB41L2,0.0,0.0,0
ENSG00000164483.16,SAMD3,0.0,0.0,0
ENSG00000227678.7,RP11-73O6.3,0.0,0.0,0
ENSG00000198945.7,L3MBTL3,0.0,0.0,0
ENSG00000146376.10,ARHGAP18,0.0,0.0,0
ENSG00000233351.1,RP1-69D17.3,0.0,0.0,0
ENSG00000219642.2,BMPR1APS1,0.0,0.0,0
ENSG00000220884.2,MESTP1,0.0,0.0,0
ENSG00000196569.11,LAMA2,0.0,0.0,0
ENSG00000227945.1,RP11-103C16.2,0.0,0.0,0
ENSG00000152894.14,PTPRK,0.0,0.0,0
ENSG00000172673.10,THEMIS,0.0,0.0,0
ENSG00000184530.8,C6orf58,0.0,0.0,0
ENSG00000214338.10,SOGA3,0.0,0.0,0
ENSG00000213131.3,YWHAZP4,0.0,0.0,0
ENSG00000093144.18,ECHDC1,0.0,0.0,0
ENSG00000164484.11,TMEM200A,0.0,0.0,0
ENSG00000118507.15,AKAP7,0.0,0.0,0
ENSG00000200534.1,SNORA33,0.0,0.0,0
ENSG00000118520.14,ARG1,0.0,0.0,0
ENSG00000221500.1,SNORD100,0.0,0.0,0
ENSG00000112306.7,RPS12,0.0,0.0,0
ENSG00000146409.10,SLC18B1,0.0,0.0,0
ENSG00000093134.14,VNN3,0.0,0.0,0
ENSG00000112299.7,VNN1,0.0,0.0,0
ENSG00000079950.13,STX7,0.0,0.0,0
ENSG00000079931.14,MOXD1,0.0,0.0,0
ENSG00000227220.1,RP11-69I8.3,0.0,0.0,0
ENSG00000118523.5,CTGF,0.0,0.00014535477,1
ENSG00000219532.2,RP3-323K23.3,0.0,0.0,0
ENSG00000197594.11,ENPP1,0.0,0.00029895856,1
ENSG00000236761.5,CTAGE9,0.0,0.0,0
ENSG00000180658.3,OR2A4,0.0,8.089279e-05,1
ENSG00000154269.14,ENPP3,0.0,0.0,0
ENSG00000112282.17,MED23,0.0,0.0,0
ENSG00000271730.1,RP11-787I22.3,0.0,0.0,0
ENSG00000228834.1,RP11-249L21.4,0.0,0.0022216404,1
ENSG00000001084.10,GCLC,0.0,0.0,0
ENSG00000135297.15,MTO1,0.0,0.0,0
ENSG00000118407.14,FILIP1,0.0,0.0,0
ENSG00000112697.15,TMEM30A,0.0,0.0,0
ENSG00000112695.11,COX7A2,0.0,0.0,0
ENSG00000156535.13,CD109,0.0,0.0,0
ENSG00000119899.12,SLC17A5,0.0,0.0,0
ENSG00000156508.17,EEF1A1,0.0,0.0,0
ENSG00000223821.1,RP11-505P4.6,0.0,0.0,0
ENSG00000164430.15,MB21D1,0.0,0.0,0
ENSG00000221345.2,U3,0.0,0.0,0
ENSG00000080007.7,DDX43,0.0,0.0002883268,1
ENSG00000235174.1,RPL39P3,0.0,0.0,0
ENSG00000203907.9,OOEP,0.0,0.0,0
ENSG00000234882.1,EIF3EP1,0.0,0.0,0
ENSG00000239626.1,RPSAP41,0.0,0.0,0
ENSG00000185760.15,KCNQ5,0.0,0.0,0
ENSG00000079841.18,RIMS1,0.0,0.0004996793,1
ENSG00000217680.1,UBE2V1P15,0.0,0.0,0
ENSG00000112701.17,SENP6,0.0,0.0,0
ENSG00000196586.13,MYO6,0.0,0.0,0
ENSG00000146243.13,IRAK1BP1,0.0,0.0,0
ENSG00000013392.7,RWDD2A,0.0,0.0,0
ENSG00000013375.15,PGM3,0.0,0.0025658743,1
ENSG00000083097.14,DOPEY1,0.0,0.0,0
ENSG00000118420.16,UBE3D,0.0,0.0,0
ENSG00000146242.8,TPBG,0.0,0.0,0
ENSG00000005700.14,IBTK,0.0,0.0,0
ENSG00000112773.15,FAM46A,0.0,0.0,0
ENSG00000219547.1,RPL17P25,0.0,0.0,0
ENSG00000112742.9,TTK,0.0,0.0,0
ENSG00000218582.2,GAPDHP63,0.0,0.0,0
ENSG00000118402.5,ELOVL4,0.0,0.0002015578,1
ENSG00000198478.7,SH3BGRL2,0.0,1.8031056e-05,1
ENSG00000135338.13,LCA5,0.0,0.0,0
ENSG00000118418.14,HMGN3,0.0,0.0,0
ENSG00000146247.13,PHIP,0.0,0.0,0
ENSG00000119900.7,OGFRL1,0.0,0.0,0
ENSG00000112309.10,B3GAT2,0.0,0.0,0
ENSG00000118690.12,ARMC2,0.0,0.0,0
ENSG00000216854.2,RPL17P26,0.0,0.0,0
ENSG00000112210.11,RAB23,0.0,0.0,0
ENSG00000112208.11,BAG2,0.0,0.0,0
ENSG00000226803.7,RP11-203B9.4,0.0,0.0,0
ENSG00000112200.16,ZNF451,0.0,0.0,0
ENSG00000168116.13,KIAA1586,0.0,0.0,0
ENSG00000218980.2,FTH1P15,0.0,0.0,0
ENSG00000151917.17,BEND6,0.0,0.0,0
ENSG00000151914.19,DST,0.0,0.0,0
ENSG00000112305.14,SMAP1,0.0,0.0,0
ENSG00000124749.16,COL21A1,0.0,0.0,0
ENSG00000112175.7,BMP5,0.0,0.0,0
ENSG00000168143.8,FAM83B,0.0,0.0,0
ENSG00000137251.15,TINAG,0.0,0.0,0
ENSG00000146147.14,MLIP,0.0,0.0,0
ENSG00000271218.1,RP3-523E19.2,0.0,0.00013393292,1
ENSG00000137269.14,LRRC1,0.0,0.0,0
ENSG00000146143.17,PRIM2,0.0,0.0,0
ENSG00000239650.4,GUSBP4,0.0,0.0,0
ENSG00000218189.4,POM121L14P,0.0,0.0,0
ENSG00000215190.9,LINC00680,0.0,0.0,0
ENSG00000082269.16,FAM135A,0.0,4.94932e-05,1
ENSG00000082293.12,COL19A1,0.0,0.0,0
ENSG00000219085.1,NPM1P37,0.0,0.0,0
ENSG00000168216.10,LMBRD1,0.0,0.0,0
ENSG00000135298.13,ADGRB3,0.0,0.0,0
ENSG00000214558.4,RP11-74E24.2,0.0,0.0,0
ENSG00000188107.14,EYS,0.0,0.0,0
ENSG00000118482.11,PHF3,0.0,0.0,0
ENSG00000213312.3,RPL7AP34,0.0,0.0,0
ENSG00000112245.10,PTP4A1,0.0,0.0,0
ENSG00000218048.2,RP3-407E4.4,0.0,0.0,0
ENSG00000146166.16,LGSN,0.0,0.0,0
ENSG00000198225.5,FKBP1C,0.0,0.0,0
ENSG00000112232.8,KHDRBS2,0.0,0.0,0
ENSG00000283453.1,RP3-401D24.1,0.0,0.0,0
ENSG00000065833.8,ME1,0.0,0.0,0
ENSG00000219951.4,RP11-378G13.2,0.0,0.0,0
ENSG00000146250.6,PRSS35,0.0,0.0,0
ENSG00000272017.1,RP1-199J3.7,0.0,0.0,0
ENSG00000057663.14,ATG5,0.0,0.0,0
ENSG00000085377.13,PREP,0.0,0.0,0
ENSG00000132429.9,POPDC3,0.0,0.0,0
ENSG00000085382.11,HACE1,0.0,0.0,0
ENSG00000164418.19,GRIK2,0.0,0.0011952443,1
ENSG00000220695.1,RP1-121G13.3,0.0,0.0,0
ENSG00000112249.13,ASCC3,0.0,0.0,0
ENSG00000112237.12,CCNC,0.0,0.0,0
ENSG00000065615.13,CYB5R4,0.0,0.0,0
ENSG00000228439.5,TSTD3,0.0,0.0,0
ENSG00000123552.17,USP45,0.0,0.0,0
ENSG00000132424.14,PNISR,0.0,0.0,0
ENSG00000132423.11,COQ3,0.0,0.0,0
ENSG00000112234.8,FBXL4,0.0,0.0,0
ENSG00000146263.11,MMS22L,0.0,0.0,0
ENSG00000186231.16,KLHL32,0.0,0.0,0
ENSG00000057657.15,PRDM1,0.0,0.0,0
ENSG00000112297.14,AIM1,0.0,0.0,0
ENSG00000282408.1,RP3-335E1.1,0.0,0.0,0
ENSG00000130347.12,RTN4IP1,0.0,0.0,0
ENSG00000228976.1,SUMO2P8,0.0,0.0,0
ENSG00000118689.14,FOXO3,0.0,0.0,0
ENSG00000135537.16,LACE1,0.0,0.0,0
ENSG00000112335.14,SNX3,0.0,0.0,0
ENSG00000081087.14,OSTM1,0.0,0.00012599485,1
ENSG00000272476.1,RP1-191J18.66,0.0,0.0,0
ENSG00000025796.13,SEC63,0.0,0.0,0
ENSG00000146285.13,SCML4,0.0,0.0,0
ENSG00000112320.11,SOBP,0.0,0.0,0
ENSG00000276620.1,RP11-300D11.3,0.0,0.0007224939,1
ENSG00000164494.11,PDSS2,0.0,0.0,0
ENSG00000178409.13,BEND3,0.0,0.0,0
ENSG00000130349.9,C6orf203,0.0,0.0,0
ENSG00000272398.5,CD24,0.0,0.0,0
ENSG00000130348.11,QRSL1,0.0,0.0,0
ENSG00000123545.5,NDUFAF4,0.0,0.0,0
ENSG00000112214.10,FHL5,0.0,0.0,0
ENSG00000014123.9,UFL1,0.0,0.0,0
ENSG00000146282.17,RARS2,0.0,0.0,0
ENSG00000272514.5,CFAP206,0.0,0.0,0
ENSG00000203872.6,C6orf163,0.0,0.0,0
ENSG00000111850.10,SMIM8,0.0,0.0,0
ENSG00000164411.11,GJB7,0.0,3.7547965e-05,1
ENSG00000218313.1,RP11-393I2.2,0.0,0.0,0
ENSG00000188994.12,ZNF292,0.0,0.0,0
ENSG00000135346.8,CGA,0.0,0.0007676145,1
ENSG00000275072.1,SNORD50B,0.0,0.0,0
ENSG00000135316.17,SYNCRIP,0.0,0.0,0
ENSG00000135317.12,SNX14,0.0,0.0,0
ENSG00000135318.11,NT5E,0.0,0.0,0
ENSG00000214460.3,TPT1P6,0.0,0.0,0
ENSG00000112837.16,TBX18,0.0,0.0,0
ENSG00000135315.11,CEP162,0.0,0.0,0
ENSG00000135324.5,MRAP2,0.0,0.0,0
ENSG00000164414.17,SLC35A1,0.0,0.0,0
ENSG00000135336.14,ORC3,0.0,0.0,0
ENSG00000135333.13,EPHA7,0.0,0.0,0
ENSG00000135334.8,AKIRIN2,0.0,0.0,0
ENSG00000135341.17,MAP3K7,0.0,0.0,0
ENSG00000226455.1,RP3-512E2.2,0.0,0.0,0
ENSG00000112182.14,BACH2,0.0,0.0,0
ENSG00000118412.12,CASP8AP2,0.0,0.0,0
ENSG00000228124.1,RP1-122O8.7,0.0,0.0,0
ENSG00000112159.11,MDN1,0.0,0.0,0
ENSG00000083099.10,LYRM2,0.0,0.0,0
ENSG00000135299.16,ANKRD6,0.0,0.0,0
ENSG00000025039.14,RRAGD,0.0,0.0,0
ENSG00000198833.6,UBE2J1,0.0,0.0,0
ENSG00000111886.10,GABRR2,0.0,0.0,0
ENSG00000146281.5,PM20D2,0.0,0.0031740845,3
ENSG00000154548.8,SRSF12,0.0,0.0,0
ENSG00000146278.10,PNRC1,0.0,0.0,0
ENSG00000111880.15,RNGTT,0.0,0.0,0
ENSG00000198727.2,MT-CYB,0.0,0.0,0
